{
  "created_at": "2026-04-17T09:25:54+00:00",
  "script": "01_extract_ringdown_poles.py",
  "script_version": "01_extract_ringdown_poles.py/v1.2",
  "event": "GW170814",
  "ifo": "H1",
  "fs_hz": 4096.0,
  "dt": 0.000244140625,
  "t0_rel": -0.454763671875,
  "duration_s": 0.1,
  "preprocess": {
    "detrend": "mean",
    "hp_hz": 30.0,
    "lp_hz": null
  },
  "window": {
    "t0_rel": -0.454763671875,
    "duration_s": 0.1,
    "i0": 63674,
    "i1": 64083,
    "n_samples": 409,
    "t_rel_start": -0.45458984375,
    "t_rel_end": -0.35498046875
  },
  "fit": {
    "method": "esprit_matrix_pencil",
    "L": 204,
    "rank_used": 2,
    "residual_rms": 0.9633406727819555,
    "relative_rms": 0.9909215135670595,
    "singular_values": [
      29.746333997451654,
      29.633338515645868,
      29.39931602824355,
      29.30547846038066,
      26.830523648138602,
      26.676291209428975,
      26.27885526631999,
      26.211988962164718,
      25.73971243739119,
      25.501942280661467,
      25.307856889424297,
      25.25219095948714,
      25.174906064348907,
      25.096782658423095,
      25.057932494925296,
      24.877485862047727,
      24.264293246281337,
      24.173281246719036,
      23.46538531817954,
      23.44615544958188,
      23.12727463002015,
      23.06712100926345,
      23.048339302048486,
      22.879232211556356,
      22.682419429210192,
      22.619662601238268,
      22.51747165153793,
      22.436834606246112,
      22.354345356771308,
      22.11288655499779,
      22.06612169075574,
      22.052184911292148,
      21.922383833825133,
      21.87432118276143,
      21.591679076706704,
      21.35169904962468,
      21.170822049646944,
      20.98050055469245,
      20.870326962497234,
      20.853787859103427,
      19.456754287865166,
      19.382916492084675,
      19.342504731242162,
      19.302933395654847,
      19.086372542121087,
      18.8129349153247,
      18.654403851833358,
      18.343050882296396,
      18.178699252437582,
      18.101220779918407,
      18.00216855730526,
      17.966052223008553,
      17.881029176829205,
      17.761804575795527,
      17.69717236016163,
      17.168264036941366,
      17.044189380974903,
      16.993146866127542,
      16.867635844569286,
      16.766642681891277,
      16.58108242693672,
      16.555719704369665,
      16.37375162401634,
      16.303893184880128
    ],
    "singular_values_truncated": true
  },
  "poles": [
    {
      "i": 0,
      "z": [
        0.6308630863689313,
        -0.7735384436924474
      ],
      "q": [
        -7.488962653709483,
        -3631.6871838657094
      ],
      "omega_qnm": [
        3631.6871838657094,
        -7.488962653709483
      ],
      "freq_hz": 578.0009670757127,
      "damping_1_over_s": 7.488962653709483,
      "a": [
        0.04290815677894634,
        0.0552763163758281
      ],
      "amp_abs": 0.06997557481183903
    },
    {
      "i": 1,
      "z": [
        -0.6889507533433147,
        -0.7212066647747112
      ],
      "q": [
        -10.6934559540526,
        -9557.297148397212
      ],
      "omega_qnm": [
        9557.297148397212,
        -10.6934559540526
      ],
      "freq_hz": 1521.091083765492,
      "damping_1_over_s": 10.6934559540526,
      "a": [
        0.09912061647617777,
        -0.06773693481972937
      ],
      "amp_abs": 0.12005494137847801
    }
  ]
}
