i,omega_re,omega_im,freq_hz,damping_1_over_s,amp_abs,a_re,a_im,z_re,z_im,q_re,q_im
0,8.495303072302500368e+03,-5.446337386408821146e+00,1.352069477020708064e+03,5.446337386408821146e+00,1.149213022615029473e-01,-3.981980991153089011e-02,-1.078020799989001660e-01,-4.816362933920186329e-01,-8.748546561484271678e-01,-5.446337386408821146e+00,-8.495303072302500368e+03
1,3.631687183865709358e+03,-7.488962653709482886e+00,5.780009670757126514e+02,7.488962653709482886e+00,6.997557481183902528e-02,4.290815677894634084e-02,5.527631637582809676e-02,6.308630863689312918e-01,-7.735384436924473972e-01,-7.488962653709482886e+00,-3.631687183865709358e+03
2,9.557297148397212368e+03,-1.069345595405260063e+01,1.521091083765491931e+03,1.069345595405260063e+01,1.200549413784780112e-01,9.912061647617777249e-02,-6.773693481972936636e-02,-6.889507533433146813e-01,-7.212066647747111814e-01,-1.069345595405260063e+01,-9.557297148397212368e+03
3,8.113959024590299123e+03,-2.099753847018187258e+01,1.291376686808639761e+03,2.099753847018187258e+01,2.115054284122541983e-01,7.858287792294875451e-02,1.963651637770766345e-01,-3.967086444142351453e-01,-9.123715947597899056e-01,-2.099753847018187258e+01,-8.113959024590299123e+03
