{
  "created_at": "2026-04-17T09:25:54+00:00",
  "script": "01_extract_ringdown_poles.py",
  "script_version": "01_extract_ringdown_poles.py/v1.2",
  "event": "GW170814",
  "ifo": "H1+L1",
  "fs_hz": 4096.0,
  "dt": 0.000244140625,
  "t0_rel": -0.454763671875,
  "duration_s": 0.1,
  "preprocess": {
    "detrend": "mean",
    "hp_hz": 30.0,
    "lp_hz": null
  },
  "window": {
    "t0_rel": -0.454763671875,
    "duration_s": 0.1,
    "i0": 63674,
    "i1": 64083,
    "n_samples": 409,
    "t_rel_start": -0.45458984375,
    "t_rel_end": -0.35498046875
  },
  "fit": {
    "method": "esprit_matrix_pencil",
    "L": 204,
    "rank_used": 4,
    "residual_rms": NaN,
    "relative_rms": NaN,
    "singular_values": [],
    "singular_values_truncated": false
  },
  "poles": [
    {
      "i": 0,
      "z": [
        -0.48163629339201863,
        -0.8748546561484272
      ],
      "q": [
        -5.446337386408821,
        -8495.3030723025
      ],
      "omega_qnm": [
        8495.3030723025,
        -5.446337386408821
      ],
      "freq_hz": 1352.069477020708,
      "damping_1_over_s": 5.446337386408821,
      "a": [
        -0.03981980991153089,
        -0.10780207999890017
      ],
      "amp_abs": 0.11492130226150295
    },
    {
      "i": 1,
      "z": [
        0.6308630863689313,
        -0.7735384436924474
      ],
      "q": [
        -7.488962653709483,
        -3631.6871838657094
      ],
      "omega_qnm": [
        3631.6871838657094,
        -7.488962653709483
      ],
      "freq_hz": 578.0009670757127,
      "damping_1_over_s": 7.488962653709483,
      "a": [
        0.04290815677894634,
        0.0552763163758281
      ],
      "amp_abs": 0.06997557481183903
    },
    {
      "i": 2,
      "z": [
        -0.6889507533433147,
        -0.7212066647747112
      ],
      "q": [
        -10.6934559540526,
        -9557.297148397212
      ],
      "omega_qnm": [
        9557.297148397212,
        -10.6934559540526
      ],
      "freq_hz": 1521.091083765492,
      "damping_1_over_s": 10.6934559540526,
      "a": [
        0.09912061647617777,
        -0.06773693481972937
      ],
      "amp_abs": 0.12005494137847801
    },
    {
      "i": 3,
      "z": [
        -0.39670864441423515,
        -0.9123715947597899
      ],
      "q": [
        -20.997538470181873,
        -8113.959024590299
      ],
      "omega_qnm": [
        8113.959024590299,
        -20.997538470181873
      ],
      "freq_hz": 1291.3766868086398,
      "damping_1_over_s": 20.997538470181873,
      "a": [
        0.07858287792294875,
        0.19636516377707663
      ],
      "amp_abs": 0.2115054284122542
    }
  ]
}
