{
  "created_at": "2026-04-17T09:25:54+00:00",
  "script": "01_extract_ringdown_poles.py",
  "script_version": "01_extract_ringdown_poles.py/v1.2",
  "event": "GW170814",
  "ifo": "L1",
  "fs_hz": 4096.0,
  "dt": 0.000244140625,
  "t0_rel": -0.454763671875,
  "duration_s": 0.1,
  "preprocess": {
    "detrend": "mean",
    "hp_hz": 30.0,
    "lp_hz": null
  },
  "window": {
    "t0_rel": -0.454763671875,
    "duration_s": 0.1,
    "i0": 63674,
    "i1": 64083,
    "n_samples": 409,
    "t_rel_start": -0.45458984375,
    "t_rel_end": -0.35498046875
  },
  "fit": {
    "method": "esprit_matrix_pencil",
    "L": 204,
    "rank_used": 2,
    "residual_rms": 0.9288626931462917,
    "relative_rms": 0.9793210844208642,
    "singular_values": [
      31.84488246339439,
      31.820675234194788,
      29.583232532117762,
      29.551392206983078,
      27.56547563004144,
      27.488548828093048,
      27.180017979178363,
      27.13320465012762,
      25.86927104540452,
      25.67650296548701,
      25.62602784823659,
      25.48650715238455,
      25.287181321364653,
      25.099203330334564,
      25.008318207935847,
      24.80859389235915,
      24.326538409514765,
      24.275740947479665,
      23.718142690994842,
      23.510599818276738,
      22.518564023856047,
      22.44785549704226,
      21.642427901314512,
      21.622834810933764,
      21.44470550267298,
      21.331947263571415,
      20.92929461891963,
      20.88418516570754,
      20.76299459412126,
      20.736521813335163,
      20.559020221076516,
      20.554543401597666,
      19.699644687601307,
      19.629184056790276,
      19.462188955685605,
      19.28680432331913,
      19.139680913537006,
      19.071709059194216,
      18.869650159572593,
      18.7335332023487,
      18.660317697966946,
      18.47947000516206,
      18.41694671209497,
      18.213260904261798,
      18.15192302414062,
      18.11984740801264,
      18.073446792000794,
      17.714091732054925,
      17.6901776756522,
      17.549943593666214,
      17.452784779264487,
      17.408415784748485,
      17.29139090658052,
      17.120222401812445,
      17.085577841079605,
      16.953997806956032,
      16.870472241991884,
      16.826296498715166,
      16.79497420571021,
      16.60546747250626,
      16.379632208311982,
      16.329158186353972,
      15.895428706622091,
      15.447570511005754
    ],
    "singular_values_truncated": true
  },
  "poles": [
    {
      "i": 0,
      "z": [
        -0.48163629339201863,
        -0.8748546561484272
      ],
      "q": [
        -5.446337386408821,
        -8495.3030723025
      ],
      "omega_qnm": [
        8495.3030723025,
        -5.446337386408821
      ],
      "freq_hz": 1352.069477020708,
      "damping_1_over_s": 5.446337386408821,
      "a": [
        -0.03981980991153089,
        -0.10780207999890017
      ],
      "amp_abs": 0.11492130226150295
    },
    {
      "i": 1,
      "z": [
        -0.39670864441423515,
        -0.9123715947597899
      ],
      "q": [
        -20.997538470181873,
        -8113.959024590299
      ],
      "omega_qnm": [
        8113.959024590299,
        -20.997538470181873
      ],
      "freq_hz": 1291.3766868086398,
      "damping_1_over_s": 20.997538470181873,
      "a": [
        0.07858287792294875,
        0.19636516377707663
      ],
      "amp_abs": 0.2115054284122542
    }
  ]
}
