{
  "created_at": "2026-04-17T09:25:53+00:00",
  "script": "01_extract_ringdown_poles.py",
  "script_version": "01_extract_ringdown_poles.py/v1.2",
  "event": "GW150914",
  "ifo": "L1",
  "fs_hz": 4096.0,
  "dt": 0.000244140625,
  "t0_rel": 0.02145693588256836,
  "duration_s": 0.08,
  "preprocess": {
    "detrend": "mean",
    "hp_hz": 30.0,
    "lp_hz": null
  },
  "window": {
    "t0_rel": 0.02145693588256836,
    "duration_s": 0.08,
    "i0": 65625,
    "i1": 65952,
    "n_samples": 327,
    "t_rel_start": 0.02163076400756836,
    "t_rel_end": 0.10122060775756836
  },
  "fit": {
    "method": "esprit_matrix_pencil",
    "L": 163,
    "rank_used": 2,
    "residual_rms": 0.9629626366145937,
    "relative_rms": 0.9748603116524766,
    "singular_values": [
      25.789543790234074,
      25.45900549501073,
      24.855249771235382,
      24.58485466396705,
      24.475577452652846,
      24.204368170620704,
      24.106356150621103,
      24.08249070713064,
      23.37251175892685,
      22.912075226869625,
      21.769069596534127,
      21.688321934200477,
      21.53733634300383,
      21.4208759875567,
      21.075481966874833,
      20.99459027453582,
      19.40276982265291,
      19.358829466240216,
      18.83761957919164,
      18.645676409213095,
      18.60189702923628,
      18.519344881909714,
      18.29276090844541,
      18.22600262237352,
      18.162901898618117,
      18.083786254589445,
      17.859765924194168,
      17.67603188303682,
      17.523514669775587,
      17.409767606439456,
      17.356922606578216,
      17.33103735906407,
      17.18148540575241,
      17.165462780243544,
      16.94793390681579,
      16.687169991230984,
      16.502130458362632,
      16.190741696622286,
      16.053536065797694,
      15.809319794304859,
      15.455002014054832,
      15.347672001550906,
      15.195384635798119,
      14.830657565189572,
      14.629426933874969,
      14.37365752526556,
      14.032504476490324,
      13.993317286290525,
      13.904699092602156,
      13.794563568960335,
      13.334308551126623,
      13.088418047950652,
      13.039647883107707,
      13.012705899551076,
      12.966443217673735,
      12.626986382332069,
      12.423893148484607,
      12.323548041857054,
      12.177276545467308,
      12.016093143356567,
      11.803672578624,
      11.763189822523124,
      11.554322193500601,
      11.467003939734132
    ],
    "singular_values_truncated": true
  },
  "poles": [
    {
      "i": 0,
      "z": [
        -0.621330801996868,
        -0.7591202028512377
      ],
      "q": [
        -78.66977005613651,
        -9243.481031324394
      ],
      "omega_qnm": [
        9243.481031324394,
        -78.66977005613651
      ],
      "freq_hz": 1471.1456975114481,
      "damping_1_over_s": 78.66977005613651,
      "a": [
        -0.2826514506606417,
        -0.03821541886244594
      ],
      "amp_abs": 0.2852231771777976
    },
    {
      "i": 1,
      "z": [
        0.7439934604525117,
        -0.15368387389163865
      ],
      "q": [
        -1125.7072440305326,
        -834.3598348771313
      ],
      "omega_qnm": [
        834.3598348771313,
        -1125.7072440305326
      ],
      "freq_hz": 132.79249203803303,
      "damping_1_over_s": 1125.7072440305326,
      "a": [
        -0.2761059435964183,
        3.169495206997311
      ],
      "amp_abs": 3.1814987599036075
    }
  ]
}
