{
  "created_at": "2026-04-17T09:25:53+00:00",
  "script": "01_extract_ringdown_poles.py",
  "script_version": "01_extract_ringdown_poles.py/v1.2",
  "event": "GW150914",
  "ifo": "H1+L1",
  "fs_hz": 4096.0,
  "dt": 0.000244140625,
  "t0_rel": 0.02145693588256836,
  "duration_s": 0.08,
  "preprocess": {
    "detrend": "mean",
    "hp_hz": 30.0,
    "lp_hz": null
  },
  "window": {
    "t0_rel": 0.02145693588256836,
    "duration_s": 0.08,
    "i0": 65625,
    "i1": 65952,
    "n_samples": 327,
    "t_rel_start": 0.02163076400756836,
    "t_rel_end": 0.10122060775756836
  },
  "fit": {
    "method": "esprit_matrix_pencil",
    "L": 163,
    "rank_used": 4,
    "residual_rms": NaN,
    "relative_rms": NaN,
    "singular_values": [],
    "singular_values_truncated": false
  },
  "poles": [
    {
      "i": 0,
      "z": [
        -0.8038464246574589,
        -0.5684225522696704
      ],
      "q": [
        -63.91540127174992,
        -10346.899874030825
      ],
      "omega_qnm": [
        10346.899874030825,
        -63.91540127174992
      ],
      "freq_hz": 1646.7602606289151,
      "damping_1_over_s": 63.91540127174992,
      "a": [
        -0.13742328667467463,
        0.1884599559720933
      ],
      "amp_abs": 0.23324303789282363
    },
    {
      "i": 1,
      "z": [
        -0.621330801996868,
        -0.7591202028512377
      ],
      "q": [
        -78.66977005613651,
        -9243.481031324394
      ],
      "omega_qnm": [
        9243.481031324394,
        -78.66977005613651
      ],
      "freq_hz": 1471.1456975114481,
      "damping_1_over_s": 78.66977005613651,
      "a": [
        -0.2826514506606417,
        -0.03821541886244594
      ],
      "amp_abs": 0.2852231771777976
    },
    {
      "i": 2,
      "z": [
        0.9222755069163306,
        -0.30488790569953017
      ],
      "q": [
        -119.00364953525406,
        -1307.740294948879
      ],
      "omega_qnm": [
        1307.740294948879,
        -119.00364953525406
      ],
      "freq_hz": 208.13333222156726,
      "damping_1_over_s": 119.00364953525406,
      "a": [
        -0.7917175581653179,
        1.5633111106612134
      ],
      "amp_abs": 1.7523579316521072
    },
    {
      "i": 3,
      "z": [
        0.7439934604525117,
        -0.15368387389163865
      ],
      "q": [
        -1125.7072440305326,
        -834.3598348771313
      ],
      "omega_qnm": [
        834.3598348771313,
        -1125.7072440305326
      ],
      "freq_hz": 132.79249203803303,
      "damping_1_over_s": 1125.7072440305326,
      "a": [
        -0.2761059435964183,
        3.169495206997311
      ],
      "amp_abs": 3.1814987599036075
    }
  ]
}
