{
  "created_at": "2026-04-17T10:21:47+00:00",
  "script": "01_extract_ringdown_poles.py",
  "script_version": "01_extract_ringdown_poles.py/v1.2",
  "event": "GW190521_030229",
  "ifo": "H1+L1",
  "fs_hz": 4096.0,
  "dt": 0.000244140625,
  "t0_rel": 0.03660537338256836,
  "duration_s": 0.05,
  "preprocess": {
    "detrend": "mean",
    "hp_hz": 30.0,
    "lp_hz": null
  },
  "window": {
    "t0_rel": 0.03660537338256836,
    "duration_s": 0.05,
    "i0": 63229,
    "i1": 63434,
    "n_samples": 205,
    "t_rel_start": 0.03676748275756836,
    "t_rel_end": 0.08657217025756836
  },
  "fit": {
    "method": "esprit_matrix_pencil",
    "L": 102,
    "rank_used": 3,
    "residual_rms": NaN,
    "relative_rms": NaN,
    "singular_values": [],
    "singular_values_truncated": false
  },
  "poles": [
    {
      "i": 0,
      "z": [
        0.9881750876183732,
        -0.09475681633280729
      ],
      "q": [
        -29.97811826694968,
        -391.5711306645107
      ],
      "omega_qnm": [
        391.5711306645107,
        -29.97811826694968
      ],
      "freq_hz": 62.32048101733931,
      "damping_1_over_s": 29.97811826694968,
      "a": [
        0.16271812873254288,
        0.8398970748502381
      ],
      "amp_abs": 0.8555140476697076
    },
    {
      "i": 1,
      "z": [
        0.9856290077903911,
        -0.10593666029282241
      ],
      "q": [
        -35.76730318335499,
        -438.5596847907375
      ],
      "omega_qnm": [
        438.5596847907375,
        -35.76730318335499
      ],
      "freq_hz": 69.79894167526939,
      "damping_1_over_s": 35.76730318335499,
      "a": [
        0.5995182325630333,
        -0.20085182278939462
      ],
      "amp_abs": 0.632268586831044
    },
    {
      "i": 2,
      "z": [
        -0.13872794312234904,
        -0.9125518766496986
      ],
      "q": [
        -328.0343305905714,
        -7051.932352379434
      ],
      "omega_qnm": [
        7051.932352379434,
        -328.0343305905714
      ],
      "freq_hz": 1122.3498922308445,
      "damping_1_over_s": 328.0343305905714,
      "a": [
        -0.0015491176394467968,
        -0.913966007433185
      ],
      "amp_abs": 0.9139673202630483
    }
  ]
}
