{
  "created_at": "2026-04-17T10:21:47+00:00",
  "script": "01_extract_ringdown_poles.py",
  "script_version": "01_extract_ringdown_poles.py/v1.2",
  "event": "GW190521_030229",
  "ifo": "L1",
  "fs_hz": 4096.0,
  "dt": 0.000244140625,
  "t0_rel": 0.03660537338256836,
  "duration_s": 0.05,
  "preprocess": {
    "detrend": "mean",
    "hp_hz": 30.0,
    "lp_hz": null
  },
  "window": {
    "t0_rel": 0.03660537338256836,
    "duration_s": 0.05,
    "i0": 63229,
    "i1": 63434,
    "n_samples": 205,
    "t_rel_start": 0.03676748275756836,
    "t_rel_end": 0.08657217025756836
  },
  "fit": {
    "method": "esprit_matrix_pencil",
    "L": 102,
    "rank_used": 1,
    "residual_rms": 0.9645451555528313,
    "relative_rms": 0.8223252791557956,
    "singular_values": [
      50.567525050972144,
      44.24908294958239,
      20.739473594356625,
      19.58455972671445,
      19.39562972970264,
      19.302175005608813,
      18.52279228703431,
      18.394533609662652,
      18.06422105244607,
      17.942271757043294,
      16.969318680855054,
      16.72982763286409,
      16.295244377386013,
      16.206948553618727,
      15.200621853801737,
      14.675724467581432,
      14.647262445243333,
      14.15189426364637,
      14.067712178325891,
      13.899713262900455,
      13.848178217363657,
      13.565077415695363,
      12.971071956561966,
      12.885782027338216,
      12.587727838046499,
      12.49437171068073,
      12.157903237380431,
      11.992549380518787,
      11.543543173255594,
      11.4422645406317,
      11.365749305488944,
      11.20416795736259,
      11.049555939028492,
      10.967345823834522,
      10.812421858223036,
      10.790373768726628,
      10.462955319303333,
      10.141772352103574,
      9.637427358837957,
      9.463118591285538,
      9.444232701855405,
      9.306114805097748,
      9.26913795710797,
      9.230829835091686,
      9.203268787130186,
      8.959361840900835,
      8.832708665583617,
      8.72192742554748,
      8.546905008034704,
      8.478252050673936,
      8.27721746087685,
      8.135828167759135,
      8.014385021036436,
      7.8952777432776875,
      7.73130672835149,
      7.611178015090517,
      7.533631311342908,
      7.4481058448992865,
      7.444831516493109,
      7.351407655166225,
      6.995365443540669,
      6.969742950390194,
      6.140570111255882,
      6.042303578921778
    ],
    "singular_values_truncated": true
  },
  "poles": [
    {
      "i": 0,
      "z": [
        0.9881750876183732,
        -0.09475681633280729
      ],
      "q": [
        -29.97811826694968,
        -391.5711306645107
      ],
      "omega_qnm": [
        391.5711306645107,
        -29.97811826694968
      ],
      "freq_hz": 62.32048101733931,
      "damping_1_over_s": 29.97811826694968,
      "a": [
        0.16271812873254288,
        0.8398970748502381
      ],
      "amp_abs": 0.8555140476697076
    }
  ]
}
