{
  "created_at": "2026-04-17T10:21:47+00:00",
  "script": "01_extract_ringdown_poles.py",
  "script_version": "01_extract_ringdown_poles.py/v1.2",
  "event": "GW190521_030229",
  "ifo": "H1",
  "fs_hz": 4096.0,
  "dt": 0.000244140625,
  "t0_rel": 0.03660537338256836,
  "duration_s": 0.05,
  "preprocess": {
    "detrend": "mean",
    "hp_hz": 30.0,
    "lp_hz": null
  },
  "window": {
    "t0_rel": 0.03660537338256836,
    "duration_s": 0.05,
    "i0": 63229,
    "i1": 63434,
    "n_samples": 205,
    "t_rel_start": 0.03676748275756836,
    "t_rel_end": 0.08657217025756836
  },
  "fit": {
    "method": "esprit_matrix_pencil",
    "L": 102,
    "rank_used": 2,
    "residual_rms": 1.002473866334482,
    "relative_rms": 0.8939713157514895,
    "singular_values": [
      32.24004399069803,
      32.18383735790546,
      20.95438345579623,
      20.7738163320215,
      20.187540566527932,
      20.068878634013775,
      19.653372415815827,
      19.54320663046079,
      17.948149992787016,
      17.180491132134723,
      16.581590743742826,
      16.453078256641753,
      16.21301602418798,
      16.13815354242394,
      15.81865060169726,
      15.788433684113219,
      14.297979594156413,
      14.079802357057467,
      14.00397630971713,
      13.80392688515015,
      13.426694419813707,
      13.03607610312048,
      13.012336653544692,
      12.826964704729118,
      12.509623584823654,
      12.481665167337198,
      12.22395669912737,
      12.216160975156885,
      12.135898095529326,
      12.07495998688716,
      12.036084270537714,
      11.704962577788262,
      11.556324707643398,
      11.31865394114468,
      10.989523724244288,
      10.935937491863768,
      10.716934500227012,
      10.689313688370559,
      10.536616199468684,
      10.238821223296688,
      10.18808143155419,
      10.09545272668316,
      9.635889016714353,
      9.56412119931828,
      9.219376576035234,
      9.12108620472449,
      8.95226046328686,
      8.78153345668091,
      8.734701837007709,
      8.72314704291552,
      8.675051045900291,
      8.565592252175403,
      8.11764365474181,
      7.926142260661523,
      7.771631425693774,
      7.724959385979091,
      7.625971614134998,
      7.478107492205469,
      7.127224369213467,
      6.8252571973711245,
      6.77319208432844,
      6.682350168314318,
      6.290088393478975,
      6.141329358291009
    ],
    "singular_values_truncated": true
  },
  "poles": [
    {
      "i": 0,
      "z": [
        0.9856290077903911,
        -0.10593666029282241
      ],
      "q": [
        -35.76730318335499,
        -438.5596847907375
      ],
      "omega_qnm": [
        438.5596847907375,
        -35.76730318335499
      ],
      "freq_hz": 69.79894167526939,
      "damping_1_over_s": 35.76730318335499,
      "a": [
        0.5995182325630333,
        -0.20085182278939462
      ],
      "amp_abs": 0.632268586831044
    },
    {
      "i": 1,
      "z": [
        -0.13872794312234904,
        -0.9125518766496986
      ],
      "q": [
        -328.0343305905714,
        -7051.932352379434
      ],
      "omega_qnm": [
        7051.932352379434,
        -328.0343305905714
      ],
      "freq_hz": 1122.3498922308445,
      "damping_1_over_s": 328.0343305905714,
      "a": [
        -0.0015491176394467968,
        -0.913966007433185
      ],
      "amp_abs": 0.9139673202630483
    }
  ]
}
