{
  "created_at": "2026-04-17T08:07:25+00:00",
  "script": "01_extract_ringdown_poles.py",
  "script_version": "01_extract_ringdown_poles.py/v1.2",
  "event": "GW170104",
  "ifo": "H1",
  "fs_hz": 4096.0,
  "dt": 0.000244140625,
  "t0_rel": 0.13932822036743164,
  "duration_s": 0.05,
  "preprocess": {
    "detrend": "mean",
    "hp_hz": 30.0,
    "lp_hz": null
  },
  "window": {
    "t0_rel": 0.13932822036743164,
    "duration_s": 0.05,
    "i0": 66108,
    "i1": 66313,
    "n_samples": 205,
    "t_rel_start": 0.13950204849243164,
    "t_rel_end": 0.18930673599243164
  },
  "fit": {
    "method": "esprit_matrix_pencil",
    "L": 102,
    "rank_used": 2,
    "residual_rms": 0.9799742266131175,
    "relative_rms": 0.9908845705691041,
    "singular_values": [
      20.012432273537655,
      19.94044962593515,
      17.556276123302002,
      17.48237626336011,
      17.365142207909194,
      17.231002050735263,
      16.749992491789726,
      16.631619797144776,
      16.615968027925028,
      16.450120545427907,
      16.18700191499996,
      16.011461144145898,
      15.969066202882189,
      15.952957547236874,
      15.673679084065675,
      15.531784168367018,
      15.24331419242012,
      15.05507644277925,
      14.58258691663082,
      14.420501433799123,
      14.328911321539511,
      14.116907018035024,
      13.434945876853853,
      13.285120835836782,
      12.991044925809064,
      12.84544967506545,
      12.618145526081417,
      12.333234460242734,
      12.302505193016563,
      12.22739688794611,
      12.158603246091054,
      11.573448380958764,
      11.536560673135806,
      11.48275763116867,
      11.327030008565245,
      10.947733536219296,
      10.820848806341658,
      10.811197517814213,
      10.300485537675549,
      10.193523527076566,
      10.038325834107317,
      9.815399054774385,
      9.485267446187091,
      9.435983878622238,
      9.169530919444096,
      8.912798328371949,
      8.906095773690573,
      8.667430284008638,
      8.60095914009678,
      8.256798365276339,
      8.036448530000788,
      7.773252803616564,
      7.660536446005339,
      7.532929859878796,
      7.4884993899546854,
      6.975939059916603,
      6.76102557161224,
      6.504193796432339,
      6.237823273850905,
      5.848252822558438,
      5.720569514871614,
      5.577844127521758,
      5.483246571735537,
      5.322067148137275
    ],
    "singular_values_truncated": true
  },
  "poles": [
    {
      "i": 0,
      "z": [
        -0.5532108435061461,
        -0.8313703754477653
      ],
      "q": [
        -5.703548500610839,
        -8838.904478819952
      ],
      "omega_qnm": [
        8838.904478819952,
        -5.703548500610839
      ],
      "freq_hz": 1406.7553393212884,
      "damping_1_over_s": 5.703548500610839,
      "a": [
        -0.10004945565533875,
        0.035370508409862306
      ],
      "amp_abs": 0.10611770088963356
    },
    {
      "i": 1,
      "z": [
        0.2710403956375712,
        -0.8750270049476964
      ],
      "q": [
        -359.18539645387716,
        -5203.631882245626
      ],
      "omega_qnm": [
        5203.631882245626,
        -359.18539645387716
      ],
      "freq_hz": 828.1837360899749,
      "damping_1_over_s": 359.18539645387716,
      "a": [
        0.06691097057008519,
        -0.10208153969009201
      ],
      "amp_abs": 0.12205621134596403
    }
  ]
}
