{
  "created_at": "2026-04-17T08:07:25+00:00",
  "script": "01_extract_ringdown_poles.py",
  "script_version": "01_extract_ringdown_poles.py/v1.2",
  "event": "GW170104",
  "ifo": "H1+L1",
  "fs_hz": 4096.0,
  "dt": 0.000244140625,
  "t0_rel": 0.13932822036743164,
  "duration_s": 0.05,
  "preprocess": {
    "detrend": "mean",
    "hp_hz": 30.0,
    "lp_hz": null
  },
  "window": {
    "t0_rel": 0.13932822036743164,
    "duration_s": 0.05,
    "i0": 66108,
    "i1": 66313,
    "n_samples": 205,
    "t_rel_start": 0.13950204849243164,
    "t_rel_end": 0.18930673599243164
  },
  "fit": {
    "method": "esprit_matrix_pencil",
    "L": 102,
    "rank_used": 4,
    "residual_rms": NaN,
    "relative_rms": NaN,
    "singular_values": [],
    "singular_values_truncated": false
  },
  "poles": [
    {
      "i": 0,
      "z": [
        -0.5532108435061461,
        -0.8313703754477653
      ],
      "q": [
        -5.703548500610839,
        -8838.904478819952
      ],
      "omega_qnm": [
        8838.904478819952,
        -5.703548500610839
      ],
      "freq_hz": 1406.7553393212884,
      "damping_1_over_s": 5.703548500610839,
      "a": [
        -0.10004945565533875,
        0.035370508409862306
      ],
      "amp_abs": 0.10611770088963356
    },
    {
      "i": 1,
      "z": [
        -0.8852568848056246,
        -0.45759654283118334
      ],
      "q": [
        -14.233078840223097,
        -10913.833624894021
      ],
      "omega_qnm": [
        10913.833624894021,
        -14.233078840223097
      ],
      "freq_hz": 1736.9905694844217,
      "damping_1_over_s": 14.233078840223097,
      "a": [
        -0.11021260966837115,
        0.11876159404753053
      ],
      "amp_abs": 0.16202202180760236
    },
    {
      "i": 2,
      "z": [
        0.8834446842639472,
        -0.31834743626631834
      ],
      "q": [
        -257.5724107098222,
        -1416.6570233047764
      ],
      "omega_qnm": [
        1416.6570233047764,
        -257.5724107098222
      ],
      "freq_hz": 225.46796792480555,
      "damping_1_over_s": 257.5724107098222,
      "a": [
        -0.2766749067562148,
        -0.06049440853035374
      ],
      "amp_abs": 0.283211188853826
    },
    {
      "i": 3,
      "z": [
        0.2710403956375712,
        -0.8750270049476964
      ],
      "q": [
        -359.18539645387716,
        -5203.631882245626
      ],
      "omega_qnm": [
        5203.631882245626,
        -359.18539645387716
      ],
      "freq_hz": 828.1837360899749,
      "damping_1_over_s": 359.18539645387716,
      "a": [
        0.06691097057008519,
        -0.10208153969009201
      ],
      "amp_abs": 0.12205621134596403
    }
  ]
}
