{
  "created_at": "2026-04-17T09:25:53+00:00",
  "script": "01_extract_ringdown_poles.py",
  "script_version": "01_extract_ringdown_poles.py/v1.2",
  "event": "GW190521_030229",
  "ifo": "L1",
  "fs_hz": 4096.0,
  "dt": 0.000244140625,
  "t0_rel": 0.03610537338256836,
  "duration_s": 0.08,
  "preprocess": {
    "detrend": "mean",
    "hp_hz": 30.0,
    "lp_hz": null
  },
  "window": {
    "t0_rel": 0.03610537338256836,
    "duration_s": 0.08,
    "i0": 63227,
    "i1": 63554,
    "n_samples": 327,
    "t_rel_start": 0.03627920150756836,
    "t_rel_end": 0.11586904525756836
  },
  "fit": {
    "method": "esprit_matrix_pencil",
    "L": 163,
    "rank_used": 2,
    "residual_rms": 0.9401128214901078,
    "relative_rms": 0.8699972043621474,
    "singular_values": [
      58.51273383944295,
      51.637451885981775,
      29.28450607534085,
      29.001216311078554,
      23.494454567724162,
      23.47551955984892,
      22.57271466389816,
      22.428454862850607,
      22.364860861044246,
      22.302987746654967,
      21.598824442332337,
      21.52309568801913,
      21.007385277502426,
      20.882635570017296,
      20.828732220158116,
      20.760724977829653,
      20.45175552237861,
      20.392943756649526,
      19.870193721209084,
      19.823821903031167,
      19.380165837225952,
      19.26958909690501,
      18.95732439826503,
      18.88420413733852,
      18.528115443901896,
      18.19674536722569,
      18.172801347108717,
      18.00797207081371,
      17.829741163822685,
      17.765856360274643,
      17.64541570904874,
      17.29370506830771,
      17.093709814057906,
      16.787640288678116,
      16.744595006531,
      16.71821071913725,
      16.67957239597716,
      16.4047367116836,
      16.016737519036717,
      15.848910395407064,
      15.807931585501372,
      15.595021117133815,
      15.447143223328895,
      15.395014896723213,
      14.678686904919413,
      14.670007025999848,
      14.39762471033901,
      14.275001639371988,
      14.198245642434083,
      14.10113948270646,
      13.909897594036666,
      13.860758378300707,
      13.33500862522658,
      13.236524184726408,
      12.878627459143582,
      12.797454333322833,
      12.728976372103158,
      12.661844724526569,
      12.606579270957818,
      12.489724976407642,
      12.262091705987686,
      11.965458635648666,
      11.573413393868542,
      11.386435355952319
    ],
    "singular_values_truncated": true
  },
  "poles": [
    {
      "i": 0,
      "z": [
        0.9744353939435741,
        -0.21575189060308958
      ],
      "q": [
        -8.057886296505103,
        -892.5057687688636
      ],
      "omega_qnm": [
        892.5057687688636,
        -8.057886296505103
      ],
      "freq_hz": 142.0467048375968,
      "damping_1_over_s": 8.057886296505103,
      "a": [
        -0.14561602870796364,
        -0.008649018445652384
      ],
      "amp_abs": 0.14587266137543295
    },
    {
      "i": 1,
      "z": [
        0.988565434887879,
        -0.09539139310056405
      ],
      "q": [
        -28.12462448714889,
        -394.02264839318116
      ],
      "omega_qnm": [
        394.02264839318116,
        -28.12462448714889
      ],
      "freq_hz": 62.710652181934634,
      "damping_1_over_s": 28.12462448714889,
      "a": [
        -0.018858262832300188,
        0.7608259947460295
      ],
      "amp_abs": 0.7610596746368432
    }
  ]
}
