{
  "created_at": "2026-04-19T20:29:41+00:00",
  "script": "01_extract_ringdown_poles.py",
  "script_version": "01_extract_ringdown_poles.py/v1.3",
  "event": "GW170814",
  "ifo": "H1+L1",
  "fs_hz": 4096.0,
  "dt": 0.000244140625,
  "t0_rel": 0.03578515625,
  "duration_s": 0.013,
  "preprocess": {
    "detrend": "mean",
    "hp_hz": 30.0,
    "lp_hz": null
  },
  "window": {
    "t0_rel": 0.03578515625,
    "duration_s": 0.013,
    "i0": 65683,
    "i1": 65736,
    "n_samples": 53,
    "t_rel_start": 0.035888671875,
    "t_rel_end": 0.048583984375
  },
  "fit": {
    "method": "esprit_matrix_pencil",
    "L": 26,
    "rank_used": 2,
    "residual_rms": 1.064962218453291,
    "relative_rms": 0.9583197457414585,
    "singular_values": [],
    "singular_values_truncated": false
  },
  "poles": [
    {
      "i": 0,
      "z": [
        0.8765505156549591,
        -0.40548413883287737
      ],
      "q": [
        -142.5598112784778,
        -1774.6940075570083
      ],
      "omega_qnm": [
        1774.6940075570083,
        -142.5598112784778
      ],
      "freq_hz": 282.4513237782633,
      "damping_1_over_s": 142.5598112784778,
      "a": [
        0.3997049528731468,
        -0.1696466590073502
      ],
      "amp_abs": 0.4342165799041771
    },
    {
      "i": 1,
      "z": [
        -0.23477772543013553,
        -0.8120556781415358
      ],
      "q": [
        -688.3231764608773,
        -7586.764767987952
      ],
      "omega_qnm": [
        7586.764767987952,
        -688.3231764608773
      ],
      "freq_hz": 1207.4711149007192,
      "damping_1_over_s": 688.3231764608773,
      "a": [
        0.01781433792747635,
        0.1492784307428882
      ],
      "amp_abs": 0.15033762177463628
    }
  ]
}
