{
  "created_at": "2026-04-19T20:29:41+00:00",
  "script": "01_extract_ringdown_poles.py",
  "script_version": "01_extract_ringdown_poles.py/v1.3",
  "event": "GW170814",
  "ifo": "H1",
  "fs_hz": 4096.0,
  "dt": 0.000244140625,
  "t0_rel": 0.03578515625,
  "duration_s": 0.013,
  "preprocess": {
    "detrend": "mean",
    "hp_hz": 30.0,
    "lp_hz": null
  },
  "window": {
    "t0_rel": 0.03578515625,
    "duration_s": 0.013,
    "i0": 65683,
    "i1": 65736,
    "n_samples": 53,
    "t_rel_start": 0.035888671875,
    "t_rel_end": 0.048583984375
  },
  "fit": {
    "method": "esprit_matrix_pencil",
    "L": 26,
    "rank_used": 1,
    "residual_rms": 1.064962218453291,
    "relative_rms": 0.9583197457414585,
    "singular_values": [
      11.213283789887774,
      11.10142945812194,
      10.342918187214389,
      9.747351423863611,
      9.605851967243838,
      8.011840991346286,
      5.777524216811074,
      5.502479846189019,
      5.308255392459371,
      5.27159347450916,
      5.100160019299675,
      4.543017468761467,
      4.032385666622775,
      3.9982688114304175,
      3.510851722190807,
      3.3573429056531037,
      3.0819098789992903,
      2.446908891734168,
      2.1426452676442325,
      2.126153026918239,
      1.8086915493907314,
      1.3983376090015998,
      0.7888135741259072,
      0.5749677439270825,
      0.22231289394012577,
      0.020602586206305777
    ],
    "singular_values_truncated": false
  },
  "poles": [
    {
      "i": 0,
      "z": [
        0.8765505156549591,
        -0.40548413883287737
      ],
      "q": [
        -142.5598112784778,
        -1774.6940075570083
      ],
      "omega_qnm": [
        1774.6940075570083,
        -142.5598112784778
      ],
      "freq_hz": 282.4513237782633,
      "damping_1_over_s": 142.5598112784778,
      "a": [
        0.3997049528731468,
        -0.1696466590073502
      ],
      "amp_abs": 0.4342165799041771
    }
  ]
}
