{
  "created_at": "2026-04-19T20:29:41+00:00",
  "script": "01_extract_ringdown_poles.py",
  "script_version": "01_extract_ringdown_poles.py/v1.3",
  "event": "GW170814",
  "ifo": "L1",
  "fs_hz": 4096.0,
  "dt": 0.000244140625,
  "t0_rel": 0.03578515625,
  "duration_s": 0.013,
  "preprocess": {
    "detrend": "mean",
    "hp_hz": 30.0,
    "lp_hz": null
  },
  "window": {
    "t0_rel": 0.03578515625,
    "duration_s": 0.013,
    "i0": 65683,
    "i1": 65736,
    "n_samples": 53,
    "t_rel_start": 0.035888671875,
    "t_rel_end": 0.048583984375
  },
  "fit": {
    "method": "esprit_matrix_pencil",
    "L": 26,
    "rank_used": 1,
    "residual_rms": 0.9310946169614203,
    "relative_rms": 0.9985780791926359,
    "singular_values": [
      9.014174574884736,
      8.977861859385376,
      8.53197883518175,
      8.46142299684538,
      7.917102674462909,
      7.738308472341551,
      6.536855806726219,
      6.42183074219434,
      5.232954746060481,
      4.954011248418517,
      4.816821927230068,
      4.676358124361881,
      4.097702722110128,
      3.696844070516193,
      3.530490595516348,
      3.473688912106701,
      2.542376772371807,
      2.424418141888907,
      2.224107222621847,
      2.0840145144078215,
      2.0078636457814776,
      1.7039911260541576,
      0.9318260078795259,
      0.4680861679442576,
      0.20845720673084833,
      0.01918278202535905
    ],
    "singular_values_truncated": false
  },
  "poles": [
    {
      "i": 0,
      "z": [
        -0.23477772543013553,
        -0.8120556781415358
      ],
      "q": [
        -688.3231764608773,
        -7586.764767987952
      ],
      "omega_qnm": [
        7586.764767987952,
        -688.3231764608773
      ],
      "freq_hz": 1207.4711149007192,
      "damping_1_over_s": 688.3231764608773,
      "a": [
        0.01781433792747635,
        0.1492784307428882
      ],
      "amp_abs": 0.15033762177463628
    }
  ]
}
