{
  "created_at": "2026-04-17T09:25:52+00:00",
  "script": "01_extract_ringdown_poles.py",
  "script_version": "01_extract_ringdown_poles.py/v1.2",
  "event": "GW170818",
  "ifo": "H1",
  "fs_hz": 4096.0,
  "dt": 0.000244140625,
  "t0_rel": 0.35368368911743164,
  "duration_s": 0.05,
  "preprocess": {
    "detrend": "mean",
    "hp_hz": 30.0,
    "lp_hz": null
  },
  "window": {
    "t0_rel": 0.35368368911743164,
    "duration_s": 0.05,
    "i0": 66986,
    "i1": 67191,
    "n_samples": 205,
    "t_rel_start": 0.35385751724243164,
    "t_rel_end": 0.40366220474243164
  },
  "fit": {
    "method": "esprit_matrix_pencil",
    "L": 102,
    "rank_used": 2,
    "residual_rms": 0.9721971819660328,
    "relative_rms": 0.9902312949358927,
    "singular_values": [
      19.985581227745755,
      19.704156491415663,
      18.517586475996545,
      18.460098020375515,
      17.828525127192357,
      17.77563264265585,
      17.566475428804196,
      16.953912535975167,
      16.918289507266675,
      16.859912635442125,
      16.11906508971514,
      15.936736301625691,
      15.683026819491047,
      15.594768676180292,
      14.378107078101221,
      14.305614609863122,
      13.779269269273787,
      13.52165611478245,
      13.337409997786745,
      13.144462843446412,
      12.99944761307335,
      12.898302652637517,
      12.834978709045258,
      12.780098230281224,
      12.752921623090769,
      12.610291223721802,
      12.469375468981314,
      12.134006953684194,
      12.125764389288998,
      11.892272089084905,
      11.761327363122794,
      11.593331553925687,
      11.497027664434416,
      11.399735171089159,
      10.996742679342793,
      10.60186583936054,
      10.234763752189414,
      10.077808976502574,
      10.068892846779722,
      10.030167221631602,
      9.485873186819212,
      9.218842377398373,
      8.907632476009644,
      8.838402026323363,
      8.74494630337227,
      8.635528782879206,
      8.453688951716014,
      8.353117603962113,
      8.20571569307629,
      8.038100652459116,
      7.789783411367567,
      7.74274784369201,
      7.522436781541991,
      7.367753066314506,
      7.240697104522224,
      7.14912825168388,
      7.0770163835396716,
      6.914377690823772,
      6.541560242021212,
      6.433061322916975,
      6.20743447358598,
      6.138739779034731,
      6.024288291248881,
      5.818996284854186
    ],
    "singular_values_truncated": true
  },
  "poles": [
    {
      "i": 0,
      "z": [
        -0.6274553392302875,
        -0.7673019885168747
      ],
      "q": [
        -36.256230116223996,
        -9241.651369727608
      ],
      "omega_qnm": [
        9241.651369727608,
        -36.256230116223996
      ],
      "freq_hz": 1470.8544978241341,
      "damping_1_over_s": 36.256230116223996,
      "a": [
        0.05971000854164793,
        0.03993249805194967
      ],
      "amp_abs": 0.07183237098072591
    },
    {
      "i": 1,
      "z": [
        -0.2331366102929033,
        -0.9460934514199975
      ],
      "q": [
        -106.24440574423919,
        -7423.602734622537
      ],
      "omega_qnm": [
        7423.602734622537,
        -106.24440574423919
      ],
      "freq_hz": 1181.5030707656886,
      "damping_1_over_s": 106.24440574423919,
      "a": [
        0.034858740189817244,
        0.29580592371778913
      ],
      "amp_abs": 0.297852776173323
    }
  ]
}
