{
  "created_at": "2026-04-17T09:25:52+00:00",
  "script": "01_extract_ringdown_poles.py",
  "script_version": "01_extract_ringdown_poles.py/v1.2",
  "event": "GW170818",
  "ifo": "H1+L1",
  "fs_hz": 4096.0,
  "dt": 0.000244140625,
  "t0_rel": 0.35368368911743164,
  "duration_s": 0.05,
  "preprocess": {
    "detrend": "mean",
    "hp_hz": 30.0,
    "lp_hz": null
  },
  "window": {
    "t0_rel": 0.35368368911743164,
    "duration_s": 0.05,
    "i0": 66986,
    "i1": 67191,
    "n_samples": 205,
    "t_rel_start": 0.35385751724243164,
    "t_rel_end": 0.40366220474243164
  },
  "fit": {
    "method": "esprit_matrix_pencil",
    "L": 102,
    "rank_used": 4,
    "residual_rms": NaN,
    "relative_rms": NaN,
    "singular_values": [],
    "singular_values_truncated": false
  },
  "poles": [
    {
      "i": 0,
      "z": [
        0.5127569475962278,
        -0.8556908612122176
      ],
      "q": [
        -10.005251631871433,
        -4222.738704189398
      ],
      "omega_qnm": [
        4222.738704189398,
        -10.005251631871433
      ],
      "freq_hz": 672.0697381572076,
      "damping_1_over_s": 10.005251631871433,
      "a": [
        0.1528821879368906,
        -0.11258222127946096
      ],
      "amp_abs": 0.18986237103909834
    },
    {
      "i": 1,
      "z": [
        -0.6274553392302875,
        -0.7673019885168747
      ],
      "q": [
        -36.256230116223996,
        -9241.651369727608
      ],
      "omega_qnm": [
        9241.651369727608,
        -36.256230116223996
      ],
      "freq_hz": 1470.8544978241341,
      "damping_1_over_s": 36.256230116223996,
      "a": [
        0.05971000854164793,
        0.03993249805194967
      ],
      "amp_abs": 0.07183237098072591
    },
    {
      "i": 2,
      "z": [
        0.9722140283764591,
        -0.1343451290500322
      ],
      "q": [
        -76.68451990081985,
        -562.4427349368699
      ],
      "omega_qnm": [
        562.4427349368699,
        -76.68451990081985
      ],
      "freq_hz": 89.51554147132751,
      "damping_1_over_s": 76.68451990081985,
      "a": [
        -0.34845358936308873,
        0.2927678954974382
      ],
      "amp_abs": 0.45511860495261997
    },
    {
      "i": 3,
      "z": [
        -0.2331366102929033,
        -0.9460934514199975
      ],
      "q": [
        -106.24440574423919,
        -7423.602734622537
      ],
      "omega_qnm": [
        7423.602734622537,
        -106.24440574423919
      ],
      "freq_hz": 1181.5030707656886,
      "damping_1_over_s": 106.24440574423919,
      "a": [
        0.034858740189817244,
        0.29580592371778913
      ],
      "amp_abs": 0.297852776173323
    }
  ]
}
