{
  "created_at": "2026-04-17T09:25:54+00:00",
  "script": "01_extract_ringdown_poles.py",
  "script_version": "01_extract_ringdown_poles.py/v1.2",
  "event": "GW190521_030229",
  "ifo": "H1",
  "fs_hz": 4096.0,
  "dt": 0.000244140625,
  "t0_rel": 0.03610537338256836,
  "duration_s": 0.1,
  "preprocess": {
    "detrend": "mean",
    "hp_hz": 30.0,
    "lp_hz": null
  },
  "window": {
    "t0_rel": 0.03610537338256836,
    "duration_s": 0.1,
    "i0": 63227,
    "i1": 63636,
    "n_samples": 409,
    "t_rel_start": 0.03627920150756836,
    "t_rel_end": 0.13588857650756836
  },
  "fit": {
    "method": "esprit_matrix_pencil",
    "L": 204,
    "rank_used": 2,
    "residual_rms": 0.9766230286398186,
    "relative_rms": 0.9392362791269014,
    "singular_values": [
      40.4144465175632,
      39.79021236809903,
      32.68739657014289,
      32.642223579943355,
      27.927817397071767,
      27.642881369154935,
      26.879811720804113,
      26.770612449674967,
      25.85314346489088,
      25.828120938966563,
      25.46109787731701,
      24.529601714644727,
      24.33035370018609,
      24.136732878047802,
      23.825362663337675,
      23.46934170409989,
      22.990183935920193,
      22.958160895753288,
      22.72155601770915,
      22.602110033175382,
      22.47333839056432,
      22.425580570054322,
      22.280269793471074,
      22.132081233439088,
      22.11767965353545,
      22.08452230608943,
      21.895834289006874,
      21.80226443827391,
      21.61676944391795,
      21.416375067076636,
      21.34587637835494,
      21.171375518860636,
      21.115278664946082,
      20.89045002471221,
      20.603587601987588,
      20.41243138395394,
      20.319893420975976,
      20.249789198939858,
      20.21800263454183,
      20.131617401926068,
      19.978641768169396,
      19.967723188873354,
      19.85771065085207,
      19.825656793050733,
      19.638055453554927,
      19.520157136900867,
      19.469570628491958,
      18.97865127435591,
      18.892516332569443,
      18.73302533697943,
      18.64232080373559,
      18.426018802239593,
      18.37792224151273,
      18.360755566755945,
      18.230874461648693,
      18.175647411899984,
      18.054084878789403,
      17.97394952419763,
      17.96294277789321,
      17.93595102243965,
      17.752280663693032,
      17.70345206136362,
      17.2240873507419,
      16.60249955753695
    ],
    "singular_values_truncated": true
  },
  "poles": [
    {
      "i": 0,
      "z": [
        -0.2550845752271643,
        -0.9609167896269619
      ],
      "q": [
        -23.83512638000989,
        -7496.791817154346
      ],
      "omega_qnm": [
        7496.791817154346,
        -23.83512638000989
      ],
      "freq_hz": 1193.1514750309866,
      "damping_1_over_s": 23.83512638000989,
      "a": [
        -0.16929234705227011,
        -0.2647586581073962
      ],
      "amp_abs": 0.31425633774562983
    },
    {
      "i": 1,
      "z": [
        0.9870974448717809,
        -0.10886161846821148
      ],
      "q": [
        -28.43385171579769,
        -449.90745457876307
      ],
      "omega_qnm": [
        449.90745457876307,
        -28.43385171579769
      ],
      "freq_hz": 71.60499533010253,
      "damping_1_over_s": 28.43385171579769,
      "a": [
        0.4938243658397701,
        0.026902561021989346
      ],
      "amp_abs": 0.4945566217194882
    }
  ]
}
