{
  "created_at": "2026-04-17T09:25:54+00:00",
  "script": "01_extract_ringdown_poles.py",
  "script_version": "01_extract_ringdown_poles.py/v1.2",
  "event": "GW190521_030229",
  "ifo": "L1",
  "fs_hz": 4096.0,
  "dt": 0.000244140625,
  "t0_rel": 0.03610537338256836,
  "duration_s": 0.1,
  "preprocess": {
    "detrend": "mean",
    "hp_hz": 30.0,
    "lp_hz": null
  },
  "window": {
    "t0_rel": 0.03610537338256836,
    "duration_s": 0.1,
    "i0": 63227,
    "i1": 63636,
    "n_samples": 409,
    "t_rel_start": 0.03627920150756836,
    "t_rel_end": 0.13588857650756836
  },
  "fit": {
    "method": "esprit_matrix_pencil",
    "L": 204,
    "rank_used": 1,
    "residual_rms": 0.9490779169934768,
    "relative_rms": 0.891648608363301,
    "singular_values": [
      59.921098056420256,
      51.8637841017627,
      32.37008641603158,
      32.15975652540165,
      30.263063853654263,
      30.206165597895847,
      28.58315363687132,
      28.545828021332536,
      26.686515926976806,
      26.519729176324407,
      24.81842276020463,
      24.783638737212446,
      23.77408134241292,
      23.731179735201877,
      23.436441415962648,
      23.380370999023405,
      22.790422926747816,
      22.67274323097241,
      22.112494230476905,
      21.999604277723257,
      21.937157117733403,
      21.893476658285888,
      21.840960589052255,
      21.75009325658537,
      21.50077483228468,
      21.462200949473925,
      20.902466006347375,
      20.719547885159106,
      20.45901298610895,
      20.420653904823936,
      20.140171098357374,
      20.120959154769302,
      19.81797086167062,
      19.801424908243224,
      19.68121867783239,
      19.24583287376718,
      19.11505520318858,
      18.96218651292465,
      18.8855348132482,
      18.742099916919678,
      18.605628623457545,
      18.316036109343226,
      18.269038374490442,
      17.98828038682247,
      17.908602420057807,
      17.56195095517901,
      17.55127566733687,
      17.536229985164887,
      17.422814008638905,
      17.35727856528981,
      17.07022930548578,
      17.031779433412765,
      16.22980370114354,
      16.18022159729048,
      15.947590098683289,
      15.876252790387873,
      15.86148027816211,
      15.754866164251448,
      15.518700084422072,
      15.4227797106214,
      15.380814724629051,
      15.346856526997662,
      15.271080204922926,
      15.148948944261614
    ],
    "singular_values_truncated": true
  },
  "poles": [
    {
      "i": 0,
      "z": [
        0.9873744431296101,
        -0.09644934678702334
      ],
      "q": [
        -32.59435071948098,
        -398.8427515962105
      ],
      "omega_qnm": [
        398.8427515962105,
        -32.59435071948098
      ],
      "freq_hz": 63.477795432909836,
      "damping_1_over_s": 32.59435071948098,
      "a": [
        -0.09179598286915291,
        0.8400142399234645
      ],
      "amp_abs": 0.8450150446856609
    }
  ]
}
