{
  "created_at": "2026-04-17T09:25:54+00:00",
  "script": "01_extract_ringdown_poles.py",
  "script_version": "01_extract_ringdown_poles.py/v1.2",
  "event": "GW190521_030229",
  "ifo": "H1+L1",
  "fs_hz": 4096.0,
  "dt": 0.000244140625,
  "t0_rel": 0.03610537338256836,
  "duration_s": 0.1,
  "preprocess": {
    "detrend": "mean",
    "hp_hz": 30.0,
    "lp_hz": null
  },
  "window": {
    "t0_rel": 0.03610537338256836,
    "duration_s": 0.1,
    "i0": 63227,
    "i1": 63636,
    "n_samples": 409,
    "t_rel_start": 0.03627920150756836,
    "t_rel_end": 0.13588857650756836
  },
  "fit": {
    "method": "esprit_matrix_pencil",
    "L": 204,
    "rank_used": 3,
    "residual_rms": NaN,
    "relative_rms": NaN,
    "singular_values": [],
    "singular_values_truncated": false
  },
  "poles": [
    {
      "i": 0,
      "z": [
        -0.2550845752271643,
        -0.9609167896269619
      ],
      "q": [
        -23.83512638000989,
        -7496.791817154346
      ],
      "omega_qnm": [
        7496.791817154346,
        -23.83512638000989
      ],
      "freq_hz": 1193.1514750309866,
      "damping_1_over_s": 23.83512638000989,
      "a": [
        -0.16929234705227011,
        -0.2647586581073962
      ],
      "amp_abs": 0.31425633774562983
    },
    {
      "i": 1,
      "z": [
        0.9870974448717809,
        -0.10886161846821148
      ],
      "q": [
        -28.43385171579769,
        -449.90745457876307
      ],
      "omega_qnm": [
        449.90745457876307,
        -28.43385171579769
      ],
      "freq_hz": 71.60499533010253,
      "damping_1_over_s": 28.43385171579769,
      "a": [
        0.4938243658397701,
        0.026902561021989346
      ],
      "amp_abs": 0.4945566217194882
    },
    {
      "i": 2,
      "z": [
        0.9873744431296101,
        -0.09644934678702334
      ],
      "q": [
        -32.59435071948098,
        -398.8427515962105
      ],
      "omega_qnm": [
        398.8427515962105,
        -32.59435071948098
      ],
      "freq_hz": 63.477795432909836,
      "damping_1_over_s": 32.59435071948098,
      "a": [
        -0.09179598286915291,
        0.8400142399234645
      ],
      "amp_abs": 0.8450150446856609
    }
  ]
}
