{
  "created_at": "2026-04-17T10:00:41+00:00",
  "script": "01_extract_ringdown_poles.py",
  "script_version": "01_extract_ringdown_poles.py/v1.2",
  "event": "GW170104",
  "ifo": "L1",
  "fs_hz": 4096.0,
  "dt": 0.000244140625,
  "t0_rel": 0.13932822036743164,
  "duration_s": 0.05,
  "preprocess": {
    "detrend": "mean",
    "hp_hz": 0.0,
    "lp_hz": null
  },
  "window": {
    "t0_rel": 0.13932822036743164,
    "duration_s": 0.05,
    "i0": 66108,
    "i1": 66313,
    "n_samples": 205,
    "t_rel_start": 0.13950204849243164,
    "t_rel_end": 0.18930673599243164
  },
  "fit": {
    "method": "esprit_matrix_pencil",
    "L": 102,
    "rank_used": 2,
    "residual_rms": 0.9414814350629711,
    "relative_rms": 0.9803104749358023,
    "singular_values": [
      19.91400139165001,
      19.662999113674463,
      17.949981941773554,
      17.73881556194234,
      17.430390601478983,
      17.317450271792364,
      16.810039976339883,
      16.771186262968993,
      16.149047598122902,
      16.084027960486292,
      15.688925396885873,
      15.676279820638213,
      14.813889190521001,
      14.57936250045996,
      14.01027649634874,
      13.878865084450528,
      13.63200471350671,
      13.4153745495584,
      13.316298594817674,
      13.177649235546754,
      12.810051614396102,
      12.790448568828156,
      12.553311618682777,
      12.35177794342036,
      12.142495782543659,
      11.991609953556122,
      11.97646281928801,
      11.857639558990613,
      11.451481486864319,
      11.301902908361201,
      10.951530381714022,
      10.934568030642001,
      10.560960288663049,
      10.498099817849427,
      10.237533702796338,
      10.210299722053705,
      10.137889703947495,
      9.875787550315582,
      9.783438363321919,
      9.712205469120766,
      9.466715223318493,
      9.22059000601821,
      8.73414515850571,
      8.712094789978165,
      8.656582349582484,
      8.210631528983436,
      7.852469104131563,
      7.663609795228675,
      7.572304618391199,
      7.5473927492951915,
      7.377888981789615,
      7.221356804543553,
      7.106884629668482,
      6.8517124746635165,
      6.839714967831681,
      6.74614040251715,
      6.595789641954428,
      6.498069538535858,
      6.451258005651041,
      6.411242493715182,
      6.339883206887694,
      6.281509597016718,
      6.237503550953362,
      5.891689867419778
    ],
    "singular_values_truncated": true
  },
  "poles": [
    {
      "i": 0,
      "z": [
        -0.8852477961297861,
        -0.4575985090768269
      ],
      "q": [
        -14.262553288432041,
        -10913.809291519512
      ],
      "omega_qnm": [
        10913.809291519512,
        -14.262553288432041
      ],
      "freq_hz": 1736.9866967075866,
      "damping_1_over_s": 14.262553288432041,
      "a": [
        -0.11000679214106862,
        0.11897523235922161
      ],
      "amp_abs": 0.16203888493845867
    },
    {
      "i": 1,
      "z": [
        0.8834126592336715,
        -0.31832753827188154
      ],
      "q": [
        -257.7332532514611,
        -1416.6227251484588
      ],
      "omega_qnm": [
        1416.6227251484588,
        -257.7332532514611
      ],
      "freq_hz": 225.46250920368865,
      "damping_1_over_s": 257.7332532514611,
      "a": [
        -0.276985801769006,
        -0.03866197056556434
      ],
      "amp_abs": 0.2796710252236217
    }
  ]
}
