{
  "created_at": "2026-04-17T10:00:41+00:00",
  "script": "01_extract_ringdown_poles.py",
  "script_version": "01_extract_ringdown_poles.py/v1.2",
  "event": "GW170104",
  "ifo": "H1",
  "fs_hz": 4096.0,
  "dt": 0.000244140625,
  "t0_rel": 0.13932822036743164,
  "duration_s": 0.05,
  "preprocess": {
    "detrend": "mean",
    "hp_hz": 0.0,
    "lp_hz": null
  },
  "window": {
    "t0_rel": 0.13932822036743164,
    "duration_s": 0.05,
    "i0": 66108,
    "i1": 66313,
    "n_samples": 205,
    "t_rel_start": 0.13950204849243164,
    "t_rel_end": 0.18930673599243164
  },
  "fit": {
    "method": "esprit_matrix_pencil",
    "L": 102,
    "rank_used": 2,
    "residual_rms": 0.9852736294487044,
    "relative_rms": 0.9909057398958876,
    "singular_values": [
      20.012637876699024,
      19.940385504271568,
      17.55568596285925,
      17.483522413343316,
      17.370053727819602,
      17.23128802031145,
      16.752075627783018,
      16.632595855782334,
      16.61728415666322,
      16.44987954007139,
      16.187349870934874,
      16.02001110411339,
      15.984721878707466,
      15.960933985023344,
      15.673974566252154,
      15.51832854728193,
      15.243330905437409,
      15.059646349362325,
      14.608136268544243,
      14.422432736736436,
      14.328936620904443,
      14.08499931097003,
      13.46290662496333,
      13.430994650514151,
      13.291383454714019,
      12.990111271014682,
      12.845456613027526,
      12.713345708872426,
      12.539740332157184,
      12.314542170701651,
      12.302314448871638,
      12.1636033087131,
      11.572391079873066,
      11.53125854684161,
      11.42020969522154,
      11.286124370975854,
      10.825002973436263,
      10.812504875420185,
      10.555835291115601,
      10.228703497347283,
      10.192661834077509,
      9.992493420327019,
      9.769321501989214,
      9.447453134836497,
      9.290017849532138,
      8.912747958082122,
      8.906292705871342,
      8.76096457968277,
      8.613060090357623,
      8.355870182759187,
      8.24134928715597,
      8.049598454969587,
      7.735329863497344,
      7.665491661000455,
      7.529209999727686,
      7.462950007349795,
      6.975110346852744,
      6.7855894169340285,
      6.601863436031063,
      6.240383120095303,
      6.196466718443489,
      5.8382951098185885,
      5.719524108748392,
      5.574082466467703
    ],
    "singular_values_truncated": true
  },
  "poles": [
    {
      "i": 0,
      "z": [
        -0.5531760040408416,
        -0.8313027709225612
      ],
      "q": [
        -6.013580034672654,
        -8838.939127789827
      ],
      "omega_qnm": [
        8838.939127789827,
        -6.013580034672654
      ],
      "freq_hz": 1406.760853876117,
      "damping_1_over_s": 6.013580034672654,
      "a": [
        -0.10125450591079228,
        0.035132393424236484
      ],
      "amp_abs": 0.10717630351413508
    },
    {
      "i": 1,
      "z": [
        0.27470520347048183,
        -0.8754767230856842
      ],
      "q": [
        -352.3939967807319,
        -5188.598663078041
      ],
      "omega_qnm": [
        5188.598663078041,
        -352.3939967807319
      ],
      "freq_hz": 825.7911249488699,
      "damping_1_over_s": 352.3939967807319,
      "a": [
        0.041055920533705006,
        -0.11911472956790717
      ],
      "amp_abs": 0.1259916958013724
    }
  ]
}
