{
  "created_at": "2026-04-17T10:00:41+00:00",
  "script": "01_extract_ringdown_poles.py",
  "script_version": "01_extract_ringdown_poles.py/v1.2",
  "event": "GW170104",
  "ifo": "H1+L1",
  "fs_hz": 4096.0,
  "dt": 0.000244140625,
  "t0_rel": 0.13932822036743164,
  "duration_s": 0.05,
  "preprocess": {
    "detrend": "mean",
    "hp_hz": 0.0,
    "lp_hz": null
  },
  "window": {
    "t0_rel": 0.13932822036743164,
    "duration_s": 0.05,
    "i0": 66108,
    "i1": 66313,
    "n_samples": 205,
    "t_rel_start": 0.13950204849243164,
    "t_rel_end": 0.18930673599243164
  },
  "fit": {
    "method": "esprit_matrix_pencil",
    "L": 102,
    "rank_used": 4,
    "residual_rms": NaN,
    "relative_rms": NaN,
    "singular_values": [],
    "singular_values_truncated": false
  },
  "poles": [
    {
      "i": 0,
      "z": [
        -0.5531760040408416,
        -0.8313027709225612
      ],
      "q": [
        -6.013580034672654,
        -8838.939127789827
      ],
      "omega_qnm": [
        8838.939127789827,
        -6.013580034672654
      ],
      "freq_hz": 1406.760853876117,
      "damping_1_over_s": 6.013580034672654,
      "a": [
        -0.10125450591079228,
        0.035132393424236484
      ],
      "amp_abs": 0.10717630351413508
    },
    {
      "i": 1,
      "z": [
        -0.8852477961297861,
        -0.4575985090768269
      ],
      "q": [
        -14.262553288432041,
        -10913.809291519512
      ],
      "omega_qnm": [
        10913.809291519512,
        -14.262553288432041
      ],
      "freq_hz": 1736.9866967075866,
      "damping_1_over_s": 14.262553288432041,
      "a": [
        -0.11000679214106862,
        0.11897523235922161
      ],
      "amp_abs": 0.16203888493845867
    },
    {
      "i": 2,
      "z": [
        0.8834126592336715,
        -0.31832753827188154
      ],
      "q": [
        -257.7332532514611,
        -1416.6227251484588
      ],
      "omega_qnm": [
        1416.6227251484588,
        -257.7332532514611
      ],
      "freq_hz": 225.46250920368865,
      "damping_1_over_s": 257.7332532514611,
      "a": [
        -0.276985801769006,
        -0.03866197056556434
      ],
      "amp_abs": 0.2796710252236217
    },
    {
      "i": 3,
      "z": [
        0.27470520347048183,
        -0.8754767230856842
      ],
      "q": [
        -352.3939967807319,
        -5188.598663078041
      ],
      "omega_qnm": [
        5188.598663078041,
        -352.3939967807319
      ],
      "freq_hz": 825.7911249488699,
      "damping_1_over_s": 352.3939967807319,
      "a": [
        0.041055920533705006,
        -0.11911472956790717
      ],
      "amp_abs": 0.1259916958013724
    }
  ]
}
