{
  "created_at": "2026-04-17T09:45:14+00:00",
  "script": "01_extract_ringdown_poles.py",
  "script_version": "01_extract_ringdown_poles.py/v1.2",
  "event": "GW190521_030229",
  "ifo": "H1+L1",
  "fs_hz": 4096.0,
  "dt": 0.000244140625,
  "t0_rel": 0.03610537338256836,
  "duration_s": 0.12,
  "preprocess": {
    "detrend": "mean",
    "hp_hz": 30.0,
    "lp_hz": null
  },
  "window": {
    "t0_rel": 0.03610537338256836,
    "duration_s": 0.12,
    "i0": 63227,
    "i1": 63718,
    "n_samples": 491,
    "t_rel_start": 0.03627920150756836,
    "t_rel_end": 0.15590810775756836
  },
  "fit": {
    "method": "esprit_matrix_pencil",
    "L": 245,
    "rank_used": 3,
    "residual_rms": NaN,
    "relative_rms": NaN,
    "singular_values": [],
    "singular_values_truncated": false
  },
  "poles": [
    {
      "i": 0,
      "z": [
        -0.26036123669651434,
        -0.9607469441151321
      ],
      "q": [
        -18.881959897279764,
        -7517.957450223374
      ],
      "omega_qnm": [
        7517.957450223374,
        -18.881959897279764
      ],
      "freq_hz": 1196.5200901575915,
      "damping_1_over_s": 18.881959897279764,
      "a": [
        -0.005765776028328321,
        -0.28427783030437914
      ],
      "amp_abs": 0.28433629556525886
    },
    {
      "i": 1,
      "z": [
        0.9882809030817634,
        -0.09684167921834888
      ],
      "q": [
        -28.713724884927817,
        -400.08988091237774
      ],
      "omega_qnm": [
        400.08988091237774,
        -28.713724884927817
      ],
      "freq_hz": 63.67628222825266,
      "damping_1_over_s": 28.713724884927817,
      "a": [
        -0.0872517522550933,
        0.7756765582181679
      ],
      "amp_abs": 0.7805683770437841
    },
    {
      "i": 2,
      "z": [
        0.9855659336622846,
        -0.11103293893943494
      ],
      "q": [
        -33.722993510349426,
        -459.5140157646434
      ],
      "omega_qnm": [
        459.5140157646434,
        -33.722993510349426
      ],
      "freq_hz": 73.13392702895011,
      "damping_1_over_s": 33.722993510349426,
      "a": [
        0.4946046486278651,
        0.09861946055509568
      ],
      "amp_abs": 0.5043407146408784
    }
  ]
}
