{
  "created_at": "2026-04-17T09:45:14+00:00",
  "script": "01_extract_ringdown_poles.py",
  "script_version": "01_extract_ringdown_poles.py/v1.2",
  "event": "GW190521_030229",
  "ifo": "L1",
  "fs_hz": 4096.0,
  "dt": 0.000244140625,
  "t0_rel": 0.03610537338256836,
  "duration_s": 0.12,
  "preprocess": {
    "detrend": "mean",
    "hp_hz": 30.0,
    "lp_hz": null
  },
  "window": {
    "t0_rel": 0.03610537338256836,
    "duration_s": 0.12,
    "i0": 63227,
    "i1": 63718,
    "n_samples": 491,
    "t_rel_start": 0.03627920150756836,
    "t_rel_end": 0.15590810775756836
  },
  "fit": {
    "method": "esprit_matrix_pencil",
    "L": 245,
    "rank_used": 1,
    "residual_rms": 0.9656838552042444,
    "relative_rms": 0.9183615605563974,
    "singular_values": [
      60.63156573642823,
      54.00099899809517,
      38.283851783751324,
      38.1243061619868,
      30.488757822704486,
      30.42632825957066,
      30.419745087989025,
      30.380567579106305,
      29.120904473741636,
      29.083324979373995,
      26.433664671294167,
      26.38709391955471,
      26.31442225729957,
      26.2920516288771,
      25.47957007699063,
      25.437904376666353,
      24.50281288300921,
      24.380383282471882,
      24.330522054295567,
      24.29071076865977,
      24.237438762039343,
      24.162831971052288,
      24.11642960539099,
      24.087931733896067,
      23.79025634530785,
      23.58377898755878,
      23.465150346188306,
      23.43827399529877,
      23.39716189950551,
      23.334102957386147,
      23.293414612510965,
      23.151430096207697,
      22.84886142668626,
      22.710786667319898,
      22.67731570509758,
      22.531733009148255,
      22.457181447161744,
      22.312778503657064,
      22.266592915988987,
      21.96435611583414,
      21.778232946106815,
      21.621344734866117,
      21.514117718971185,
      21.42853284976543,
      21.385150630796435,
      21.05385187912036,
      20.90378898392996,
      20.787449373245142,
      20.65681106230248,
      20.49684268426146,
      20.483003551725083,
      20.28533977421685,
      20.242274408062567,
      20.20033741314482,
      19.954043274684764,
      19.936999575040133,
      19.86597750083714,
      19.823038118491308,
      19.771354234080473,
      19.72981167834225,
      19.528810212125396,
      19.013123993110906,
      18.878515689085887,
      18.861285726214838
    ],
    "singular_values_truncated": true
  },
  "poles": [
    {
      "i": 0,
      "z": [
        0.9882809030817634,
        -0.09684167921834888
      ],
      "q": [
        -28.713724884927817,
        -400.08988091237774
      ],
      "omega_qnm": [
        400.08988091237774,
        -28.713724884927817
      ],
      "freq_hz": 63.67628222825266,
      "damping_1_over_s": 28.713724884927817,
      "a": [
        -0.0872517522550933,
        0.7756765582181679
      ],
      "amp_abs": 0.7805683770437841
    }
  ]
}
