{
  "created_at": "2026-04-17T09:45:14+00:00",
  "script": "01_extract_ringdown_poles.py",
  "script_version": "01_extract_ringdown_poles.py/v1.2",
  "event": "GW190521_030229",
  "ifo": "H1",
  "fs_hz": 4096.0,
  "dt": 0.000244140625,
  "t0_rel": 0.03610537338256836,
  "duration_s": 0.12,
  "preprocess": {
    "detrend": "mean",
    "hp_hz": 30.0,
    "lp_hz": null
  },
  "window": {
    "t0_rel": 0.03610537338256836,
    "duration_s": 0.12,
    "i0": 63227,
    "i1": 63718,
    "n_samples": 491,
    "t_rel_start": 0.03627920150756836,
    "t_rel_end": 0.15590810775756836
  },
  "fit": {
    "method": "esprit_matrix_pencil",
    "L": 245,
    "rank_used": 2,
    "residual_rms": 0.9777385040529916,
    "relative_rms": 0.9512960180257171,
    "singular_values": [
      40.904634219118414,
      40.1204993229466,
      36.17835280974154,
      36.13838504887106,
      33.304270468624544,
      33.161522041154846,
      29.67312421601449,
      29.044685980680825,
      28.462559428737286,
      28.43706053968594,
      27.46434247615264,
      27.40263846981714,
      26.969993682976188,
      26.93972518756317,
      26.825300158869435,
      26.73424806504006,
      26.57842770183299,
      26.5099152163349,
      26.3243468153968,
      25.99673427106641,
      25.96767171835832,
      25.74457252251651,
      25.629610769345774,
      25.419622891236436,
      25.3830294790813,
      25.31038275249731,
      24.986474774909265,
      24.97750849561523,
      24.82458226131702,
      24.811233605273685,
      24.58840251959664,
      24.445754723584272,
      24.422668394870232,
      24.102591847314788,
      24.051873938592315,
      23.982435169634,
      23.081900119889195,
      22.988188692292354,
      22.731348600682047,
      22.564810222896035,
      22.345006841730854,
      22.291119298774625,
      22.262200787920296,
      22.169097344199045,
      21.741326119745093,
      21.65947353206704,
      21.64680351614574,
      21.573936199332053,
      21.161152724431158,
      20.998884916234484,
      20.879494748743358,
      20.64678657664455,
      20.614162442240264,
      20.566019357442087,
      20.532873247496777,
      20.318642786234403,
      20.307248396524862,
      20.146295657285016,
      20.07968418515951,
      20.0255087687321,
      19.9534160754203,
      19.775679995395787,
      19.54029806337824,
      19.49996642289866
    ],
    "singular_values_truncated": true
  },
  "poles": [
    {
      "i": 0,
      "z": [
        -0.26036123669651434,
        -0.9607469441151321
      ],
      "q": [
        -18.881959897279764,
        -7517.957450223374
      ],
      "omega_qnm": [
        7517.957450223374,
        -18.881959897279764
      ],
      "freq_hz": 1196.5200901575915,
      "damping_1_over_s": 18.881959897279764,
      "a": [
        -0.005765776028328321,
        -0.28427783030437914
      ],
      "amp_abs": 0.28433629556525886
    },
    {
      "i": 1,
      "z": [
        0.9855659336622846,
        -0.11103293893943494
      ],
      "q": [
        -33.722993510349426,
        -459.5140157646434
      ],
      "omega_qnm": [
        459.5140157646434,
        -33.722993510349426
      ],
      "freq_hz": 73.13392702895011,
      "damping_1_over_s": 33.722993510349426,
      "a": [
        0.4946046486278651,
        0.09861946055509568
      ],
      "amp_abs": 0.5043407146408784
    }
  ]
}
