{
  "created_at": "2026-04-17T09:25:55+00:00",
  "script": "01_extract_ringdown_poles.py",
  "script_version": "01_extract_ringdown_poles.py/v1.2",
  "event": "GW190521_030229",
  "ifo": "H1+L1",
  "fs_hz": 4096.0,
  "dt": 0.000244140625,
  "t0_rel": 0.03610537338256836,
  "duration_s": 0.15,
  "preprocess": {
    "detrend": "mean",
    "hp_hz": 30.0,
    "lp_hz": null
  },
  "window": {
    "t0_rel": 0.03610537338256836,
    "duration_s": 0.15,
    "i0": 63227,
    "i1": 63841,
    "n_samples": 614,
    "t_rel_start": 0.03627920150756836,
    "t_rel_end": 0.18593740463256836
  },
  "fit": {
    "method": "esprit_matrix_pencil",
    "L": 307,
    "rank_used": 3,
    "residual_rms": NaN,
    "relative_rms": NaN,
    "singular_values": [],
    "singular_values_truncated": false
  },
  "poles": [
    {
      "i": 0,
      "z": [
        0.9884864051219292,
        -0.09658086289109528
      ],
      "q": [
        -27.974928932269037,
        -398.9367319602512
      ],
      "omega_qnm": [
        398.9367319602512,
        -27.974928932269037
      ],
      "freq_hz": 63.49275287240049,
      "damping_1_over_s": 27.974928932269037,
      "a": [
        -0.06975315035793006,
        0.7697323639444646
      ],
      "amp_abs": 0.7728864173268862
    },
    {
      "i": 1,
      "z": [
        0.9857666319814367,
        -0.1126286161478831
      ],
      "q": [
        -32.15681347884052,
        -465.9672602716156
      ],
      "omega_qnm": [
        465.9672602716156,
        -32.15681347884052
      ],
      "freq_hz": 74.16099279121536,
      "damping_1_over_s": 32.15681347884052,
      "a": [
        0.45157648498365466,
        0.13285597431254242
      ],
      "amp_abs": 0.4707143844208798
    },
    {
      "i": 2,
      "z": [
        -0.25800021004912804,
        -0.954005346887345
      ],
      "q": [
        -48.30342647689093,
        -7515.821041487817
      ],
      "omega_qnm": [
        7515.821041487817,
        -48.30342647689093
      ],
      "freq_hz": 1196.180070146863,
      "damping_1_over_s": 48.30342647689093,
      "a": [
        -0.10036474775910312,
        -0.37648202363693667
      ],
      "amp_abs": 0.3896303334116985
    }
  ]
}
