{
  "created_at": "2026-04-17T09:25:55+00:00",
  "script": "01_extract_ringdown_poles.py",
  "script_version": "01_extract_ringdown_poles.py/v1.2",
  "event": "GW190521_030229",
  "ifo": "H1",
  "fs_hz": 4096.0,
  "dt": 0.000244140625,
  "t0_rel": 0.03610537338256836,
  "duration_s": 0.15,
  "preprocess": {
    "detrend": "mean",
    "hp_hz": 30.0,
    "lp_hz": null
  },
  "window": {
    "t0_rel": 0.03610537338256836,
    "duration_s": 0.15,
    "i0": 63227,
    "i1": 63841,
    "n_samples": 614,
    "t_rel_start": 0.03627920150756836,
    "t_rel_end": 0.18593740463256836
  },
  "fit": {
    "method": "esprit_matrix_pencil",
    "L": 307,
    "rank_used": 2,
    "residual_rms": 0.9966511963645112,
    "relative_rms": 0.9672819450832486,
    "singular_values": [
      42.03711791833108,
      41.07652147611616,
      38.69997556715036,
      38.63964197158883,
      37.65523464283655,
      37.37906170232205,
      36.495475388404024,
      36.46430532373727,
      34.02121068162227,
      33.89285839917951,
      32.711302466321136,
      32.709531337078744,
      31.323646368526276,
      31.278534951350967,
      31.195285985954644,
      31.061765912619443,
      30.600042571764266,
      30.574245346177996,
      30.528512711779936,
      30.510574819583898,
      30.320871717737592,
      30.30530687572347,
      29.985469619022197,
      29.7881860956885,
      29.743022795003064,
      29.50983651778061,
      29.291452621420934,
      29.284094580516157,
      29.070311890465106,
      28.876011920555637,
      28.858726582093958,
      28.095146284560577,
      28.006615950762015,
      27.668708395668038,
      27.410590926410325,
      27.390864563480537,
      27.356940547129152,
      27.274302075311244,
      27.039001342266058,
      26.987600631387,
      26.669912565461047,
      26.65697373619615,
      26.165739455031833,
      26.121299030733145,
      25.970998662666123,
      25.936034964309023,
      25.935439690374793,
      25.85493727121873,
      25.76360072761383,
      25.572475463522643,
      25.315517706315998,
      25.219893011953594,
      25.166713532076898,
      24.984854975322406,
      24.945463466049073,
      24.74137485579093,
      24.70912675147442,
      24.672809196451674,
      24.636723836185272,
      24.508199805156917,
      24.442904013138264,
      24.15436980921765,
      24.086578843525338,
      23.80035716863561
    ],
    "singular_values_truncated": true
  },
  "poles": [
    {
      "i": 0,
      "z": [
        0.9857666319814367,
        -0.1126286161478831
      ],
      "q": [
        -32.15681347884052,
        -465.9672602716156
      ],
      "omega_qnm": [
        465.9672602716156,
        -32.15681347884052
      ],
      "freq_hz": 74.16099279121536,
      "damping_1_over_s": 32.15681347884052,
      "a": [
        0.45157648498365466,
        0.13285597431254242
      ],
      "amp_abs": 0.4707143844208798
    },
    {
      "i": 1,
      "z": [
        -0.25800021004912804,
        -0.954005346887345
      ],
      "q": [
        -48.30342647689093,
        -7515.821041487817
      ],
      "omega_qnm": [
        7515.821041487817,
        -48.30342647689093
      ],
      "freq_hz": 1196.180070146863,
      "damping_1_over_s": 48.30342647689093,
      "a": [
        -0.10036474775910312,
        -0.37648202363693667
      ],
      "amp_abs": 0.3896303334116985
    }
  ]
}
