{
  "created_at": "2026-04-17T09:25:55+00:00",
  "script": "01_extract_ringdown_poles.py",
  "script_version": "01_extract_ringdown_poles.py/v1.2",
  "event": "GW190521_030229",
  "ifo": "L1",
  "fs_hz": 4096.0,
  "dt": 0.000244140625,
  "t0_rel": 0.03610537338256836,
  "duration_s": 0.15,
  "preprocess": {
    "detrend": "mean",
    "hp_hz": 30.0,
    "lp_hz": null
  },
  "window": {
    "t0_rel": 0.03610537338256836,
    "duration_s": 0.15,
    "i0": 63227,
    "i1": 63841,
    "n_samples": 614,
    "t_rel_start": 0.03627920150756836,
    "t_rel_end": 0.18593740463256836
  },
  "fit": {
    "method": "esprit_matrix_pencil",
    "L": 307,
    "rank_used": 1,
    "residual_rms": 0.9705055880592691,
    "relative_rms": 0.9253979748390511,
    "singular_values": [
      63.859596674082724,
      56.910968483449594,
      44.243966409179386,
      44.196356882631896,
      34.84254161113659,
      34.776386484093905,
      32.68553644946452,
      32.58312931304493,
      32.46890894054258,
      32.11325356166927,
      31.76740473495115,
      31.72161979151047,
      31.706785710491225,
      31.59491164635501,
      31.555424074575697,
      31.412391883319,
      30.685223327606113,
      30.592835289592124,
      29.240390520009676,
      28.937724901639537,
      28.718369189235716,
      28.709644664732263,
      28.63058389551642,
      28.422916881436155,
      28.336180866280543,
      28.26074540698589,
      27.356717456744875,
      27.305795609593062,
      27.21671692259822,
      27.038569619878867,
      26.8879650892627,
      26.855339220111368,
      26.675666654624315,
      26.585784622795828,
      26.25802622930909,
      26.170375483409803,
      26.12068960578181,
      25.940535654930976,
      25.88208237358269,
      25.819122682311836,
      25.796332611474952,
      25.746812898323334,
      25.581230189190027,
      25.39706343690695,
      25.34997385658537,
      25.003747347795247,
      24.97698776022893,
      24.904122650344295,
      24.83522986706222,
      24.578247276308474,
      24.487016004088343,
      24.425664691714143,
      24.27940615584819,
      24.139412048465925,
      24.11124626725249,
      23.79023092053817,
      23.62576769810902,
      23.500031502913846,
      23.285403168774934,
      23.267026171964357,
      23.014553986528725,
      22.86893563027776,
      22.68735556375456,
      22.674315879594428
    ],
    "singular_values_truncated": true
  },
  "poles": [
    {
      "i": 0,
      "z": [
        0.9884864051219292,
        -0.09658086289109528
      ],
      "q": [
        -27.974928932269037,
        -398.9367319602512
      ],
      "omega_qnm": [
        398.9367319602512,
        -27.974928932269037
      ],
      "freq_hz": 63.49275287240049,
      "damping_1_over_s": 27.974928932269037,
      "a": [
        -0.06975315035793006,
        0.7697323639444646
      ],
      "amp_abs": 0.7728864173268862
    }
  ]
}
