{
  "created_at": "2026-04-17T10:21:46+00:00",
  "script": "01_extract_ringdown_poles.py",
  "script_version": "01_extract_ringdown_poles.py/v1.2",
  "event": "GW170104",
  "ifo": "H1+L1",
  "fs_hz": 4096.0,
  "dt": 0.000244140625,
  "t0_rel": 0.13882822036743164,
  "duration_s": 0.05,
  "preprocess": {
    "detrend": "mean",
    "hp_hz": 30.0,
    "lp_hz": null
  },
  "window": {
    "t0_rel": 0.13882822036743164,
    "duration_s": 0.05,
    "i0": 66106,
    "i1": 66311,
    "n_samples": 205,
    "t_rel_start": 0.13901376724243164,
    "t_rel_end": 0.18881845474243164
  },
  "fit": {
    "method": "esprit_matrix_pencil",
    "L": 102,
    "rank_used": 3,
    "residual_rms": NaN,
    "relative_rms": NaN,
    "singular_values": [],
    "singular_values_truncated": false
  },
  "poles": [
    {
      "i": 0,
      "z": [
        -0.8846624864790457,
        -0.45480331860620016
      ],
      "q": [
        -21.671974894860245,
        -10922.92717206106
      ],
      "omega_qnm": [
        10922.92717206106,
        -21.671974894860245
      ],
      "freq_hz": 1738.4378524662952,
      "damping_1_over_s": 21.671974894860245,
      "a": [
        0.0006307349447976229,
        0.16829583757106364
      ],
      "amp_abs": 0.16829701949326503
    },
    {
      "i": 1,
      "z": [
        0.872114826192744,
        -0.3201597402368503
      ],
      "q": [
        -301.54819007458866,
        -1441.1086779148661
      ],
      "omega_qnm": [
        1441.1086779148661,
        -301.54819007458866
      ],
      "freq_hz": 229.35956962277706,
      "damping_1_over_s": 301.54819007458866,
      "a": [
        -0.06198812264140008,
        -0.24378373540216472
      ],
      "amp_abs": 0.2515413226395176
    },
    {
      "i": 2,
      "z": [
        0.2604007839976929,
        -0.8744216045202694
      ],
      "q": [
        -375.6361782901042,
        -5248.455353425762
      ],
      "omega_qnm": [
        5248.455353425762,
        -375.6361782901042
      ],
      "freq_hz": 835.3176130948306,
      "damping_1_over_s": 375.6361782901042,
      "a": [
        -0.16051124840992526,
        0.017372041528561758
      ],
      "amp_abs": 0.16144859458348593
    }
  ]
}
