{
  "created_at": "2026-04-17T10:21:46+00:00",
  "script": "01_extract_ringdown_poles.py",
  "script_version": "01_extract_ringdown_poles.py/v1.2",
  "event": "GW170104",
  "ifo": "L1",
  "fs_hz": 4096.0,
  "dt": 0.000244140625,
  "t0_rel": 0.13882822036743164,
  "duration_s": 0.05,
  "preprocess": {
    "detrend": "mean",
    "hp_hz": 30.0,
    "lp_hz": null
  },
  "window": {
    "t0_rel": 0.13882822036743164,
    "duration_s": 0.05,
    "i0": 66106,
    "i1": 66311,
    "n_samples": 205,
    "t_rel_start": 0.13901376724243164,
    "t_rel_end": 0.18881845474243164
  },
  "fit": {
    "method": "esprit_matrix_pencil",
    "L": 102,
    "rank_used": 2,
    "residual_rms": 0.9278676427199571,
    "relative_rms": 0.984383072483122,
    "singular_values": [
      19.892235104461495,
      19.630057821245106,
      17.909092030440632,
      17.792707397347446,
      17.47652642783797,
      17.34182246806897,
      16.745665792577388,
      16.662423692618248,
      16.43588066168346,
      16.277686720681878,
      15.673967252680225,
      15.453745208550137,
      15.066491863578948,
      14.697847634240107,
      13.949860177987441,
      13.808718794542063,
      13.61401145865468,
      13.456366660138253,
      13.328978301957319,
      13.31587579801846,
      12.926125068300093,
      12.693943596479638,
      12.506319090448782,
      12.238109182075865,
      12.075107864527086,
      12.003068292704437,
      11.653523593471716,
      11.575402015874428,
      11.339061422801272,
      11.282972129130227,
      10.966455915850249,
      10.933178982787535,
      10.286314469077439,
      10.256558420212329,
      10.241143728525097,
      10.16504904928639,
      9.966966757085823,
      9.905929797449456,
      9.825084688529673,
      9.671908149362402,
      9.288367433107387,
      9.176336839300214,
      8.72994333153899,
      8.709885327384168,
      8.552675551354405,
      8.049624789026051,
      7.8779702616473015,
      7.771425211535778,
      7.598025540704983,
      7.558625690012014,
      7.039811048647074,
      6.896157488509066,
      6.83484089650083,
      6.6514839973303825,
      6.554644615534644,
      6.5147900120347995,
      6.468897268873323,
      6.454024005342899,
      6.430350225936904,
      6.311496438592993,
      6.141278963612585,
      6.078320461060609,
      5.874149412829258,
      5.816216044393712
    ],
    "singular_values_truncated": true
  },
  "poles": [
    {
      "i": 0,
      "z": [
        -0.8846624864790457,
        -0.45480331860620016
      ],
      "q": [
        -21.671974894860245,
        -10922.92717206106
      ],
      "omega_qnm": [
        10922.92717206106,
        -21.671974894860245
      ],
      "freq_hz": 1738.4378524662952,
      "damping_1_over_s": 21.671974894860245,
      "a": [
        0.0006307349447976229,
        0.16829583757106364
      ],
      "amp_abs": 0.16829701949326503
    },
    {
      "i": 1,
      "z": [
        0.872114826192744,
        -0.3201597402368503
      ],
      "q": [
        -301.54819007458866,
        -1441.1086779148661
      ],
      "omega_qnm": [
        1441.1086779148661,
        -301.54819007458866
      ],
      "freq_hz": 229.35956962277706,
      "damping_1_over_s": 301.54819007458866,
      "a": [
        -0.06198812264140008,
        -0.24378373540216472
      ],
      "amp_abs": 0.2515413226395176
    }
  ]
}
