{
  "created_at": "2026-04-17T10:21:46+00:00",
  "script": "01_extract_ringdown_poles.py",
  "script_version": "01_extract_ringdown_poles.py/v1.2",
  "event": "GW170104",
  "ifo": "H1",
  "fs_hz": 4096.0,
  "dt": 0.000244140625,
  "t0_rel": 0.13882822036743164,
  "duration_s": 0.05,
  "preprocess": {
    "detrend": "mean",
    "hp_hz": 30.0,
    "lp_hz": null
  },
  "window": {
    "t0_rel": 0.13882822036743164,
    "duration_s": 0.05,
    "i0": 66106,
    "i1": 66311,
    "n_samples": 205,
    "t_rel_start": 0.13901376724243164,
    "t_rel_end": 0.18881845474243164
  },
  "fit": {
    "method": "esprit_matrix_pencil",
    "L": 102,
    "rank_used": 1,
    "residual_rms": 0.9800321824662072,
    "relative_rms": 0.9914713179013714,
    "singular_values": [
      19.925260866795714,
      19.885944891516097,
      17.577992764883813,
      17.464667558237288,
      17.30126716603441,
      17.21956349314584,
      16.648941696344664,
      16.622253425279133,
      16.58691011151045,
      16.434851983492454,
      16.421473763269844,
      16.27726105115899,
      15.960058175183702,
      15.947229949323923,
      15.8920620941091,
      15.758488841639666,
      15.227151507820103,
      15.154121024348182,
      14.510269068108293,
      14.35573408852101,
      14.18838352291098,
      14.07034705980412,
      13.397328697053904,
      13.256737493574672,
      13.05556375831865,
      13.014499353752708,
      12.862252604528221,
      12.537058246820132,
      12.29202964733621,
      12.219572817686625,
      12.126039134869849,
      11.821820089636882,
      11.629534794648865,
      11.35182807092655,
      11.134646693602527,
      11.028946806845914,
      10.73597272823363,
      10.582285198297019,
      10.213221354875559,
      10.134945408303036,
      9.992575181251878,
      9.938430470958062,
      9.548821413879912,
      9.372750626854769,
      8.928948340368635,
      8.834297993432335,
      8.755714407110741,
      8.605712053446092,
      8.345303277120385,
      8.26610043838344,
      8.237001484868525,
      7.723866093721801,
      7.65242059824374,
      7.359817800922366,
      7.006884953032008,
      6.751678219552079,
      6.647827435482039,
      6.471846795610152,
      6.274474320542749,
      5.966025850878964,
      5.657855862413747,
      5.5583209414844585,
      5.39102773249121,
      5.380001234633991
    ],
    "singular_values_truncated": true
  },
  "poles": [
    {
      "i": 0,
      "z": [
        0.2604007839976929,
        -0.8744216045202694
      ],
      "q": [
        -375.6361782901042,
        -5248.455353425762
      ],
      "omega_qnm": [
        5248.455353425762,
        -375.6361782901042
      ],
      "freq_hz": 835.3176130948306,
      "damping_1_over_s": 375.6361782901042,
      "a": [
        -0.16051124840992526,
        0.017372041528561758
      ],
      "amp_abs": 0.16144859458348593
    }
  ]
}
