{
  "created_at": "2026-04-17T10:21:47+00:00",
  "script": "01_extract_ringdown_poles.py",
  "script_version": "01_extract_ringdown_poles.py/v1.2",
  "event": "GW170104",
  "ifo": "L1",
  "fs_hz": 4096.0,
  "dt": 0.000244140625,
  "t0_rel": 0.13932822036743164,
  "duration_s": 0.05,
  "preprocess": {
    "detrend": "mean",
    "hp_hz": 30.0,
    "lp_hz": null
  },
  "window": {
    "t0_rel": 0.13932822036743164,
    "duration_s": 0.05,
    "i0": 66108,
    "i1": 66313,
    "n_samples": 205,
    "t_rel_start": 0.13950204849243164,
    "t_rel_end": 0.18930673599243164
  },
  "fit": {
    "method": "esprit_matrix_pencil",
    "L": 102,
    "rank_used": 2,
    "residual_rms": 0.9361099521884451,
    "relative_rms": 0.9799151290794046,
    "singular_values": [
      19.913947573703737,
      19.662992312859256,
      17.949416483754476,
      17.738746284271144,
      17.43040850399021,
      17.317376950052097,
      16.810022036539564,
      16.771157795861253,
      16.148610712218908,
      16.083899339272634,
      15.688146962815448,
      15.673906837868653,
      14.813745681737291,
      14.574184627377175,
      14.004828440613254,
      13.878176677698495,
      13.630126418043382,
      13.415345490868702,
      13.31571300044598,
      13.177668592857616,
      12.809997321122014,
      12.790908710123162,
      12.553192469196588,
      12.349631980212207,
      12.142521451332485,
      11.99162304577632,
      11.972887594021485,
      11.856341952623438,
      11.451279114145404,
      11.301114139715155,
      10.951564522529189,
      10.934489805987068,
      10.560506193656972,
      10.49790967519093,
      10.23761315674373,
      10.210242305539206,
      10.13587596091978,
      9.866311917228229,
      9.779582401256906,
      9.712118727894481,
      9.381481405256457,
      9.215122417731761,
      8.741977039566569,
      8.711640775901762,
      8.656418919181522,
      8.083723004213056,
      7.845347686719135,
      7.662846927621338,
      7.572295769672869,
      7.54652008583596,
      7.206167801703108,
      7.108541761041011,
      6.840264618183524,
      6.754541767157369,
      6.614425967982428,
      6.517325439510909,
      6.480181249067644,
      6.4370526601016165,
      6.4130717653944656,
      6.3533092742890735,
      6.287073697139193,
      5.891994793744206,
      5.867852506690472,
      5.810780549757321
    ],
    "singular_values_truncated": true
  },
  "poles": [
    {
      "i": 0,
      "z": [
        -0.8852568848056246,
        -0.45759654283118334
      ],
      "q": [
        -14.233078840223097,
        -10913.833624894021
      ],
      "omega_qnm": [
        10913.833624894021,
        -14.233078840223097
      ],
      "freq_hz": 1736.9905694844217,
      "damping_1_over_s": 14.233078840223097,
      "a": [
        -0.11021260966837115,
        0.11876159404753053
      ],
      "amp_abs": 0.16202202180760236
    },
    {
      "i": 1,
      "z": [
        0.8834446842639472,
        -0.31834743626631834
      ],
      "q": [
        -257.5724107098222,
        -1416.6570233047764
      ],
      "omega_qnm": [
        1416.6570233047764,
        -257.5724107098222
      ],
      "freq_hz": 225.46796792480555,
      "damping_1_over_s": 257.5724107098222,
      "a": [
        -0.2766749067562148,
        -0.06049440853035374
      ],
      "amp_abs": 0.283211188853826
    }
  ]
}
