{
  "created_at": "2026-04-17T09:45:14+00:00",
  "script": "01_extract_ringdown_poles.py",
  "script_version": "01_extract_ringdown_poles.py/v1.2",
  "event": "GW190521_030229",
  "ifo": "H1",
  "fs_hz": 4096.0,
  "dt": 0.000244140625,
  "t0_rel": 0.03610537338256836,
  "duration_s": 0.08,
  "preprocess": {
    "detrend": "mean",
    "hp_hz": 30.0,
    "lp_hz": null
  },
  "window": {
    "t0_rel": 0.03610537338256836,
    "duration_s": 0.08,
    "i0": 63227,
    "i1": 63554,
    "n_samples": 327,
    "t_rel_start": 0.03627920150756836,
    "t_rel_end": 0.11586904525756836
  },
  "fit": {
    "method": "esprit_matrix_pencil",
    "L": 163,
    "rank_used": 2,
    "residual_rms": 0.961483001826663,
    "relative_rms": 0.9209321681866872,
    "singular_values": [
      37.86620758259964,
      37.702896013964995,
      26.93955812308452,
      26.88057340263649,
      24.336683303650673,
      24.23093718136111,
      23.571197277477673,
      23.5510296207445,
      23.057890206899536,
      22.910202374979733,
      21.906787394928852,
      21.877728169088748,
      21.81105427458263,
      21.721459021476694,
      21.666933111845253,
      21.545217663672656,
      21.256574625542527,
      21.236117595501216,
      20.87149408079645,
      20.797954146392126,
      20.58707281439223,
      20.529206822811034,
      20.45382399381555,
      19.973112372888213,
      19.93564213232998,
      19.79529662990049,
      19.513533498780326,
      19.50818374214835,
      18.725057544384416,
      18.700984350131257,
      18.46012553048909,
      18.347161394892396,
      17.803976573594138,
      17.4661025395555,
      16.93299417653658,
      16.925095653939223,
      16.775431195344158,
      16.730784316874615,
      16.627183253910633,
      16.54664635892015,
      16.441416303640345,
      16.376443248620046,
      16.080387377720413,
      15.939526543832196,
      15.86993654210258,
      15.866743820254348,
      15.723117259005337,
      15.676831745980905,
      15.08344606594905,
      14.952354714798698,
      14.576547741822761,
      14.46990799322968,
      14.332659006980721,
      14.1970114661383,
      14.17706126412416,
      14.141546190765439,
      14.135819567309499,
      14.084743103206096,
      13.910175781243154,
      13.86353993245492,
      13.611591855507884,
      13.589177138793929,
      13.45061223384882,
      13.377227557908217
    ],
    "singular_values_truncated": true
  },
  "poles": [
    {
      "i": 0,
      "z": [
        0.9868739795596092,
        -0.10363828087750757
      ],
      "q": [
        -31.65739506363408,
        -428.5776191276923
      ],
      "omega_qnm": [
        428.5776191276923,
        -31.65739506363408
      ],
      "freq_hz": 68.21024658272786,
      "damping_1_over_s": 31.65739506363408,
      "a": [
        0.5356652404659021,
        -0.16767848989436773
      ],
      "amp_abs": 0.5612961124189695
    },
    {
      "i": 1,
      "z": [
        -0.24650934274396025,
        -0.9561605013968074
      ],
      "q": [
        -51.83036881701305,
        -7467.473044948676
      ],
      "omega_qnm": [
        7467.473044948676,
        -51.83036881701305
      ],
      "freq_hz": 1188.485247509069,
      "damping_1_over_s": 51.83036881701305,
      "a": [
        -0.325748305979784,
        -0.3033986574608234
      ],
      "amp_abs": 0.445154696928752
    }
  ]
}
