{
  "created_at": "2026-04-17T09:45:14+00:00",
  "script": "01_extract_ringdown_poles.py",
  "script_version": "01_extract_ringdown_poles.py/v1.2",
  "event": "GW190521_030229",
  "ifo": "H1+L1",
  "fs_hz": 4096.0,
  "dt": 0.000244140625,
  "t0_rel": 0.03610537338256836,
  "duration_s": 0.08,
  "preprocess": {
    "detrend": "mean",
    "hp_hz": 30.0,
    "lp_hz": null
  },
  "window": {
    "t0_rel": 0.03610537338256836,
    "duration_s": 0.08,
    "i0": 63227,
    "i1": 63554,
    "n_samples": 327,
    "t_rel_start": 0.03627920150756836,
    "t_rel_end": 0.11586904525756836
  },
  "fit": {
    "method": "esprit_matrix_pencil",
    "L": 163,
    "rank_used": 4,
    "residual_rms": NaN,
    "relative_rms": NaN,
    "singular_values": [],
    "singular_values_truncated": false
  },
  "poles": [
    {
      "i": 0,
      "z": [
        0.9744353939435741,
        -0.21575189060308958
      ],
      "q": [
        -8.057886296505103,
        -892.5057687688636
      ],
      "omega_qnm": [
        892.5057687688636,
        -8.057886296505103
      ],
      "freq_hz": 142.0467048375968,
      "damping_1_over_s": 8.057886296505103,
      "a": [
        -0.14561602870796364,
        -0.008649018445652384
      ],
      "amp_abs": 0.14587266137543295
    },
    {
      "i": 1,
      "z": [
        0.988565434887879,
        -0.09539139310056405
      ],
      "q": [
        -28.12462448714889,
        -394.02264839318116
      ],
      "omega_qnm": [
        394.02264839318116,
        -28.12462448714889
      ],
      "freq_hz": 62.710652181934634,
      "damping_1_over_s": 28.12462448714889,
      "a": [
        -0.018858262832300188,
        0.7608259947460295
      ],
      "amp_abs": 0.7610596746368432
    },
    {
      "i": 2,
      "z": [
        0.9868739795596092,
        -0.10363828087750757
      ],
      "q": [
        -31.65739506363408,
        -428.5776191276923
      ],
      "omega_qnm": [
        428.5776191276923,
        -31.65739506363408
      ],
      "freq_hz": 68.21024658272786,
      "damping_1_over_s": 31.65739506363408,
      "a": [
        0.5356652404659021,
        -0.16767848989436773
      ],
      "amp_abs": 0.5612961124189695
    },
    {
      "i": 3,
      "z": [
        -0.24650934274396025,
        -0.9561605013968074
      ],
      "q": [
        -51.83036881701305,
        -7467.473044948676
      ],
      "omega_qnm": [
        7467.473044948676,
        -51.83036881701305
      ],
      "freq_hz": 1188.485247509069,
      "damping_1_over_s": 51.83036881701305,
      "a": [
        -0.325748305979784,
        -0.3033986574608234
      ],
      "amp_abs": 0.445154696928752
    }
  ]
}
