{
  "created_at": "2026-04-17T09:45:13+00:00",
  "script": "01_extract_ringdown_poles.py",
  "script_version": "01_extract_ringdown_poles.py/v1.2",
  "event": "GW170814",
  "ifo": "H1",
  "fs_hz": 4096.0,
  "dt": 0.000244140625,
  "t0_rel": -0.454763671875,
  "duration_s": 0.03,
  "preprocess": {
    "detrend": "mean",
    "hp_hz": 30.0,
    "lp_hz": null
  },
  "window": {
    "t0_rel": -0.454763671875,
    "duration_s": 0.03,
    "i0": 63674,
    "i1": 63797,
    "n_samples": 123,
    "t_rel_start": -0.45458984375,
    "t_rel_end": -0.4248046875
  },
  "fit": {
    "method": "esprit_matrix_pencil",
    "L": 61,
    "rank_used": 1,
    "residual_rms": 0.882856534142983,
    "relative_rms": 0.9809116572567247,
    "singular_values": [
      13.319435306773004,
      13.157043424239342,
      12.823599618663913,
      12.495577073963757,
      12.264920558479506,
      12.103892615789867,
      10.968334670977594,
      10.82280017993095,
      10.752396801049121,
      10.558587898598727,
      10.08633325817905,
      10.04755465446104,
      8.949370513649255,
      8.928205790230688,
      8.89275422510471,
      8.598504613137948,
      8.332245419634514,
      8.255930293161608,
      7.644465386523714,
      7.554476000914445,
      7.304431937845745,
      6.8900881704155665,
      6.812619340320286,
      6.267722466691041,
      6.1785089195544085,
      5.7323039351432925,
      5.723137389956023,
      5.424327738017877,
      5.132790575890562,
      5.018171661789936,
      4.9149278100236,
      4.850831912174625,
      4.679291536733547,
      4.62616733449749,
      4.285781718542778,
      3.6875953663647048,
      3.4075266741629515,
      3.324778387134458,
      3.187949744034211,
      2.8816500642259317,
      2.85617301455019,
      2.855197150974062,
      2.715910896614188,
      2.5989008719228286,
      2.51536698835836,
      2.3793178765868235,
      2.094786894218198,
      1.9418981775635293,
      1.7700369965549858,
      1.5478245188819488,
      1.4807400051132835,
      0.896076573194432,
      0.7708740647121702,
      0.7304726789139854,
      0.5312810762481255,
      0.49000262739516587,
      0.046133618255351415,
      0.021451789091505302,
      0.0001808920531540356,
      1.4682556903922242e-05,
      2.80782998637852e-07
    ],
    "singular_values_truncated": false
  },
  "poles": [
    {
      "i": 0,
      "z": [
        -0.6283724356314386,
        -0.6720799408205113
      ],
      "q": [
        -341.1842057621768,
        -9513.360073958163
      ],
      "omega_qnm": [
        9513.360073958163,
        -341.1842057621768
      ],
      "freq_hz": 1514.0982811835208,
      "damping_1_over_s": 341.1842057621768,
      "a": [
        0.20022298186377652,
        0.17739724154963288
      ],
      "amp_abs": 0.26750518457749745
    }
  ]
}
