{
  "created_at": "2026-04-17T09:45:13+00:00",
  "script": "01_extract_ringdown_poles.py",
  "script_version": "01_extract_ringdown_poles.py/v1.2",
  "event": "GW170814",
  "ifo": "H1+L1",
  "fs_hz": 4096.0,
  "dt": 0.000244140625,
  "t0_rel": -0.454763671875,
  "duration_s": 0.03,
  "preprocess": {
    "detrend": "mean",
    "hp_hz": 30.0,
    "lp_hz": null
  },
  "window": {
    "t0_rel": -0.454763671875,
    "duration_s": 0.03,
    "i0": 63674,
    "i1": 63797,
    "n_samples": 123,
    "t_rel_start": -0.45458984375,
    "t_rel_end": -0.4248046875
  },
  "fit": {
    "method": "esprit_matrix_pencil",
    "L": 61,
    "rank_used": 2,
    "residual_rms": NaN,
    "relative_rms": NaN,
    "singular_values": [],
    "singular_values_truncated": false
  },
  "poles": [
    {
      "i": 0,
      "z": [
        0.8326351317943252,
        -0.47024995802530195
      ],
      "q": [
        -183.23324186446158,
        -2105.8132382250556
      ],
      "omega_qnm": [
        2105.8132382250556,
        -183.23324186446158
      ],
      "freq_hz": 335.15058609186855,
      "damping_1_over_s": 183.23324186446158,
      "a": [
        -0.29495534924491573,
        -0.06513687031530752
      ],
      "amp_abs": 0.3020620299254168
    },
    {
      "i": 1,
      "z": [
        -0.6283724356314386,
        -0.6720799408205113
      ],
      "q": [
        -341.1842057621768,
        -9513.360073958163
      ],
      "omega_qnm": [
        9513.360073958163,
        -341.1842057621768
      ],
      "freq_hz": 1514.0982811835208,
      "damping_1_over_s": 341.1842057621768,
      "a": [
        0.20022298186377652,
        0.17739724154963288
      ],
      "amp_abs": 0.26750518457749745
    }
  ]
}
