{
  "created_at": "2026-04-17T09:45:13+00:00",
  "script": "01_extract_ringdown_poles.py",
  "script_version": "01_extract_ringdown_poles.py/v1.2",
  "event": "GW170814",
  "ifo": "L1",
  "fs_hz": 4096.0,
  "dt": 0.000244140625,
  "t0_rel": -0.454763671875,
  "duration_s": 0.03,
  "preprocess": {
    "detrend": "mean",
    "hp_hz": 30.0,
    "lp_hz": null
  },
  "window": {
    "t0_rel": -0.454763671875,
    "duration_s": 0.03,
    "i0": 63674,
    "i1": 63797,
    "n_samples": 123,
    "t_rel_start": -0.45458984375,
    "t_rel_end": -0.4248046875
  },
  "fit": {
    "method": "esprit_matrix_pencil",
    "L": 61,
    "rank_used": 1,
    "residual_rms": 0.8564496188848085,
    "relative_rms": 0.9875049225757239,
    "singular_values": [
      13.366899597828052,
      13.229323702600116,
      10.63928793858326,
      10.213173072513655,
      9.456648689004325,
      9.176505207800727,
      9.10194507952818,
      9.031699252681733,
      8.7915243116113,
      8.599457983503726,
      8.264383552308392,
      8.140684115024078,
      8.124123169282145,
      8.037135133606247,
      7.987809379564033,
      7.8717027303314335,
      7.664217855910785,
      7.627466538938892,
      7.467923627642971,
      7.322441853112293,
      7.275386682425451,
      7.091420887548327,
      6.665928491066645,
      6.291394821229709,
      5.964889724231544,
      5.827805355338808,
      5.683125234797936,
      5.633584061197745,
      5.274889853950654,
      5.0419065497702205,
      4.859757991849593,
      4.836159050116289,
      4.820838574789486,
      4.498923041644259,
      4.385538402493141,
      4.21691804968982,
      4.181390024788571,
      4.17128127442613,
      3.8736418373612334,
      3.811384893546359,
      3.4676494878711606,
      3.367815568637962,
      3.312527368582203,
      3.059944828204577,
      2.903069274571307,
      2.578090798692718,
      2.3656024059972047,
      2.2781520278345786,
      2.0469355725197715,
      1.7986573690474263,
      1.6865131643575426,
      1.3068629861768233,
      1.18749356519376,
      0.7995107557686877,
      0.700977863900951,
      0.2354191865108239,
      0.0658227902248762,
      0.017329719634425273,
      7.092082741799427e-05,
      1.3627986879378758e-05,
      1.3485419509731876e-07
    ],
    "singular_values_truncated": false
  },
  "poles": [
    {
      "i": 0,
      "z": [
        0.8326351317943252,
        -0.47024995802530195
      ],
      "q": [
        -183.23324186446158,
        -2105.8132382250556
      ],
      "omega_qnm": [
        2105.8132382250556,
        -183.23324186446158
      ],
      "freq_hz": 335.15058609186855,
      "damping_1_over_s": 183.23324186446158,
      "a": [
        -0.29495534924491573,
        -0.06513687031530752
      ],
      "amp_abs": 0.3020620299254168
    }
  ]
}
