i,omega_re,omega_im,freq_hz,damping_1_over_s,amp_abs,a_re,a_im,z_re,z_im,q_re,q_im
0,1.032894472942878565e+04,-1.085461237532498480e+01,1.643902610611570708e+03,1.085461237532498480e+01,1.213626852689240615e-01,1.174966154074086333e-02,-1.207925777080775531e-01,-8.117953978774720136e-01,-5.793980920353744013e-01,-1.085461237532498480e+01,-1.032894472942878565e+04
1,7.392962657655715702e+03,-2.634649760069457614e+01,1.176626551059702706e+03,2.634649760069457614e+01,2.135806926761306956e-01,9.055273913934713814e-02,-1.934345204930524587e-01,-2.305056619979522770e-01,-9.664807463151218192e-01,-2.634649760069457614e+01,-7.392962657655715702e+03
2,4.284844529874270847e+03,-7.074901564118375745e+02,6.819541873097585949e+02,7.074901564118375745e+02,9.957635504638655544e-01,-2.105321282581093523e-01,9.732529329026007314e-01,4.214797076689819066e-01,-7.281851580930598367e-01,-7.074901564118375745e+02,-4.284844529874270847e+03
3,4.359094862056332204e+03,-1.010205443992526398e+03,6.937714947027488961e+02,1.010205443992526398e+03,1.085986892232656098e+00,1.085986693348653054e+00,-6.572448565265731624e-04,3.791299685610777237e-01,-6.832936983582371671e-01,-1.010205443992526398e+03,-4.359094862056332204e+03
