{
  "created_at": "2026-04-08T15:12:26+00:00",
  "script": "01_extract_ringdown_poles.py",
  "script_version": "01_extract_ringdown_poles.py/v1.1",
  "event": "GW170814",
  "ifo": "L1",
  "fs_hz": 4096.0,
  "dt": 0.000244140625,
  "t0_rel": -0.457763671875,
  "duration_s": 0.25,
  "preprocess": {
    "detrend": "mean",
    "hp_hz": null,
    "lp_hz": null
  },
  "window": {
    "t0_rel": -0.457763671875,
    "duration_s": 0.25,
    "i0": 63661,
    "i1": 64686,
    "n_samples": 1025,
    "t_rel_start": -0.457763671875,
    "t_rel_end": -0.207763671875
  },
  "fit": {
    "method": "esprit_matrix_pencil",
    "L": 512,
    "rank_used": 16,
    "residual_rms": 0.9773652430995051,
    "relative_rms": 0.9989991263401984,
    "singular_values": [
      50.796560511438216,
      50.763681326316,
      49.542875874386446,
      49.27826054142989,
      45.27490265760266,
      45.239144148071034,
      44.370467702202255,
      44.323916397349116,
      43.95199374019929,
      43.938804682685415,
      42.49171107970964,
      42.468282751203034,
      42.004626399003385,
      41.9072604035683,
      41.880930969842915,
      41.79405250165999,
      41.12546877703281,
      41.008827671240674,
      40.91373887602147,
      40.870794865803255,
      40.2072543137303,
      40.121360712955386,
      39.99404485645791,
      39.91404788499304,
      39.53251075765506,
      39.48749699589994,
      39.134148760329246,
      39.11190622420924,
      38.91865340238918,
      38.82365294039268,
      38.149585942924325,
      38.11635330010391,
      38.08490697117402,
      38.02574006871359,
      37.83928215753558,
      37.75561891677755,
      37.6969846235018,
      37.48744351586894,
      37.409761955051124,
      37.38891549805999,
      36.98021950441659,
      36.5311495273241,
      36.52803646749942,
      36.47275424058826,
      36.35681740983102,
      36.31217624603395,
      36.26256436153254,
      36.07199172092168,
      36.03614173565503,
      35.95464664954485,
      35.7243449604755,
      35.70924349370258,
      35.348729512482116,
      35.26432478774397,
      35.08537395807722,
      35.072169371592416,
      34.88926207040116,
      34.80395969610898,
      34.792479489677035,
      34.52588973755329,
      34.453468568770326,
      34.21317438005817,
      33.9635135230986,
      33.94897598069826
    ],
    "singular_values_truncated": true
  },
  "poles": [
    {
      "i": 0,
      "z": [
        0.8927720750664023,
        -0.4505062144531626
      ],
      "q": [
        -0.0044497368505116855,
        -1914.195229141162
      ],
      "omega_qnm": [
        1914.195229141162,
        -0.0044497368505116855
      ],
      "freq_hz": 304.6536327607392,
      "damping_1_over_s": 0.0044497368505116855,
      "a": [
        1.1776200638962892e-68,
        6.104027249332976e-69
      ],
      "amp_abs": 1.326416413309597e-68
    },
    {
      "i": 1,
      "z": [
        0.6998350358743493,
        -0.7143010173920179
      ],
      "q": [
        -0.0101972538824091,
        -3258.8896701691824
      ],
      "omega_qnm": [
        3258.8896701691824,
        -0.0101972538824091
      ],
      "freq_hz": 518.6683999985418,
      "damping_1_over_s": 0.0101972538824091,
      "a": [
        -1.064375624499685e-68,
        -8.24863303371326e-69
      ],
      "amp_abs": 1.3465864024553905e-68
    },
    {
      "i": 2,
      "z": [
        0.4483656149817359,
        -0.8938164585281125
      ],
      "q": [
        -0.12373113097779015,
        -4529.541745188911
      ],
      "omega_qnm": [
        4529.541745188911,
        -0.12373113097779015
      ],
      "freq_hz": 720.8989586879054,
      "damping_1_over_s": 0.12373113097779015,
      "a": [
        5.318048914080377e-69,
        1.2560969001942839e-68
      ],
      "amp_abs": 1.3640366069879518e-68
    },
    {
      "i": 3,
      "z": [
        -0.13854208442749336,
        -0.9903193618164134
      ],
      "q": [
        -0.150845780975772,
        -7003.302418419888
      ],
      "omega_qnm": [
        7003.302418419888,
        -0.150845780975772
      ],
      "freq_hz": 1114.6101978589504,
      "damping_1_over_s": 0.150845780975772,
      "a": [
        -8.552762844989027e-69,
        -1.34354288216096e-68
      ],
      "amp_abs": 1.592672282370616e-68
    },
    {
      "i": 4,
      "z": [
        0.8098061573612615,
        -0.5866245178338578
      ],
      "q": [
        -0.175444470230257,
        -2567.8461251474178
      ],
      "omega_qnm": [
        2567.8461251474178,
        -0.175444470230257
      ],
      "freq_hz": 408.6854039165812,
      "damping_1_over_s": 0.175444470230257,
      "a": [
        1.0502413284193753e-68,
        7.260755993650458e-69
      ],
      "amp_abs": 1.2767899685983615e-68
    },
    {
      "i": 5,
      "z": [
        0.09431241809710084,
        -0.9954865270684972
      ],
      "q": [
        -0.22886084896082437,
        -6047.081419495736
      ],
      "omega_qnm": [
        6047.081419495736,
        -0.22886084896082437
      ],
      "freq_hz": 962.4228991919015,
      "damping_1_over_s": 0.22886084896082437,
      "a": [
        -1.1945898640972784e-68,
        -8.160065740281151e-69
      ],
      "amp_abs": 1.4466899019005613e-68
    },
    {
      "i": 6,
      "z": [
        -0.8289769789102583,
        -0.5590031550435393
      ],
      "q": [
        -0.6403890597962036,
        -10437.853807615014
      ],
      "omega_qnm": [
        10437.853807615014,
        -0.6403890597962036
      ],
      "freq_hz": 1661.2360287524907,
      "damping_1_over_s": 0.6403890597962036,
      "a": [
        -1.6469138039031109e-68,
        1.6102509441091175e-68
      ],
      "amp_abs": 2.30330918039479e-68
    },
    {
      "i": 7,
      "z": [
        0.5657561341917603,
        -0.8243722114031623
      ],
      "q": [
        -0.6768810035345165,
        -3970.387812386043
      ],
      "omega_qnm": [
        3970.387812386043,
        -0.6768810035345165
      ],
      "freq_hz": 631.9068463330556,
      "damping_1_over_s": 0.6768810035345165,
      "a": [
        1.0451744405398998e-68,
        -5.094248878492219e-69
      ],
      "amp_abs": 1.1627137771257743e-68
    },
    {
      "i": 8,
      "z": [
        -0.301316804585275,
        -0.9533506363449583
      ],
      "q": [
        -0.6774828322516675,
        -7687.872263495669
      ],
      "omega_qnm": [
        7687.872263495669,
        -0.6774828322516675
      ],
      "freq_hz": 1223.5628725944139,
      "damping_1_over_s": 0.6774828322516675,
      "a": [
        1.2634153441798013e-68,
        -7.970662875335426e-69
      ],
      "amp_abs": 1.4938316500300392e-68
    },
    {
      "i": 9,
      "z": [
        -0.6351624232615782,
        -0.7720613351533685
      ],
      "q": [
        -1.003747169109589,
        -9253.751521770855
      ],
      "omega_qnm": [
        9253.751521770855,
        -1.003747169109589
      ],
      "freq_hz": 1472.7802968339804,
      "damping_1_over_s": 1.003747169109589,
      "a": [
        7.713715840789247e-70,
        1.6882250701648252e-68
      ],
      "amp_abs": 1.6899863989808539e-68
    },
    {
      "i": 10,
      "z": [
        -0.24316260853416002,
        -0.9697170176017585
      ],
      "q": [
        -1.066981938623347,
        -7440.329250197641
      ],
      "omega_qnm": [
        7440.329250197641,
        -1.066981938623347
      ],
      "freq_hz": 1184.16517840017,
      "damping_1_over_s": 1.066981938623347,
      "a": [
        1.2382693824171817e-68,
        4.5913007861016194e-69
      ],
      "amp_abs": 1.3206481334997609e-68
    },
    {
      "i": 11,
      "z": [
        0.7617475311921744,
        -0.6473422990921307
      ],
      "q": [
        -1.4108339295816932,
        -2885.1609244385113
      ],
      "omega_qnm": [
        2885.1609244385113,
        -1.4108339295816932
      ],
      "freq_hz": 459.1876227399714,