{
  "created_at": "2026-04-18T06:28:00+00:00",
  "script": "01_extract_ringdown_poles.py",
  "script_version": "01_extract_ringdown_poles.py/v1.3",
  "event": "GW170814",
  "ifo": "H1",
  "fs_hz": 4096.0,
  "dt": 0.000244140625,
  "t0_rel": 0.02978515625,
  "duration_s": 0.05,
  "preprocess": {
    "detrend": "mean",
    "hp_hz": 30.0,
    "lp_hz": null
  },
  "window": {
    "t0_rel": 0.02978515625,
    "duration_s": 0.05,
    "i0": 65658,
    "i1": 65863,
    "n_samples": 205,
    "t_rel_start": 0.02978515625,
    "t_rel_end": 0.07958984375
  },
  "fit": {
    "method": "esprit_matrix_pencil",
    "L": 102,
    "rank_used": 2,
    "residual_rms": 1.099034875003986,
    "relative_rms": 0.9774303581074439,
    "singular_values": [
      24.793726311945367,
      24.677948398744903,
      22.924073253788652,
      22.89085623754038,
      22.717372626910457,
      21.8639957419247,
      20.490464595114116,
      20.342213883189718,
      18.791673869707147,
      18.558631732271497,
      17.601166835528794,
      17.416353098212962,
      16.7961555738272,
      16.70948747815377,
      16.140447664725638,
      15.508669685659656,
      15.420031605526429,
      15.395729979004463,
      15.345752720215748,
      15.229770295460709,
      14.84016298606087,
      13.978410318154813,
      13.736730867129658,
      13.304807105427038,
      13.292706182023647,
      13.116382909328921,
      12.80927910155345,
      12.760577401928114,
      12.516022180656416,
      12.452783236587932,
      12.267737367322257,
      11.952293197216932,
      11.588131621730046,
      11.292913643651366,
      10.963089566112915,
      10.810610451445452,
      10.757428504527612,
      10.480746339740351,
      10.448470991259875,
      10.242831614165574,
      9.925702197020366,
      9.789821248300742,
      9.316111505922384,
      9.134702268707043,
      8.923544186152963,
      8.782049355560984,
      8.652494454534457,
      8.552338831982508,
      7.999237467598534,
      7.882459871744776,
      7.74687885520171,
      7.539555812531215,
      7.459798817987955,
      7.231804510501339,
      6.595988527254593,
      6.524026683077412,
      6.441523108021251,
      6.427436702042039,
      6.04544693894921,
      5.862650808977855,
      5.72458653408294,
      5.6277384948555405,
      5.303617753902979,
      5.082658129886904
    ],
    "singular_values_truncated": true
  },
  "poles": [
    {
      "i": 0,
      "z": [
        -0.23050566199795228,
        -0.9664807463151218
      ],
      "q": [
        -26.346497600694576,
        -7392.962657655716
      ],
      "omega_qnm": [
        7392.962657655716,
        -26.346497600694576
      ],
      "freq_hz": 1176.6265510597027,
      "damping_1_over_s": 26.346497600694576,
      "a": [
        0.09055273913934714,
        -0.19343452049305246
      ],
      "amp_abs": 0.2135806926761307
    },
    {
      "i": 1,
      "z": [
        0.4214797076689819,
        -0.7281851580930598
      ],
      "q": [
        -707.4901564118376,
        -4284.844529874271
      ],
      "omega_qnm": [
        4284.844529874271,
        -707.4901564118376
      ],
      "freq_hz": 681.9541873097586,
      "damping_1_over_s": 707.4901564118376,
      "a": [
        -0.21053212825810935,
        0.9732529329026007
      ],
      "amp_abs": 0.9957635504638656
    }
  ]
}
