{
  "created_at": "2026-04-08T15:12:26+00:00",
  "script": "01_extract_ringdown_poles.py",
  "script_version": "01_extract_ringdown_poles.py/v1.1",
  "event": "GW170814",
  "ifo": "H1",
  "fs_hz": 4096.0,
  "dt": 0.000244140625,
  "t0_rel": -0.457763671875,
  "duration_s": 0.25,
  "preprocess": {
    "detrend": "mean",
    "hp_hz": null,
    "lp_hz": null
  },
  "window": {
    "t0_rel": -0.457763671875,
    "duration_s": 0.25,
    "i0": 63661,
    "i1": 64686,
    "n_samples": 1025,
    "t_rel_start": -0.457763671875,
    "t_rel_end": -0.207763671875
  },
  "fit": {
    "method": "esprit_matrix_pencil",
    "L": 512,
    "rank_used": 16,
    "residual_rms": 0.9926197658236123,
    "relative_rms": 0.9967178699117216,
    "singular_values": [
      49.715683286825026,
      49.656207763134,
      49.41197984714137,
      49.406862739858504,
      48.282284638746425,
      48.18675541459785,
      47.986841779879114,
      47.885964117526655,
      44.40477761869474,
      44.37571290187347,
      43.80786873100331,
      43.747430599932706,
      43.59882008139192,
      43.536245399933435,
      43.18594047175006,
      43.09515734947051,
      42.63114068212422,
      42.21939371658325,
      42.18904087927131,
      42.0841686701647,
      42.04850631169008,
      41.94624246538034,
      41.8833240396602,
      41.69524441531813,
      41.54607031098904,
      41.49041155931736,
      41.41928281202636,
      41.23787090080556,
      40.768840473365145,
      40.74445347860118,
      40.49265211395545,
      40.42327122686775,
      40.41635841417124,
      40.319202877094206,
      39.97787028375441,
      39.77590917003158,
      38.84606095470887,
      38.78439332884495,
      38.32094900330392,
      38.3061839186933,
      38.116807746977884,
      38.042810630818046,
      38.022679033131155,
      38.00260295775095,
      37.62189932942586,
      37.54165592452267,
      37.438765759682255,
      37.38332525414049,
      36.99328951617314,
      36.98313969944326,
      36.93665571266825,
      36.924111613319205,
      36.92171465374882,
      36.732256759546715,
      36.33356364969351,
      36.26671428514654,
      35.822177441108614,
      35.74364369415604,
      35.62152262029155,
      35.56903066438505,
      35.13668983680707,
      35.134918560469494,
      35.08961031414224,
      35.081094351576866
    ],
    "singular_values_truncated": true
  },
  "poles": [
    {
      "i": 0,
      "z": [
        0.8182506206918209,
        -0.5748489343867844
      ],
      "q": [
        -0.02995093251173185,
        -2508.4913866123707
      ],
      "omega_qnm": [
        2508.4913866123707,
        -0.02995093251173185
      ],
      "freq_hz": 399.2388038828015,
      "damping_1_over_s": 0.02995093251173185,
      "a": [
        -1.4938281017642385e-22,
        -4.642450854199864e-23
      ],
      "amp_abs": 1.5643036460218195e-22
    },
    {
      "i": 1,
      "z": [
        -0.3248628416156929,
        -0.9456905466187115
      ],
      "q": [
        -0.2734757653009013,
        -7789.305698978929
      ],
      "omega_qnm": [
        7789.305698978929,
        -0.2734757653009013
      ],
      "freq_hz": 1239.7065052463677,
      "damping_1_over_s": 0.2734757653009013,
      "a": [
        -6.321705280270652e-24,
        -3.529853300066759e-23
      ],
      "amp_abs": 3.586015044098143e-23
    },
    {
      "i": 2,
      "z": [
        -0.5848040258661704,
        -0.8110238530709932
      ],
      "q": [
        -0.5009223486201401,
        -8992.86198581003
      ],
      "omega_qnm": [
        8992.86198581003,
        -0.5009223486201401
      ],
      "freq_hz": 1431.2584375848642,
      "damping_1_over_s": 0.5009223486201401,
      "a": [
        -1.2250549417782615e-23,
        -1.5593286286965325e-23
      ],
      "amp_abs": 1.9829940450359273e-23
    },
    {
      "i": 3,
      "z": [
        0.0779061531694977,
        -0.9968317419232872
      ],
      "q": [
        -0.5266281489481656,
        -6114.51331814004
      ],
      "omega_qnm": [
        6114.51331814004,
        -0.5266281489481656
      ],
      "freq_hz": 973.1550191832142,
      "damping_1_over_s": 0.5266281489481656,
      "a": [
        1.6225738179606561e-22,
        1.1806409258362757e-22
      ],
      "amp_abs": 2.006653629924945e-22
    },
    {
      "i": 4,
      "z": [
        0.9432299276015131,
        -0.3317053816972083
      ],
      "q": [
        -0.5916367938594009,
        -1385.1096016048275
      ],
      "omega_qnm": [
        1385.1096016048275,
        -0.5916367938594009
      ],
      "freq_hz": 220.44703981945415,
      "damping_1_over_s": 0.5916367938594009,
      "a": [
        1.0548183299733439e-23,
        9.117930675086037e-24
      ],
      "amp_abs": 1.394276983674515e-23
    },
    {
      "i": 5,
      "z": [
        -0.7131814234330573,
        -0.7006975287352918
      ],
      "q": [
        -0.8095920505042367,
        -9687.137470303427
      ],
      "omega_qnm": [
        9687.137470303427,
        -0.8095920505042367
      ],
      "freq_hz": 1541.755812809509,
      "damping_1_over_s": 0.8095920505042367,
      "a": [
        -3.5638322808455295e-24,
        1.4379229505743117e-23
      ],
      "amp_abs": 1.481428843059396e-23
    },
    {
      "i": 6,
      "z": [
        0.4329325780630383,
        -0.9011077525577466
      ],
      "q": [
        -1.17630166757678,
        -4599.459291760566
      ],
      "omega_qnm": [
        4599.459291760566,
        -1.17630166757678
      ],
      "freq_hz": 732.0266818336421,
      "damping_1_over_s": 1.17630166757678,
      "a": [
        7.124420250234979e-23,
        2.16258525501271e-23
      ],
      "amp_abs": 7.44541059224786e-23
    },
    {
      "i": 7,
      "z": [
        -0.06486965986081575,
        -0.9975845932325544
      ],
      "q": [
        -1.26381453258251,
        -6699.956755886597
      ],
      "omega_qnm": [
        6699.956755886597,
        -1.26381453258251
      ],
      "freq_hz": 1066.3312362012912,
      "damping_1_over_s": 1.26381453258251,
      "a": [
        -4.3002865104735634e-23,
        4.810415303830113e-23
      ],
      "amp_abs": 6.452329770515751e-23
    },
    {
      "i": 8,
      "z": [
        -0.5141720756062721,
        -0.8572837881312335
      ],
      "q": [
        -1.4168525376073648,
        -8646.84366031619
      ],
      "omega_qnm": [
        8646.84366031619,
        -1.4168525376073648
      ],
      "freq_hz": 1376.1879106821393,
      "damping_1_over_s": 1.4168525376073648,
      "a": [
        1.2102018708729363e-23,
        -1.3639790392511666e-23
      ],
      "amp_abs": 1.8234657627114613e-23
    },
    {
      "i": 9,
      "z": [
        -0.4692726897053491,
        -0.882647025020481
      ],
      "q": [
        -1.4697049160942213,
        -8435.523659865807
      ],
      "omega_qnm": [
        8435.523659865807,
        -1.4697049160942213
      ],
      "freq_hz": 1342.555288036279,
      "damping_1_over_s": 1.4697049160942213,
      "a": [
        -1.8262641886942677e-23,
        6.12295843403639e-24
      ],
      "amp_abs": 1.9261742098669332e-23
    },
    {
      "i": 10,
      "z": [
        0.28795644967913087,
        -0.9572547124973523
      ],
      "q": [
        -1.5253007696530656,
        -5237.113303257299
      ],
      "omega_qnm": [
        5237.113303257299,
        -1.5253007696530656
      ],
      "freq_hz": 833.5124697457235,
      "damping_1_over_s": 1.5253007696530656,
      "a": [
        5.96222263981972e-23,
        -1.2903974591244768e-22
      ],
      "amp_abs": 1.4214804221594801e-22
    },
    {
      "i": 11,
      "z": [
        0.9879436806764068,
        -0.1523714989593971
      ],
      "q": [
        -1.5370069296173654,
        -626.7912693409329
      ],
      "omega_qnm": [
        626.7912693409329,
        -1.5370069296173654
      ],
      "freq_hz": 99.75692880245302,
      "damping_1_over_s": 1.5370069296173654,