{
  "created_at": "2026-04-18T06:28:00+00:00",
  "script": "01_extract_ringdown_poles.py",
  "script_version": "01_extract_ringdown_poles.py/v1.3",
  "event": "GW170814",
  "ifo": "L1",
  "fs_hz": 4096.0,
  "dt": 0.000244140625,
  "t0_rel": 0.02978515625,
  "duration_s": 0.05,
  "preprocess": {
    "detrend": "mean",
    "hp_hz": 30.0,
    "lp_hz": null
  },
  "window": {
    "t0_rel": 0.02978515625,
    "duration_s": 0.05,
    "i0": 65658,
    "i1": 65863,
    "n_samples": 205,
    "t_rel_start": 0.02978515625,
    "t_rel_end": 0.07958984375
  },
  "fit": {
    "method": "esprit_matrix_pencil",
    "L": 102,
    "rank_used": 2,
    "residual_rms": 0.9856389575784914,
    "relative_rms": 0.9732115204493172,
    "singular_values": [
      19.876936679615703,
      19.73270760266934,
      18.300636057500043,
      17.950989017938547,
      17.82575240398152,
      17.75704559226731,
      17.275782644759136,
      17.208436018240395,
      17.004868156278256,
      16.83668013582173,
      14.896109049487952,
      14.805558881912752,
      14.719124334500979,
      14.529834577277772,
      14.14635196791827,
      14.086551105643128,
      13.88767488530477,
      13.87967364120997,
      13.82939345729871,
      13.820106437663002,
      13.575774643928362,
      13.20187203851085,
      13.045085684453676,
      12.735497854471395,
      12.522356041455827,
      12.310481974854627,
      12.046456789619842,
      12.02485127892225,
      11.88768264847644,
      11.69846504502554,
      11.030173793353615,
      10.9395627599029,
      10.793209558434278,
      10.760439569679901,
      10.725184676557031,
      10.658477068358636,
      10.478690194667129,
      10.315682203095061,
      9.96801433964167,
      9.890026596183782,
      9.677417709275685,
      9.596491201007245,
      9.575894570500402,
      9.436088918814152,
      9.264965151139439,
      9.198671779621732,
      9.074107133224233,
      8.963127899422256,
      8.930791642374185,
      8.631073253142123,
      8.609943052748868,
      8.287221703433303,
      7.937530818681348,
      7.851438750635991,
      7.652121253558958,
      7.5279145055682575,
      7.430151905154237,
      7.421341052670468,
      7.304684761121009,
      7.191959428017507,
      7.067168137902316,
      6.987923379568644,
      6.855147556561374,
      6.691479846540687
    ],
    "singular_values_truncated": true
  },
  "poles": [
    {
      "i": 0,
      "z": [
        -0.811795397877472,
        -0.5793980920353744
      ],
      "q": [
        -10.854612375324985,
        -10328.944729428786
      ],
      "omega_qnm": [
        10328.944729428786,
        -10.854612375324985
      ],
      "freq_hz": 1643.9026106115707,
      "damping_1_over_s": 10.854612375324985,
      "a": [
        0.011749661540740863,
        -0.12079257770807755
      ],
      "amp_abs": 0.12136268526892406
    },
    {
      "i": 1,
      "z": [
        0.3791299685610777,
        -0.6832936983582372
      ],
      "q": [
        -1010.2054439925264,
        -4359.094862056332
      ],
      "omega_qnm": [
        4359.094862056332,
        -1010.2054439925264
      ],
      "freq_hz": 693.7714947027489,
      "damping_1_over_s": 1010.2054439925264,
      "a": [
        1.085986693348653,
        -0.0006572448565265732
      ],
      "amp_abs": 1.085986892232656
    }
  ]
}
