i,omega_re,omega_im,freq_hz,damping_1_over_s,amp_abs,a_re,a_im,z_re,z_im,q_re,q_im
0,7.392962657655715702e+03,-2.634649760069457614e+01,1.176626551059702706e+03,2.634649760069457614e+01,2.135806926761306956e-01,9.055273913934713814e-02,-1.934345204930524587e-01,-2.305056619979522770e-01,-9.664807463151218192e-01,-2.634649760069457614e+01,-7.392962657655715702e+03
1,4.284844529874270847e+03,-7.074901564118375745e+02,6.819541873097585949e+02,7.074901564118375745e+02,9.957635504638655544e-01,-2.105321282581093523e-01,9.732529329026007314e-01,4.214797076689819066e-01,-7.281851580930598367e-01,-7.074901564118375745e+02,-4.284844529874270847e+03
