{
  "created_at": "2026-04-08T15:12:26+00:00",
  "script": "01_extract_ringdown_poles.py",
  "script_version": "01_extract_ringdown_poles.py/v1.1",
  "event": "GW170814",
  "ifo": "H1+L1",
  "fs_hz": 4096.0,
  "dt": 0.000244140625,
  "t0_rel": -0.457763671875,
  "duration_s": 0.25,
  "preprocess": {
    "detrend": "mean",
    "hp_hz": null,
    "lp_hz": null
  },
  "window": {
    "t0_rel": -0.457763671875,
    "duration_s": 0.25,
    "i0": 63661,
    "i1": 64686,
    "n_samples": 1025,
    "t_rel_start": -0.457763671875,
    "t_rel_end": -0.207763671875
  },
  "fit": {
    "method": "esprit_matrix_pencil",
    "L": 512,
    "rank_used": 16,
    "residual_rms": NaN,
    "relative_rms": NaN,
    "singular_values": [],
    "singular_values_truncated": false
  },
  "poles": [
    {
      "i": 0,
      "z": [
        0.8927720750664023,
        -0.4505062144531626
      ],
      "q": [
        -0.0044497368505116855,
        -1914.195229141162
      ],
      "omega_qnm": [
        1914.195229141162,
        -0.0044497368505116855
      ],
      "freq_hz": 304.6536327607392,
      "damping_1_over_s": 0.0044497368505116855,
      "a": [
        1.1776200638962892e-68,
        6.104027249332976e-69
      ],
      "amp_abs": 1.326416413309597e-68
    },
    {
      "i": 1,
      "z": [
        0.6998350358743493,
        -0.7143010173920179
      ],
      "q": [
        -0.0101972538824091,
        -3258.8896701691824
      ],
      "omega_qnm": [
        3258.8896701691824,
        -0.0101972538824091
      ],
      "freq_hz": 518.6683999985418,
      "damping_1_over_s": 0.0101972538824091,
      "a": [
        -1.064375624499685e-68,
        -8.24863303371326e-69
      ],
      "amp_abs": 1.3465864024553905e-68
    },
    {
      "i": 2,
      "z": [
        0.8182506206918209,
        -0.5748489343867844
      ],
      "q": [
        -0.02995093251173185,
        -2508.4913866123707
      ],
      "omega_qnm": [
        2508.4913866123707,
        -0.02995093251173185
      ],
      "freq_hz": 399.2388038828015,
      "damping_1_over_s": 0.02995093251173185,
      "a": [
        -1.4938281017642385e-22,
        -4.642450854199864e-23
      ],
      "amp_abs": 1.5643036460218195e-22
    },
    {
      "i": 3,
      "z": [
        0.4483656149817359,
        -0.8938164585281125
      ],
      "q": [
        -0.12373113097779015,
        -4529.541745188911
      ],
      "omega_qnm": [
        4529.541745188911,
        -0.12373113097779015
      ],
      "freq_hz": 720.8989586879054,
      "damping_1_over_s": 0.12373113097779015,
      "a": [
        5.318048914080377e-69,
        1.2560969001942839e-68
      ],
      "amp_abs": 1.3640366069879518e-68
    },
    {
      "i": 4,
      "z": [
        -0.13854208442749336,
        -0.9903193618164134
      ],
      "q": [
        -0.150845780975772,
        -7003.302418419888
      ],
      "omega_qnm": [
        7003.302418419888,
        -0.150845780975772
      ],
      "freq_hz": 1114.6101978589504,
      "damping_1_over_s": 0.150845780975772,
      "a": [
        -8.552762844989027e-69,
        -1.34354288216096e-68
      ],
      "amp_abs": 1.592672282370616e-68
    },
    {
      "i": 5,
      "z": [
        0.8098061573612615,
        -0.5866245178338578
      ],
      "q": [
        -0.175444470230257,
        -2567.8461251474178
      ],
      "omega_qnm": [
        2567.8461251474178,
        -0.175444470230257
      ],
      "freq_hz": 408.6854039165812,
      "damping_1_over_s": 0.175444470230257,
      "a": [
        1.0502413284193753e-68,
        7.260755993650458e-69
      ],
      "amp_abs": 1.2767899685983615e-68
    },
    {
      "i": 6,
      "z": [
        0.09431241809710084,
        -0.9954865270684972
      ],
      "q": [
        -0.22886084896082437,
        -6047.081419495736
      ],
      "omega_qnm": [
        6047.081419495736,
        -0.22886084896082437
      ],
      "freq_hz": 962.4228991919015,
      "damping_1_over_s": 0.22886084896082437,
      "a": [
        -1.1945898640972784e-68,
        -8.160065740281151e-69
      ],
      "amp_abs": 1.4466899019005613e-68
    },
    {
      "i": 7,
      "z": [
        -0.3248628416156929,
        -0.9456905466187115
      ],
      "q": [
        -0.2734757653009013,
        -7789.305698978929
      ],
      "omega_qnm": [
        7789.305698978929,
        -0.2734757653009013
      ],
      "freq_hz": 1239.7065052463677,
      "damping_1_over_s": 0.2734757653009013,
      "a": [
        -6.321705280270652e-24,
        -3.529853300066759e-23
      ],
      "amp_abs": 3.586015044098143e-23
    },
    {
      "i": 8,
      "z": [
        -0.5848040258661704,
        -0.8110238530709932
      ],
      "q": [
        -0.5009223486201401,
        -8992.86198581003
      ],
      "omega_qnm": [
        8992.86198581003,
        -0.5009223486201401
      ],
      "freq_hz": 1431.2584375848642,
      "damping_1_over_s": 0.5009223486201401,
      "a": [
        -1.2250549417782615e-23,
        -1.5593286286965325e-23
      ],
      "amp_abs": 1.9829940450359273e-23
    },
    {
      "i": 9,
      "z": [
        0.0779061531694977,
        -0.9968317419232872
      ],
      "q": [
        -0.5266281489481656,
        -6114.51331814004
      ],
      "omega_qnm": [
        6114.51331814004,
        -0.5266281489481656
      ],
      "freq_hz": 973.1550191832142,
      "damping_1_over_s": 0.5266281489481656,
      "a": [
        1.6225738179606561e-22,
        1.1806409258362757e-22
      ],
      "amp_abs": 2.006653629924945e-22
    },
    {
      "i": 10,
      "z": [
        0.9432299276015131,
        -0.3317053816972083
      ],
      "q": [
        -0.5916367938594009,
        -1385.1096016048275
      ],
      "omega_qnm": [
        1385.1096016048275,
        -0.5916367938594009
      ],
      "freq_hz": 220.44703981945415,
      "damping_1_over_s": 0.5916367938594009,
      "a": [
        1.0548183299733439e-23,
        9.117930675086037e-24
      ],
      "amp_abs": 1.394276983674515e-23
    },
    {
      "i": 11,
      "z": [
        -0.8289769789102583,
        -0.5590031550435393
      ],
      "q": [
        -0.6403890597962036,
        -10437.853807615014
      ],
      "omega_qnm": [
        10437.853807615014,
        -0.6403890597962036
      ],
      "freq_hz": 1661.2360287524907,
      "damping_1_over_s": 0.6403890597962036,
      "a": [
        -1.6469138039031109e-68,
        1.6102509441091175e-68
      ],
      "amp_abs": 2.30330918039479e-68
    },
    {
      "i": 12,
      "z": [
        0.5657561341917603,
        -0.8243722114031623
      ],
      "q": [
        -0.6768810035345165,
        -3970.387812386043
      ],
      "omega_qnm": [
        3970.387812386043,
        -0.6768810035345165
      ],
      "freq_hz": 631.9068463330556,
      "damping_1_over_s": 0.6768810035345165,
      "a": [
        1.0451744405398998e-68,
        -5.094248878492219e-69
      ],
      "amp_abs": 1.1627137771257743e-68
    },
    {
      "i": 13,
      "z": [
        -0.301316804585275,
        -0.9533506363449583
      ],
      "q": [
        -0.6774828322516675,
        -7687.872263495669
      ],
      "omega_qnm": [
        7687.872263495669,
        -0.6774828322516675
      ],
      "freq_hz": 1223.5628725944139,
      "damping_1_over_s": 0.6774828322516675,
      "a": [
        1.2634153441798013e-68,
        -7.970662875335426e-69
      ],
      "amp_abs": 1.4938316500300392e-68
    },
    {
      "i": 14,
      "z": [
        -0.7131814234330573,
        -0.7006975287352918
      ],
      "q": [
        -0.8095920505042367,
        -9687.137470303427
      ],
      "omega_qnm": [
        9687.137470303427,
        -0.8095920505042367
      ],
      "freq_hz": 1541.755812809509,
      "damping_1_over_s": 0.8095920505042367,
      "a": [
        -3.5638322808455295e-24,
        1.4379229505743117e-23
      ],
      "amp_abs": 1.481428843059396e-23
    },
    {
      "i": 15,