{
  "created_at": "2026-04-18T06:28:00+00:00",
  "script": "01_extract_ringdown_poles.py",
  "script_version": "01_extract_ringdown_poles.py/v1.3",
  "event": "GW170814",
  "ifo": "H1+L1",
  "fs_hz": 4096.0,
  "dt": 0.000244140625,
  "t0_rel": 0.02978515625,
  "duration_s": 0.05,
  "preprocess": {
    "detrend": "mean",
    "hp_hz": 30.0,
    "lp_hz": null
  },
  "window": {
    "t0_rel": 0.02978515625,
    "duration_s": 0.05,
    "i0": 65658,
    "i1": 65863,
    "n_samples": 205,
    "t_rel_start": 0.02978515625,
    "t_rel_end": 0.07958984375
  },
  "fit": {
    "method": "esprit_matrix_pencil",
    "L": 102,
    "rank_used": 4,
    "residual_rms": 1.099034875003986,
    "relative_rms": 0.9774303581074439,
    "singular_values": [],
    "singular_values_truncated": false
  },
  "poles": [
    {
      "i": 0,
      "z": [
        -0.811795397877472,
        -0.5793980920353744
      ],
      "q": [
        -10.854612375324985,
        -10328.944729428786
      ],
      "omega_qnm": [
        10328.944729428786,
        -10.854612375324985
      ],
      "freq_hz": 1643.9026106115707,
      "damping_1_over_s": 10.854612375324985,
      "a": [
        0.011749661540740863,
        -0.12079257770807755
      ],
      "amp_abs": 0.12136268526892406
    },
    {
      "i": 1,
      "z": [
        -0.23050566199795228,
        -0.9664807463151218
      ],
      "q": [
        -26.346497600694576,
        -7392.962657655716
      ],
      "omega_qnm": [
        7392.962657655716,
        -26.346497600694576
      ],
      "freq_hz": 1176.6265510597027,
      "damping_1_over_s": 26.346497600694576,
      "a": [
        0.09055273913934714,
        -0.19343452049305246
      ],
      "amp_abs": 0.2135806926761307
    },
    {
      "i": 2,
      "z": [
        0.4214797076689819,
        -0.7281851580930598
      ],
      "q": [
        -707.4901564118376,
        -4284.844529874271
      ],
      "omega_qnm": [
        4284.844529874271,
        -707.4901564118376
      ],
      "freq_hz": 681.9541873097586,
      "damping_1_over_s": 707.4901564118376,
      "a": [
        -0.21053212825810935,
        0.9732529329026007
      ],
      "amp_abs": 0.9957635504638656
    },
    {
      "i": 3,
      "z": [
        0.3791299685610777,
        -0.6832936983582372
      ],
      "q": [
        -1010.2054439925264,
        -4359.094862056332
      ],
      "omega_qnm": [
        4359.094862056332,
        -1010.2054439925264
      ],
      "freq_hz": 693.7714947027489,
      "damping_1_over_s": 1010.2054439925264,
      "a": [
        1.085986693348653,
        -0.0006572448565265732
      ],
      "amp_abs": 1.085986892232656
    }
  ]
}
