i,omega_re,omega_im,freq_hz,damping_1_over_s,amp_abs,a_re,a_im,z_re,z_im,q_re,q_im
0,1.032894472942878565e+04,-1.085461237532498480e+01,1.643902610611570708e+03,1.085461237532498480e+01,1.213626852689240615e-01,1.174966154074086333e-02,-1.207925777080775531e-01,-8.117953978774720136e-01,-5.793980920353744013e-01,-1.085461237532498480e+01,-1.032894472942878565e+04
1,4.359094862056332204e+03,-1.010205443992526398e+03,6.937714947027488961e+02,1.010205443992526398e+03,1.085986892232656098e+00,1.085986693348653054e+00,-6.572448565265731624e-04,3.791299685610777237e-01,-6.832936983582371671e-01,-1.010205443992526398e+03,-4.359094862056332204e+03
