{
  "created_at": "2026-04-17T09:25:53+00:00",
  "script": "01_extract_ringdown_poles.py",
  "script_version": "01_extract_ringdown_poles.py/v1.2",
  "event": "GW170814",
  "ifo": "L1",
  "fs_hz": 4096.0,
  "dt": 0.000244140625,
  "t0_rel": -0.454763671875,
  "duration_s": 0.08,
  "preprocess": {
    "detrend": "mean",
    "hp_hz": 30.0,
    "lp_hz": null
  },
  "window": {
    "t0_rel": -0.454763671875,
    "duration_s": 0.08,
    "i0": 63674,
    "i1": 64001,
    "n_samples": 327,
    "t_rel_start": -0.45458984375,
    "t_rel_end": -0.375
  },
  "fit": {
    "method": "esprit_matrix_pencil",
    "L": 163,
    "rank_used": 2,
    "residual_rms": 0.9257244167496204,
    "relative_rms": 0.9748872852327038,
    "singular_values": [
      28.495696443323325,
      28.438639986868047,
      26.44758717331569,
      26.397862211324608,
      25.303263948643004,
      25.15270769581555,
      24.856791753340868,
      24.740791613967442,
      23.5262781168263,
      23.292093355637125,
      21.738174235594165,
      21.64554918423952,
      21.272158675876042,
      21.075598230693746,
      20.955186972689937,
      20.22825774537151,
      20.117729516838395,
      19.69410539746063,
      19.43434982527379,
      19.35822974312087,
      19.0281249928518,
      18.766036344333404,
      18.238917562920093,
      17.82377561736848,
      17.515609517151972,
      17.498899987725437,
      17.369138617812723,
      17.357333690762204,
      17.030492120923828,
      16.980357064286782,
      16.691764722834417,
      16.65785159745421,
      16.444137385097285,
      16.33574559564263,
      16.25743648683609,
      16.190494729389673,
      16.015159598151364,
      15.990705839695899,
      15.654931151705988,
      15.545246912795122,
      15.153152999907316,
      15.135729471388231,
      15.028511816138908,
      14.939509809911511,
      14.835885201063592,
      14.665109959150712,
      14.550768650694254,
      14.372084779317944,
      14.327754852596206,
      14.225543023123889,
      14.201060708730045,
      14.12274303073115,
      14.112579909660452,
      13.860845193883272,
      13.746379753970363,
      13.720050534815625,
      13.45256128370521,
      13.388117967773095,
      13.165272440343012,
      13.141519671490169,
      13.071680765087251,
      12.886840993204043,
      12.7922091517262,
      12.005886299779212
    ],
    "singular_values_truncated": true
  },
  "poles": [
    {
      "i": 0,
      "z": [
        -0.40330970636212826,
        -0.9115184064450416
      ],
      "q": [
        -13.304898167826225,
        -8140.2333407359565
      ],
      "omega_qnm": [
        8140.2333407359565,
        -13.304898167826225
      ],
      "freq_hz": 1295.5583740995803,
      "damping_1_over_s": 13.304898167826225,
      "a": [
        -0.06902376045122754,
        0.1788752978272683
      ],
      "amp_abs": 0.19173067485309278
    },
    {
      "i": 1,
      "z": [
        -0.2800724132968838,
        -0.9520647950608112
      ],
      "q": [
        -31.2273455582744,
        -7605.859729766257
      ],
      "omega_qnm": [
        7605.859729766257,
        -31.2273455582744
      ],
      "freq_hz": 1210.5101724558872,
      "damping_1_over_s": 31.2273455582744,
      "a": [
        0.006945011267930813,
        0.1788527954235944
      ],
      "amp_abs": 0.17898758507881432
    }
  ]
}
