{
  "created_at": "2026-04-17T09:25:53+00:00",
  "script": "01_extract_ringdown_poles.py",
  "script_version": "01_extract_ringdown_poles.py/v1.2",
  "event": "GW170814",
  "ifo": "H1+L1",
  "fs_hz": 4096.0,
  "dt": 0.000244140625,
  "t0_rel": -0.454763671875,
  "duration_s": 0.08,
  "preprocess": {
    "detrend": "mean",
    "hp_hz": 30.0,
    "lp_hz": null
  },
  "window": {
    "t0_rel": -0.454763671875,
    "duration_s": 0.08,
    "i0": 63674,
    "i1": 64001,
    "n_samples": 327,
    "t_rel_start": -0.45458984375,
    "t_rel_end": -0.375
  },
  "fit": {
    "method": "esprit_matrix_pencil",
    "L": 163,
    "rank_used": 4,
    "residual_rms": NaN,
    "relative_rms": NaN,
    "singular_values": [],
    "singular_values_truncated": false
  },
  "poles": [
    {
      "i": 0,
      "z": [
        -0.40330970636212826,
        -0.9115184064450416
      ],
      "q": [
        -13.304898167826225,
        -8140.2333407359565
      ],
      "omega_qnm": [
        8140.2333407359565,
        -13.304898167826225
      ],
      "freq_hz": 1295.5583740995803,
      "damping_1_over_s": 13.304898167826225,
      "a": [
        -0.06902376045122754,
        0.1788752978272683
      ],
      "amp_abs": 0.19173067485309278
    },
    {
      "i": 1,
      "z": [
        -0.2800724132968838,
        -0.9520647950608112
      ],
      "q": [
        -31.2273455582744,
        -7605.859729766257
      ],
      "omega_qnm": [
        7605.859729766257,
        -31.2273455582744
      ],
      "freq_hz": 1210.5101724558872,
      "damping_1_over_s": 31.2273455582744,
      "a": [
        0.006945011267930813,
        0.1788527954235944
      ],
      "amp_abs": 0.17898758507881432
    },
    {
      "i": 2,
      "z": [
        -0.7492068943082323,
        -0.6380811179743627
      ],
      "q": [
        -65.63771138203029,
        -9978.374999314332
      ],
      "omega_qnm": [
        9978.374999314332,
        -65.63771138203029
      ],
      "freq_hz": 1588.1077051654638,
      "damping_1_over_s": 65.63771138203029,
      "a": [
        0.020236682718005716,
        0.20053878992366403
      ],
      "amp_abs": 0.20155726132163207
    },
    {
      "i": 3,
      "z": [
        0.549598289463204,
        -0.7945216315266038
      ],
      "q": [
        -141.32028862507113,
        -3955.2574208033143
      ],
      "omega_qnm": [
        3955.2574208033143,
        -141.32028862507113
      ],
      "freq_hz": 629.4987697217482,
      "damping_1_over_s": 141.32028862507113,
      "a": [
        -0.3962484552338714,
        -0.20516124921439352
      ],
      "amp_abs": 0.44621068617239534
    }
  ]
}
