{
  "created_at": "2026-04-17T09:25:54+00:00",
  "script": "01_extract_ringdown_poles.py",
  "script_version": "01_extract_ringdown_poles.py/v1.2",
  "event": "GW170104",
  "ifo": "H1",
  "fs_hz": 4096.0,
  "dt": 0.000244140625,
  "t0_rel": 0.13932822036743164,
  "duration_s": 0.1,
  "preprocess": {
    "detrend": "mean",
    "hp_hz": 30.0,
    "lp_hz": null
  },
  "window": {
    "t0_rel": 0.13932822036743164,
    "duration_s": 0.1,
    "i0": 66108,
    "i1": 66517,
    "n_samples": 409,
    "t_rel_start": 0.13950204849243164,
    "t_rel_end": 0.23911142349243164
  },
  "fit": {
    "method": "esprit_matrix_pencil",
    "L": 204,
    "rank_used": 1,
    "residual_rms": 0.9894002660439394,
    "relative_rms": 0.9813773831753593,
    "singular_values": [
      35.91033435167054,
      35.40027573446358,
      30.453086023370023,
      29.72176061751333,
      27.486629650813608,
      27.28751741555383,
      26.51143875194693,
      26.496144372085517,
      26.12299258988962,
      26.064364795077516,
      25.832406954052214,
      25.812430410325018,
      24.93340553304544,
      24.910574958685398,
      24.776227494350024,
      24.639911396385628,
      23.67186379850307,
      23.618349099318174,
      23.05269784169462,
      22.910500821074745,
      22.63812908763336,
      22.567814390752893,
      22.417291009886473,
      22.409450548568813,
      22.339401015851003,
      22.33256814145381,
      22.208409551575375,
      21.99725237887534,
      21.915888157292905,
      21.909222804399732,
      21.53628752018042,
      21.49775171811258,
      21.24467381539513,
      21.10759999689963,
      20.778647049761165,
      20.602113908813575,
      20.580148588653444,
      20.467395672167747,
      20.443694474841504,
      20.365378773369144,
      20.332919923776355,
      20.219657808146046,
      20.204980856364312,
      19.6947364983103,
      19.65114690334635,
      19.528135094035928,
      19.307960387346068,
      19.151621963133707,
      19.120560391247665,
      19.021779265462946,
      18.946858380142384,
      18.53333028622418,
      18.459297810589984,
      18.202501815864892,
      18.06646057900991,
      17.727241563912802,
      17.55377153386686,
      17.42928114109041,
      17.323680012661754,
      17.30842626479401,
      16.858784154923914,
      16.817536301022685,
      16.504836340461022,
      16.319398875783335
    ],
    "singular_values_truncated": true
  },
  "poles": [
    {
      "i": 0,
      "z": [
        0.9422548472812957,
        -0.31811347861453954
      ],
      "q": [
        -22.569198681146762,
        -1333.630889917943
      ],
      "omega_qnm": [
        1333.630889917943,
        -22.569198681146762
      ],
      "freq_hz": 212.25394839048397,
      "damping_1_over_s": 22.569198681146762,
      "a": [
        -0.11462360848978327,
        -0.13368629732835355
      ],
      "amp_abs": 0.1760982615376542
    }
  ]
}
