{
  "created_at": "2026-04-17T09:25:54+00:00",
  "script": "01_extract_ringdown_poles.py",
  "script_version": "01_extract_ringdown_poles.py/v1.2",
  "event": "GW170104",
  "ifo": "H1+L1",
  "fs_hz": 4096.0,
  "dt": 0.000244140625,
  "t0_rel": 0.13932822036743164,
  "duration_s": 0.1,
  "preprocess": {
    "detrend": "mean",
    "hp_hz": 30.0,
    "lp_hz": null
  },
  "window": {
    "t0_rel": 0.13932822036743164,
    "duration_s": 0.1,
    "i0": 66108,
    "i1": 66517,
    "n_samples": 409,
    "t_rel_start": 0.13950204849243164,
    "t_rel_end": 0.23911142349243164
  },
  "fit": {
    "method": "esprit_matrix_pencil",
    "L": 204,
    "rank_used": 3,
    "residual_rms": NaN,
    "relative_rms": NaN,
    "singular_values": [],
    "singular_values_truncated": false
  },
  "poles": [
    {
      "i": 0,
      "z": [
        -0.0581642339493674,
        -0.9962129284546877
      ],
      "q": [
        -8.571842438387714,
        -6672.85693774984
      ],
      "omega_qnm": [
        6672.85693774984,
        -8.571842438387714
      ],
      "freq_hz": 1062.0181661879349,
      "damping_1_over_s": 8.571842438387714,
      "a": [
        0.1365158782764297,
        -0.12494615583804955
      ],
      "amp_abs": 0.18506249452628465
    },
    {
      "i": 1,
      "z": [
        0.9422548472812957,
        -0.31811347861453954
      ],
      "q": [
        -22.569198681146762,
        -1333.630889917943
      ],
      "omega_qnm": [
        1333.630889917943,
        -22.569198681146762
      ],
      "freq_hz": 212.25394839048397,
      "damping_1_over_s": 22.569198681146762,
      "a": [
        -0.11462360848978327,
        -0.13368629732835355
      ],
      "amp_abs": 0.1760982615376542
    },
    {
      "i": 2,
      "z": [
        -0.6344665874667144,
        -0.6844937622818594
      ],
      "q": [
        -282.66897740477714,
        -9495.688866772838
      ],
      "omega_qnm": [
        9495.688866772838,
        -282.66897740477714
      ],
      "freq_hz": 1511.2858212095753,
      "damping_1_over_s": 282.66897740477714,
      "a": [
        -0.2402178434014662,
        -0.20266300338307858
      ],
      "amp_abs": 0.31428793363522733
    }
  ]
}
