{
  "created_at": "2026-04-17T09:25:54+00:00",
  "script": "01_extract_ringdown_poles.py",
  "script_version": "01_extract_ringdown_poles.py/v1.2",
  "event": "GW170104",
  "ifo": "L1",
  "fs_hz": 4096.0,
  "dt": 0.000244140625,
  "t0_rel": 0.13932822036743164,
  "duration_s": 0.1,
  "preprocess": {
    "detrend": "mean",
    "hp_hz": 30.0,
    "lp_hz": null
  },
  "window": {
    "t0_rel": 0.13932822036743164,
    "duration_s": 0.1,
    "i0": 66108,
    "i1": 66517,
    "n_samples": 409,
    "t_rel_start": 0.13950204849243164,
    "t_rel_end": 0.23911142349243164
  },
  "fit": {
    "method": "esprit_matrix_pencil",
    "L": 204,
    "rank_used": 2,
    "residual_rms": 0.9284616912500991,
    "relative_rms": 0.9801201577561636,
    "singular_values": [
      34.25078660129613,
      34.16551935636598,
      28.523381456018154,
      28.504172710106488,
      28.258125022419456,
      28.098921559220983,
      27.800789631269176,
      27.717411074710608,
      27.06069040186484,
      26.737934784246693,
      26.116073085562753,
      26.042038584130488,
      24.1866870474217,
      24.154316719311673,
      23.32198611302307,
      23.12079827105633,
      22.807244101405992,
      22.697506763105157,
      22.67388999452805,
      22.588456449555043,
      22.186437056921942,
      22.088790267371703,
      20.495812041383182,
      20.31262582385977,
      19.85869743753005,
      19.813418026063122,
      19.667436784627203,
      19.397929214156754,
      19.292661171195714,
      19.174122386951645,
      18.919687666103464,
      18.86272720387737,
      18.77473048441734,
      18.550374501133888,
      18.41021185273484,
      18.3982837000136,
      18.112779216709182,
      18.081854863516387,
      17.912651692192526,
      17.89290385795947,
      17.692702571051644,
      17.619828819606422,
      17.301291682493588,
      17.179501827175827,
      17.121040923300217,
      17.06215216202183,
      16.78630146149501,
      16.738014784904163,
      16.51875587061859,
      16.492012800598122,
      16.41738374777312,
      16.245399604142737,
      16.12314905126082,
      16.10538119804771,
      15.922939050947146,
      15.90815433068931,
      15.780453394784814,
      15.753425182211522,
      15.6404392053776,
      15.553931230261771,
      15.457369752813596,
      15.319392427994151,
      15.28122646301276,
      15.216940603969277
    ],
    "singular_values_truncated": true
  },
  "poles": [
    {
      "i": 0,
      "z": [
        -0.0581642339493674,
        -0.9962129284546877
      ],
      "q": [
        -8.571842438387714,
        -6672.85693774984
      ],
      "omega_qnm": [
        6672.85693774984,
        -8.571842438387714
      ],
      "freq_hz": 1062.0181661879349,
      "damping_1_over_s": 8.571842438387714,
      "a": [
        0.1365158782764297,
        -0.12494615583804955
      ],
      "amp_abs": 0.18506249452628465
    },
    {
      "i": 1,
      "z": [
        -0.6344665874667144,
        -0.6844937622818594
      ],
      "q": [
        -282.66897740477714,
        -9495.688866772838
      ],
      "omega_qnm": [
        9495.688866772838,
        -282.66897740477714
      ],
      "freq_hz": 1511.2858212095753,
      "damping_1_over_s": 282.66897740477714,
      "a": [
        -0.2402178434014662,
        -0.20266300338307858
      ],
      "amp_abs": 0.31428793363522733
    }
  ]
}
