{
  "created_at": "2026-04-17T06:47:47+00:00",
  "script": "01_extract_ringdown_poles.py",
  "script_version": "01_extract_ringdown_poles.py/v1.1",
  "event": "GW150914",
  "ifo": "H1",
  "fs_hz": 4096.0,
  "dt": 0.000244140625,
  "t0_rel": 0.01845693588256836,
  "duration_s": 0.25,
  "preprocess": {
    "detrend": "mean",
    "hp_hz": 30.0,
    "lp_hz": null
  },
  "window": {
    "t0_rel": 0.01845693588256836,
    "duration_s": 0.25,
    "i0": 65612,
    "i1": 66637,
    "n_samples": 1025,
    "t_rel_start": 0.01845693588256836,
    "t_rel_end": 0.26845693588256836
  },
  "fit": {
    "method": "esprit_matrix_pencil",
    "L": 512,
    "rank_used": 16,
    "residual_rms": 0.6648020221109818,
    "relative_rms": 0.627824348202589,
    "singular_values": [
      59.09555433346555,
      58.95202445759147,
      51.445468585459004,
      50.242470193182456,
      50.190616504970016,
      48.69987092928018,
      46.160637801340435,
      46.130564342052445,
      45.39676811248106,
      45.344930404669896,
      45.3332496588482,
      44.76744822806971,
      44.76228319189228,
      44.301747855038755,
      44.280808418476894,
      44.24382325306851,
      44.182973281250334,
      43.909251569171694,
      43.164988687694866,
      42.878655684518165,
      42.84065513146883,
      42.30889609204097,
      42.26160344518112,
      42.1758140025648,
      41.2241523213593,
      40.765493044290366,
      40.71022390991006,
      40.5596557281807,
      40.369607129835565,
      40.362526864735074,
      39.92007215414056,
      39.885288634734955,
      39.192966046330675,
      39.02952164167238,
      38.92499673275977,
      38.822463944323374,
      38.78340839135711,
      38.54725448911836,
      38.17742397201661,
      38.13716517636789,
      38.10781231700313,
      37.83804096115937,
      36.85086632375373,
      36.820858062345714,
      36.654270695443834,
      36.556058742517116,
      36.37721025490805,
      36.19335584852587,
      36.08565584269629,
      35.987690059899194,
      35.800739443096084,
      35.70119862141302,
      35.29215288776965,
      35.00366873297118,
      34.87284232722228,
      34.74839709220207,
      34.303219845409906,
      34.187453012267824,
      33.93091782610195,
      33.870637178870425,
      33.2595715677404,
      33.23144464952388,
      33.040902337136956,
      33.014241606924486
    ],
    "singular_values_truncated": true
  },
  "poles": [
    {
      "i": 0,
      "z": [
        0.039283432353685005,
        -1.1144955894036044
      ],
      "q": [
        446.55710946642864,
        -6289.66682511412
      ],
      "omega_qnm": [
        6289.66682511412,
        446.55710946642864
      ],
      "freq_hz": 1001.0315656180198,
      "damping_1_over_s": -446.55710946642864,
      "a": [
        0.0,
        0.0
      ],
      "amp_abs": 0.0
    },
    {
      "i": 1,
      "z": [
        0.37339744515153717,
        -0.9828958462841891
      ],
      "q": [
        205.428067335399,
        -4946.90659861553
      ],
      "omega_qnm": [
        4946.90659861553,
        205.428067335399
      ],
      "freq_hz": 787.3246381835762,
      "damping_1_over_s": -205.428067335399,
      "a": [
        0.0,
        0.0
      ],
      "amp_abs": 0.0
    },
    {
      "i": 2,
      "z": [
        0.746979994921902,
        -0.7359770054084441
      ],
      "q": [
        194.52724052679747,
        -3186.600638011523
      ],
      "omega_qnm": [
        3186.600638011523,
        194.52724052679747
      ],
      "freq_hz": 507.16324319932136,
      "damping_1_over_s": -194.52724052679747,
      "a": [
        0.0,
        0.0
      ],
      "amp_abs": 0.0
    },
    {
      "i": 3,
      "z": [
        0.14361395274434474,
        -1.0193982525236152
      ],
      "q": [
        118.94395264091519,
        -5860.705576016661
      ],
      "omega_qnm": [
        5860.705576016661,
        118.94395264091519
      ],
      "freq_hz": 932.7602624292855,
      "damping_1_over_s": -118.94395264091519,
      "a": [
        0.0,
        0.0
      ],
      "amp_abs": 0.0
    },
    {
      "i": 4,
      "z": [
        -0.9420120762180896,
        -0.41302073735784917
      ],
      "q": [
        115.41442764447216,
        -11175.481680150682
      ],
      "omega_qnm": [
        11175.481680150682,
        115.41442764447216
      ],
      "freq_hz": 1778.6331508289009,
      "damping_1_over_s": -115.41442764447216,
      "a": [
        0.0,
        0.0
      ],
      "amp_abs": 0.0
    },
    {
      "i": 5,
      "z": [
        -0.10613171128886706,
        -1.0211983000512779
      ],
      "q": [
        107.92288641558206,
        -6858.150510030245
      ],
      "omega_qnm": [
        6858.150510030245,
        107.92288641558206
      ],
      "freq_hz": 1091.5085541395167,
      "damping_1_over_s": -107.92288641558206,
      "a": [
        0.0,
        0.0
      ],
      "amp_abs": 0.0
    },
    {
      "i": 6,
      "z": [
        -0.25749199730129324,
        -0.9881632232748301
      ],
      "q": [
        85.76895472840401,
        -7478.084382782086
      ],
      "omega_qnm": [
        7478.084382782086,
        85.76895472840401
      ],
      "freq_hz": 1190.1740943780742,
      "damping_1_over_s": -85.76895472840401,
      "a": [
        0.0,
        0.0
      ],
      "amp_abs": 0.0
    },
    {
      "i": 7,
      "z": [
        0.4722515752853738,
        -0.9029387244894646
      ],
      "q": [
        77.01282197332884,
        -4460.157986878523
      ],
      "omega_qnm": [
        4460.157986878523,
        77.01282197332884
      ],
      "freq_hz": 709.8561905825138,
      "damping_1_over_s": -77.01282197332884,
      "a": [
        0.0,
        0.0
      ],
      "amp_abs": 0.0
    },
    {
      "i": 8,
      "z": [
        -0.6542990050432516,
        -0.7789004642084332
      ],
      "q": [
        70.04472071391979,
        -9295.762122371072
      ],
      "omega_qnm": [
        9295.762122371072,
        70.04472071391979
      ],
      "freq_hz": 1479.4664915817643,
      "damping_1_over_s": -70.04472071391979,
      "a": [
        0.0,
        0.0
      ],
      "amp_abs": 0.0
    },
    {
      "i": 9,
      "z": [
        0.3905134496294036,
        -0.9379428968474891
      ],
      "q": [
        64.98079580987573,
        -4818.019204466329
      ],
      "omega_qnm": [
        4818.019204466329,
        64.98079580987573
      ],
      "freq_hz": 766.8115723024974,
      "damping_1_over_s": -64.98079580987573,
      "a": [
        0.0,
        0.0
      ],
      "amp_abs": 0.0
    },
    {
      "i": 10,
      "z": [
        -0.8229924506104509,
        -0.5935859502840727
      ],
      "q": [
        59.86197543381508,
        -10308.586451533922
      ],
      "omega_qnm": [
        10308.586451533922,
        59.86197543381508
      ],
      "freq_hz": 1640.6624900517647,
      "damping_1_over_s": -59.86197543381508,
      "a": [
        0.0,
        0.0
      ],
      "amp_abs": 0.0
    },
    {
      "i": 11,
      "z": [
        0.9931323164955879,
        -0.20166427473463336
      ],
      "q": [
        54.523344967271534,
        -820.5721349025838
      ],
      "omega_qnm": [
        820.5721349025838,
        54.523344967271534
      ],
      "freq_hz": 130.5981114332158,
      "damping_1_over_s": -54.523344967271534,
      "a": [
        0.0,
        0.0
      ],
      "amp_abs": 0.0
    },
    {
      "i": 12,
      "z": [
        0.898419029573273,
        -0.4678093724136922
      ],
      "q": [
        52.572259363524694,
        -1966.376567171853
      ],
      "omega_qnm": [
        1966.376567171853,
        52.572259363524694
      ],
      "freq_hz": 312.95855064547277,
      "damping_1_over_s": -52.572259363524694,
      "a": [
        0.0,
        0.0
      ],
      "amp_abs": 0.0
    },
    {
      "i": 13,
      "z": [
        -0.8938881227167641,
        -0.47205593398665524
      ],