i,omega_re,omega_im,freq_hz,damping_1_over_s,amp_abs,a_re,a_im,z_re,z_im,q_re,q_im
0,6.526895441445253709e+03,-1.238638381386839349e+01,1.038787672549970466e+03,1.238638381386839349e+01,2.556275979027486933e-01,2.360476412502752197e-01,9.811717418327303708e-02,-2.261357285702567110e-02,-9.967240540504505031e-01,-1.238638381386839349e+01,-6.526895441445253709e+03
