{
  "created_at": "2026-04-18T06:28:00+00:00",
  "script": "01_extract_ringdown_poles.py",
  "script_version": "01_extract_ringdown_poles.py/v1.3",
  "event": "GW150914",
  "ifo": "H1",
  "fs_hz": 4096.0,
  "dt": 0.000244140625,
  "t0_rel": 0.01821279525756836,
  "duration_s": 0.05,
  "preprocess": {
    "detrend": "mean",
    "hp_hz": 30.0,
    "lp_hz": null
  },
  "window": {
    "t0_rel": 0.01821279525756836,
    "duration_s": 0.05,
    "i0": 65611,
    "i1": 65816,
    "n_samples": 205,
    "t_rel_start": 0.01821279525756836,
    "t_rel_end": 0.06801748275756836
  },
  "fit": {
    "method": "esprit_matrix_pencil",
    "L": 102,
    "rank_used": 1,
    "residual_rms": 1.2619762833290404,
    "relative_rms": 0.8943530567226368,
    "singular_values": [
      44.77755172216624,
      41.581765019792435,
      29.48958622322715,
      25.838447058444512,
      25.760670843189157,
      24.828272976737747,
      21.48048938160489,
      21.041559125227945,
      18.249820216371088,
      18.144929984204484,
      17.657387370793966,
      17.337724646467766,
      16.29399734377088,
      16.173212350574058,
      15.85354799923077,
      15.765770020762893,
      15.619740625154824,
      15.377660035454067,
      15.11667662391694,
      15.078339801436378,
      14.163281058413967,
      13.938939192258461,
      13.596861127629639,
      13.291898108637588,
      12.930095268953618,
      12.860224453099415,
      12.66044646498822,
      12.441466626771094,
      12.314637912491317,
      12.207800371310544,
      12.178755051802197,
      11.83109838082816,
      11.68544915073241,
      11.488493945415833,
      11.375368144752045,
      11.017374870220783,
      10.547542809131164,
      10.519433663080354,
      10.300111211686692,
      9.882240242538336,
      9.818649322225129,
      9.677691860830626,
      9.528506411861914,
      9.135767568252867,
      9.039415962828032,
      8.894047886495695,
      8.807605005939145,
      8.680275118938361,
      8.43123303135448,
      8.185765257524618,
      8.028940486352573,
      7.775016930256842,
      7.753126559792205,
      7.68526219390027,
      7.635054233732876,
      7.428998101603169,
      7.215334546447619,
      6.830295868317671,
      6.531103344440729,
      6.259128976109349,
      6.106859139101076,
      5.96124446222965,
      5.909563382390226,
      5.773937680502396
    ],
    "singular_values_truncated": true
  },
  "poles": [
    {
      "i": 0,
      "z": [
        0.9357437152925598,
        -0.304879919443043
      ],
      "q": [
        -65.40599050585035,
        -1290.1147573609312
      ],
      "omega_qnm": [
        1290.1147573609312,
        -65.40599050585035
      ],
      "freq_hz": 205.32814078979337,
      "damping_1_over_s": 65.40599050585035,
      "a": [
        0.9975230601184072,
        -0.1629411022094036
      ],
      "amp_abs": 1.0107433196698392
    }
  ]
}
