i,omega_re,omega_im,freq_hz,damping_1_over_s,amp_abs,a_re,a_im,z_re,z_im,q_re,q_im
0,7.662531395045793943e+02,-9.298283467006397629e+00,1.219529748118374783e+02,9.298283467006397629e+00,1.037706336368818955e-01,-7.677787950380862703e-02,-6.981046930295345398e-02,9.803247688720571063e-01,-1.855625530308321891e-01,-9.298283467006397629e+00,-7.662531395045793943e+02
1,6.526895441445253709e+03,-1.238638381386839349e+01,1.038787672549970466e+03,1.238638381386839349e+01,2.556275979027486933e-01,2.360476412502752197e-01,9.811717418327303708e-02,-2.261357285702567110e-02,-9.967240540504505031e-01,-1.238638381386839349e+01,-6.526895441445253709e+03
2,2.714710619724723529e+03,-3.799825240861993336e+01,4.320596141932522869e+02,3.799825240861993336e+01,9.195938858490590451e-02,6.753129263992894982e-02,6.241837600650949891e-02,7.810110766867583987e-01,-6.096219539186016334e-01,-3.799825240861993336e+01,-2.714710619724723529e+03
