i,omega_re,omega_im,freq_hz,damping_1_over_s,amp_abs,a_re,a_im,z_re,z_im,q_re,q_im
0,9.478625166531993500e+02,-1.493764167720514422e+02,1.508570048968806532e+02,1.493764167720514422e+02,1.085213212511723091e+00,7.498867725933715533e-01,-7.844472862465081686e-01,9.384863208156812853e-01,-2.211383466243867779e-01,-1.493764167720514422e+02,-9.478625166531993500e+02
