i,omega_re,omega_im,freq_hz,damping_1_over_s,amp_abs,a_re,a_im,z_re,z_im,q_re,q_im
0,1.290114757360931208e+03,-6.540599050585035457e+01,2.053281407897933661e+02,6.540599050585035457e+01,1.010743319669839213e+00,9.975230601184071899e-01,-1.629411022094036099e-01,9.357437152925598411e-01,-3.048799194430429904e-01,-6.540599050585035457e+01,-1.290114757360931208e+03
