{
  "created_at": "2026-04-17T07:35:29+00:00",
  "script": "01_extract_ringdown_poles.py",
  "script_version": "01_extract_ringdown_poles.py/v1.2",
  "event": "GW150914",
  "ifo": "H1+L1",
  "fs_hz": 4096.0,
  "dt": 0.000244140625,
  "t0_rel": 0.01845693588256836,
  "duration_s": 0.25,
  "preprocess": {
    "detrend": "mean",
    "hp_hz": 30.0,
    "lp_hz": null
  },
  "window": {
    "t0_rel": 0.01845693588256836,
    "duration_s": 0.25,
    "i0": 65612,
    "i1": 66637,
    "n_samples": 1025,
    "t_rel_start": 0.01845693588256836,
    "t_rel_end": 0.26845693588256836
  },
  "fit": {
    "method": "esprit_matrix_pencil",
    "L": 512,
    "rank_used": 3,
    "residual_rms": NaN,
    "relative_rms": NaN,
    "singular_values": [],
    "singular_values_truncated": false
  },
  "poles": [
    {
      "i": 0,
      "z": [
        0.9803247688720571,
        -0.1855625530308322
      ],
      "q": [
        -9.298283467006398,
        -766.2531395045794
      ],
      "omega_qnm": [
        766.2531395045794,
        -9.298283467006398
      ],
      "freq_hz": 121.95297481183748,
      "damping_1_over_s": 9.298283467006398,
      "a": [
        -0.07677787950380863,
        -0.06981046930295345
      ],
      "amp_abs": 0.1037706336368819
    },
    {
      "i": 1,
      "z": [
        -0.02261357285702567,
        -0.9967240540504505
      ],
      "q": [
        -12.386383813868393,
        -6526.895441445254
      ],
      "omega_qnm": [
        6526.895441445254,
        -12.386383813868393
      ],
      "freq_hz": 1038.7876725499705,
      "damping_1_over_s": 12.386383813868393,
      "a": [
        0.23604764125027522,
        0.09811717418327304
      ],
      "amp_abs": 0.2556275979027487
    },
    {
      "i": 2,
      "z": [
        0.7810110766867584,
        -0.6096219539186016
      ],
      "q": [
        -37.99825240861993,
        -2714.7106197247235
      ],
      "omega_qnm": [
        2714.7106197247235,
        -37.99825240861993
      ],
      "freq_hz": 432.0596141932523,
      "damping_1_over_s": 37.99825240861993,
      "a": [
        0.06753129263992895,
        0.0624183760065095
      ],
      "amp_abs": 0.0919593885849059
    }
  ]
}
