{
  "created_at": "2026-04-18T06:28:00+00:00",
  "script": "01_extract_ringdown_poles.py",
  "script_version": "01_extract_ringdown_poles.py/v1.3",
  "event": "GW150914",
  "ifo": "L1",
  "fs_hz": 4096.0,
  "dt": 0.000244140625,
  "t0_rel": 0.01821279525756836,
  "duration_s": 0.05,
  "preprocess": {
    "detrend": "mean",
    "hp_hz": 30.0,
    "lp_hz": null
  },
  "window": {
    "t0_rel": 0.01821279525756836,
    "duration_s": 0.05,
    "i0": 65611,
    "i1": 65816,
    "n_samples": 205,
    "t_rel_start": 0.01821279525756836,
    "t_rel_end": 0.06801748275756836
  },
  "fit": {
    "method": "esprit_matrix_pencil",
    "L": 102,
    "rank_used": 1,
    "residual_rms": 0.9647309282218226,
    "relative_rms": 0.8693297132247678,
    "singular_values": [
      23.04036642056559,
      21.68541268944304,
      18.112812900595582,
      17.35414820238412,
      17.242392411594384,
      17.06163039109814,
      16.935767022000338,
      16.494122033675158,
      16.424740764290778,
      16.05423047592261,
      16.021020688257074,
      15.713387007237312,
      15.661376187197522,
      15.598601190133412,
      15.056605405511183,
      14.762389475393615,
      14.08467599089431,
      14.052048143279723,
      12.998971729240647,
      12.95473598443953,
      12.646090176876218,
      12.593841192317502,
      12.469950165815982,
      12.192754935745635,
      12.15926457218512,
      12.004879180606391,
      11.769344427776419,
      11.53754439712653,
      11.486783446221086,
      11.43337352724139,
      11.271480069237422,
      11.027364845959374,
      10.94408921646968,
      10.910615108373534,
      10.80024498790622,
      10.752908866856117,
      10.265213638610126,
      10.031039534076111,
      9.4124271860999,
      9.254841992403096,
      9.228882594333474,
      9.060631531858908,
      8.632780576232022,
      8.513857121470508,
      8.433638850371372,
      8.401693977407382,
      8.294306392624144,
      8.142127333472173,
      7.840047320902881,
      7.728672366250993,
      7.432624180827282,
      7.236893777434046,
      7.023312767169646,
      6.948537507393799,
      6.767136909174384,
      6.506332070093732,
      6.479853374429696,
      6.081343483715829,
      5.935972757453626,
      5.797683834797703,
      5.701256926199167,
      5.605680200045317,
      4.975596683252145,
      4.75544319069627
    ],
    "singular_values_truncated": true
  },
  "poles": [
    {
      "i": 0,
      "z": [
        0.9384863208156813,
        -0.22113834662438678
      ],
      "q": [
        -149.37641677205144,
        -947.8625166531994
      ],
      "omega_qnm": [
        947.8625166531994,
        -149.37641677205144
      ],
      "freq_hz": 150.85700489688065,
      "damping_1_over_s": 149.37641677205144,
      "a": [
        0.7498867725933716,
        -0.7844472862465082
      ],
      "amp_abs": 1.085213212511723
    }
  ]
}
