{
  "created_at": "2026-04-17T07:35:29+00:00",
  "script": "01_extract_ringdown_poles.py",
  "script_version": "01_extract_ringdown_poles.py/v1.2",
  "event": "GW150914",
  "ifo": "H1",
  "fs_hz": 4096.0,
  "dt": 0.000244140625,
  "t0_rel": 0.01845693588256836,
  "duration_s": 0.25,
  "preprocess": {
    "detrend": "mean",
    "hp_hz": 30.0,
    "lp_hz": null
  },
  "window": {
    "t0_rel": 0.01845693588256836,
    "duration_s": 0.25,
    "i0": 65612,
    "i1": 66637,
    "n_samples": 1025,
    "t_rel_start": 0.01845693588256836,
    "t_rel_end": 0.26845693588256836
  },
  "fit": {
    "method": "esprit_matrix_pencil",
    "L": 512,
    "rank_used": 1,
    "residual_rms": 1.0416505058948689,
    "relative_rms": 0.9837117339711837,
    "singular_values": [
      59.09555433346555,
      58.95202445759147,
      51.445468585459004,
      50.242470193182456,
      50.190616504970016,
      48.69987092928018,
      46.160637801340435,
      46.130564342052445,
      45.39676811248106,
      45.344930404669896,
      45.3332496588482,
      44.76744822806971,
      44.76228319189228,
      44.301747855038755,
      44.280808418476894,
      44.24382325306851,
      44.182973281250334,
      43.909251569171694,
      43.164988687694866,
      42.878655684518165,
      42.84065513146883,
      42.30889609204097,
      42.26160344518112,
      42.1758140025648,
      41.2241523213593,
      40.765493044290366,
      40.71022390991006,
      40.5596557281807,
      40.369607129835565,
      40.362526864735074,
      39.92007215414056,
      39.885288634734955,
      39.192966046330675,
      39.02952164167238,
      38.92499673275977,
      38.822463944323374,
      38.78340839135711,
      38.54725448911836,
      38.17742397201661,
      38.13716517636789,
      38.10781231700313,
      37.83804096115937,
      36.85086632375373,
      36.820858062345714,
      36.654270695443834,
      36.556058742517116,
      36.37721025490805,
      36.19335584852587,
      36.08565584269629,
      35.987690059899194,
      35.800739443096084,
      35.70119862141302,
      35.29215288776965,
      35.00366873297118,
      34.87284232722228,
      34.74839709220207,
      34.303219845409906,
      34.187453012267824,
      33.93091782610195,
      33.870637178870425,
      33.2595715677404,
      33.23144464952388,
      33.040902337136956,
      33.014241606924486
    ],
    "singular_values_truncated": true
  },
  "poles": [
    {
      "i": 0,
      "z": [
        -0.02261357285702567,
        -0.9967240540504505
      ],
      "q": [
        -12.386383813868393,
        -6526.895441445254
      ],
      "omega_qnm": [
        6526.895441445254,
        -12.386383813868393
      ],
      "freq_hz": 1038.7876725499705,
      "damping_1_over_s": 12.386383813868393,
      "a": [
        0.23604764125027522,
        0.09811717418327304
      ],
      "amp_abs": 0.2556275979027487
    }
  ]
}
