{
  "created_at": "2026-04-17T07:35:29+00:00",
  "script": "01_extract_ringdown_poles.py",
  "script_version": "01_extract_ringdown_poles.py/v1.2",
  "event": "GW150914",
  "ifo": "L1",
  "fs_hz": 4096.0,
  "dt": 0.000244140625,
  "t0_rel": 0.01845693588256836,
  "duration_s": 0.25,
  "preprocess": {
    "detrend": "mean",
    "hp_hz": 30.0,
    "lp_hz": null
  },
  "window": {
    "t0_rel": 0.01845693588256836,
    "duration_s": 0.25,
    "i0": 65612,
    "i1": 66637,
    "n_samples": 1025,
    "t_rel_start": 0.01845693588256836,
    "t_rel_end": 0.26845693588256836
  },
  "fit": {
    "method": "esprit_matrix_pencil",
    "L": 512,
    "rank_used": 2,
    "residual_rms": 1.0115202339534775,
    "relative_rms": 0.997325519693123,
    "singular_values": [
      50.48092040834384,
      50.44974725199961,
      49.51671102692677,
      49.370438518120025,
      48.64977154802935,
      48.618617528743464,
      47.72759017846577,
      47.52984785630972,
      47.44736693952255,
      46.73773433768332,
      45.83935267013579,
      45.76759154841298,
      45.718907347184725,
      45.700985755652596,
      45.42716817777385,
      45.40665296084426,
      45.36660336757906,
      45.27507615016349,
      44.80266132006505,
      44.762131676884096,
      44.56822765714518,
      44.50540026269828,
      43.877218682452344,
      43.85351022944956,
      43.116216792382154,
      43.08725927544394,
      42.70568510875696,
      42.5950699561654,
      42.55114636906032,
      41.91504899079572,
      41.7846909317679,
      41.73880370001536,
      41.62951365475142,
      41.43991483971201,
      40.49967438435827,
      40.38455780466054,
      40.07944598194436,
      39.99681801335477,
      39.20273646804665,
      39.13618535598771,
      38.243696335470716,
      38.149067119328755,
      37.971806553217206,
      37.863993592676856,
      37.676893880675465,
      37.66556977175852,
      37.65935189604614,
      37.63578501374073,
      37.374463507977225,
      37.338260777663166,
      37.21883155853602,
      37.180774113519,
      36.984498141157076,
      36.88166171068917,
      36.51385539537344,
      36.45077692261143,
      36.394175194783166,
      36.36539389669337,
      36.12121122058563,
      36.07940107234444,
      35.90241291641529,
      35.84722140620773,
      35.79350633929534,
      35.74821283749633
    ],
    "singular_values_truncated": true
  },
  "poles": [
    {
      "i": 0,
      "z": [
        0.9803247688720571,
        -0.1855625530308322
      ],
      "q": [
        -9.298283467006398,
        -766.2531395045794
      ],
      "omega_qnm": [
        766.2531395045794,
        -9.298283467006398
      ],
      "freq_hz": 121.95297481183748,
      "damping_1_over_s": 9.298283467006398,
      "a": [
        -0.07677787950380863,
        -0.06981046930295345
      ],
      "amp_abs": 0.1037706336368819
    },
    {
      "i": 1,
      "z": [
        0.7810110766867584,
        -0.6096219539186016
      ],
      "q": [
        -37.99825240861993,
        -2714.7106197247235
      ],
      "omega_qnm": [
        2714.7106197247235,
        -37.99825240861993
      ],
      "freq_hz": 432.0596141932523,
      "damping_1_over_s": 37.99825240861993,
      "a": [
        0.06753129263992895,
        0.0624183760065095
      ],
      "amp_abs": 0.0919593885849059
    }
  ]
}
