{
  "created_at": "2026-04-18T06:28:00+00:00",
  "script": "01_extract_ringdown_poles.py",
  "script_version": "01_extract_ringdown_poles.py/v1.3",
  "event": "GW150914",
  "ifo": "H1+L1",
  "fs_hz": 4096.0,
  "dt": 0.000244140625,
  "t0_rel": 0.01821279525756836,
  "duration_s": 0.05,
  "preprocess": {
    "detrend": "mean",
    "hp_hz": 30.0,
    "lp_hz": null
  },
  "window": {
    "t0_rel": 0.01821279525756836,
    "duration_s": 0.05,
    "i0": 65611,
    "i1": 65816,
    "n_samples": 205,
    "t_rel_start": 0.01821279525756836,
    "t_rel_end": 0.06801748275756836
  },
  "fit": {
    "method": "esprit_matrix_pencil",
    "L": 102,
    "rank_used": 2,
    "residual_rms": 1.2619762833290404,
    "relative_rms": 0.8943530567226368,
    "singular_values": [],
    "singular_values_truncated": false
  },
  "poles": [
    {
      "i": 0,
      "z": [
        0.9357437152925598,
        -0.304879919443043
      ],
      "q": [
        -65.40599050585035,
        -1290.1147573609312
      ],
      "omega_qnm": [
        1290.1147573609312,
        -65.40599050585035
      ],
      "freq_hz": 205.32814078979337,
      "damping_1_over_s": 65.40599050585035,
      "a": [
        0.9975230601184072,
        -0.1629411022094036
      ],
      "amp_abs": 1.0107433196698392
    },
    {
      "i": 1,
      "z": [
        0.9384863208156813,
        -0.22113834662438678
      ],
      "q": [
        -149.37641677205144,
        -947.8625166531994
      ],
      "omega_qnm": [
        947.8625166531994,
        -149.37641677205144
      ],
      "freq_hz": 150.85700489688065,
      "damping_1_over_s": 149.37641677205144,
      "a": [
        0.7498867725933716,
        -0.7844472862465082
      ],
      "amp_abs": 1.085213212511723
    }
  ]
}
