{
  "created_at": "2026-04-17T06:47:47+00:00",
  "script": "01_extract_ringdown_poles.py",
  "script_version": "01_extract_ringdown_poles.py/v1.1",
  "event": "GW150914",
  "ifo": "L1",
  "fs_hz": 4096.0,
  "dt": 0.000244140625,
  "t0_rel": 0.01845693588256836,
  "duration_s": 0.25,
  "preprocess": {
    "detrend": "mean",
    "hp_hz": 30.0,
    "lp_hz": null
  },
  "window": {
    "t0_rel": 0.01845693588256836,
    "duration_s": 0.25,
    "i0": 65612,
    "i1": 66637,
    "n_samples": 1025,
    "t_rel_start": 0.01845693588256836,
    "t_rel_end": 0.26845693588256836
  },
  "fit": {
    "method": "esprit_matrix_pencil",
    "L": 512,
    "rank_used": 16,
    "residual_rms": 0.7116635561876405,
    "relative_rms": 0.7016767457507315,
    "singular_values": [
      50.48092040834384,
      50.44974725199961,
      49.51671102692677,
      49.370438518120025,
      48.64977154802935,
      48.618617528743464,
      47.72759017846577,
      47.52984785630972,
      47.44736693952255,
      46.73773433768332,
      45.83935267013579,
      45.76759154841298,
      45.718907347184725,
      45.700985755652596,
      45.42716817777385,
      45.40665296084426,
      45.36660336757906,
      45.27507615016349,
      44.80266132006505,
      44.762131676884096,
      44.56822765714518,
      44.50540026269828,
      43.877218682452344,
      43.85351022944956,
      43.116216792382154,
      43.08725927544394,
      42.70568510875696,
      42.5950699561654,
      42.55114636906032,
      41.91504899079572,
      41.7846909317679,
      41.73880370001536,
      41.62951365475142,
      41.43991483971201,
      40.49967438435827,
      40.38455780466054,
      40.07944598194436,
      39.99681801335477,
      39.20273646804665,
      39.13618535598771,
      38.243696335470716,
      38.149067119328755,
      37.971806553217206,
      37.863993592676856,
      37.676893880675465,
      37.66556977175852,
      37.65935189604614,
      37.63578501374073,
      37.374463507977225,
      37.338260777663166,
      37.21883155853602,
      37.180774113519,
      36.984498141157076,
      36.88166171068917,
      36.51385539537344,
      36.45077692261143,
      36.394175194783166,
      36.36539389669337,
      36.12121122058563,
      36.07940107234444,
      35.90241291641529,
      35.84722140620773,
      35.79350633929534,
      35.74821283749633
    ],
    "singular_values_truncated": true
  },
  "poles": [
    {
      "i": 0,
      "z": [
        -1.0285722609397419,
        -0.4347963613233374
      ],
      "q": [
        452.09129163015666,
        -11229.82370006093
      ],
      "omega_qnm": [
        11229.82370006093,
        452.09129163015666
      ],
      "freq_hz": 1787.281951915215,
      "damping_1_over_s": -452.09129163015666,
      "a": [
        0.0,
        0.0
      ],
      "amp_abs": 0.0
    },
    {
      "i": 1,
      "z": [
        -0.43121209838876395,
        -1.0147395593112416
      ],
      "q": [
        399.9147833105245,
        -8079.865404757453
      ],
      "omega_qnm": [
        8079.865404757453,
        399.9147833105245
      ],
      "freq_hz": 1285.9505186843462,
      "damping_1_over_s": -399.9147833105245,
      "a": [
        0.0,
        0.0
      ],
      "amp_abs": 0.0
    },
    {
      "i": 2,
      "z": [
        0.9315843080347614,
        -0.5795922823190662
      ],
      "q": [
        379.82971681490443,
        -2279.6400642457534
      ],
      "omega_qnm": [
        2279.6400642457534,
        379.82971681490443
      ],
      "freq_hz": 362.8159846950375,
      "damping_1_over_s": -379.82971681490443,
      "a": [
        0.0,
        0.0
      ],
      "amp_abs": 0.0
    },
    {
      "i": 3,
      "z": [
        -0.5969769738683205,
        -0.8575170892056083
      ],
      "q": [
        179.71557646988754,
        -8924.965458987796
      ],
      "omega_qnm": [
        8924.965458987796,
        179.71557646988754
      ],
      "freq_hz": 1420.4523697223342,
      "damping_1_over_s": -179.71557646988754,
      "a": [
        0.0,
        0.0
      ],
      "amp_abs": 0.0
    },
    {
      "i": 4,
      "z": [
        0.716809533707536,
        -0.7276788477953485
      ],
      "q": [
        86.87581985134176,
        -3247.811388424328
      ],
      "omega_qnm": [
        3247.811388424328,
        86.87581985134176
      ],
      "freq_hz": 516.9052366978835,
      "damping_1_over_s": -86.87581985134176,
      "a": [
        0.0,
        0.0
      ],
      "amp_abs": 0.0
    },
    {
      "i": 5,
      "z": [
        -0.8690296395404262,
        -0.5361272162027305
      ],
      "q": [
        85.52583973105259,
        -10603.807714558508
      ],
      "omega_qnm": [
        10603.807714558508,
        85.52583973105259
      ],
      "freq_hz": 1687.6484133679603,
      "damping_1_over_s": -85.52583973105259,
      "a": [
        0.0,
        0.0
      ],
      "amp_abs": 0.0
    },
    {
      "i": 6,
      "z": [
        0.7313150269002031,
        -0.7068437973749359
      ],
      "q": [
        69.36517197355877,
        -3147.3014365622175
      ],
      "omega_qnm": [
        3147.3014365622175,
        69.36517197355877
      ],
      "freq_hz": 500.90858102910016,
      "damping_1_over_s": -69.36517197355877,
      "a": [
        0.0,
        0.0
      ],
      "amp_abs": 0.0
    },
    {
      "i": 7,
      "z": [
        -0.3383168201046175,
        -0.9590286072730989
      ],
      "q": [
        68.85891086610313,
        -7823.101928745936
      ],
      "omega_qnm": [
        7823.101928745936,
        68.85891086610313
      ],
      "freq_hz": 1245.0853422716561,
      "damping_1_over_s": -68.85891086610313,
      "a": [
        0.0,
        0.0
      ],
      "amp_abs": 0.0
    },
    {
      "i": 8,
      "z": [
        -0.1452148415085195,
        -1.006507748541942
      ],
      "q": [
        68.76198889978033,
        -7020.886080779156
      ],
      "omega_qnm": [
        7020.886080779156,
        68.76198889978033
      ],
      "freq_hz": 1117.4087246410868,
      "damping_1_over_s": -68.76198889978033,
      "a": [
        0.0,
        0.0
      ],
      "amp_abs": 0.0
    },
    {
      "i": 9,
      "z": [
        0.9952861397570563,
        -0.2013036648722461
      ],
      "q": [
        62.757531756215855,
        -817.4177512469944
      ],
      "omega_qnm": [
        817.4177512469944,
        62.757531756215855
      ],
      "freq_hz": 130.09607568202046,
      "damping_1_over_s": -62.757531756215855,
      "a": [
        0.0,
        0.0
      ],
      "amp_abs": 0.0
    },
    {
      "i": 10,
      "z": [
        0.7484949383570825,
        -0.6854572712348045
      ],
      "q": [
        60.72798245392024,
        -3037.0433548051983
      ],
      "omega_qnm": [
        3037.0433548051983,
        60.72798245392024
      ],
      "freq_hz": 483.36046230164027,
      "damping_1_over_s": -60.72798245392024,
      "a": [
        0.0,
        0.0
      ],
      "amp_abs": 0.0
    },
    {
      "i": 11,
      "z": [
        -0.6430998067393144,
        -0.7847211284361512
      ],
      "q": [
        59.27266142968173,
        -9246.027040781026
      ],
      "omega_qnm": [
        9246.027040781026,
        59.27266142968173
      ],
      "freq_hz": 1471.5509075016296,
      "damping_1_over_s": -59.27266142968173,
      "a": [
        0.0,
        0.0
      ],
      "amp_abs": 0.0
    },
    {
      "i": 12,
      "z": [
        1.001501145510197,
        -0.15016169784979433
      ],
      "q": [
        51.67525328524847,
        -609.599335799584
      ],
      "omega_qnm": [
        609.599335799584,
        51.67525328524847
      ],
      "freq_hz": 97.02074759803999,
      "damping_1_over_s": -51.67525328524847,
      "a": [
        0.0,
        0.0
      ],
      "amp_abs": 0.0
    },
    {
      "i": 13,
      "z": [
        -0.3287247574979076,
        -0.9567039945837063
      ],