{
  "created_at": "2026-04-18T05:52:22+00:00",
  "script": "01_extract_ringdown_poles.py",
  "script_version": "01_extract_ringdown_poles.py/v1.2",
  "event": "GW151012",
  "ifo": "H1+L1",
  "fs_hz": 4096.0,
  "dt": 0.000244140625,
  "t0_rel": 0.18674013900756836,
  "duration_s": 0.05,
  "preprocess": {
    "detrend": "mean",
    "hp_hz": 30.0,
    "lp_hz": null
  },
  "window": {
    "t0_rel": 0.18674013900756836,
    "duration_s": 0.05,
    "i0": 66302,
    "i1": 66507,
    "n_samples": 205,
    "t_rel_start": 0.18691396713256836,
    "t_rel_end": 0.23671865463256836
  },
  "fit": {
    "method": "esprit_matrix_pencil",
    "L": 102,
    "rank_used": 4,
    "residual_rms": NaN,
    "relative_rms": NaN,
    "singular_values": [],
    "singular_values_truncated": false
  },
  "poles": [
    {
      "i": 0,
      "z": [
        0.9814831385785907,
        -0.1750608979500633
      ],
      "q": [
        -12.416763537156864,
        -722.9746145712106
      ],
      "omega_qnm": [
        722.9746145712106,
        -12.416763537156864
      ],
      "freq_hz": 115.064983638966,
      "damping_1_over_s": 12.416763537156864,
      "a": [
        -0.23370041478545148,
        0.03787990615733444
      ],
      "amp_abs": 0.23675044067832382
    },
    {
      "i": 1,
      "z": [
        -0.8452510082376392,
        -0.5204989026825316
      ],
      "q": [
        -30.186953397286715,
        -10607.174284633915
      ],
      "omega_qnm": [
        10607.174284633915,
        -30.186953397286715
      ],
      "freq_hz": 1688.1842196367263,
      "damping_1_over_s": 30.186953397286715,
      "a": [
        -0.1472354604395858,
        0.15297633317134235
      ],
      "amp_abs": 0.21232060503259303
    },
    {
      "i": 2,
      "z": [
        -0.20571099440800814,
        -0.963542567537183
      ],
      "q": [
        -60.837031027360084,
        -7295.520831558652
      ],
      "omega_qnm": [
        7295.520831558652,
        -60.837031027360084
      ],
      "freq_hz": 1161.1182027724542,
      "damping_1_over_s": 60.837031027360084,
      "a": [
        -0.18879557961881877,
        0.08983709794439025
      ],
      "amp_abs": 0.2090800685160489
    },
    {
      "i": 3,
      "z": [
        0.4945939964889322,
        -0.8419677566430696
      ],
      "q": [
        -97.44655214986753,
        -4258.502677064728
      ],
      "omega_qnm": [
        4258.502677064728,
        -97.44655214986753
      ],
      "freq_hz": 677.7617512249208,
      "damping_1_over_s": 97.44655214986753,
      "a": [
        0.032883771299045066,
        0.49340881840609774
      ],
      "amp_abs": 0.494503391793979
    }
  ]
}
