{
  "created_at": "2026-04-17T08:06:53+00:00",
  "script": "01_extract_ringdown_poles.py",
  "script_version": "01_extract_ringdown_poles.py/v1.2",
  "event": "GW150914",
  "ifo": "L1",
  "fs_hz": 4096.0,
  "dt": 0.000244140625,
  "t0_rel": 0.02345693588256836,
  "duration_s": 0.25,
  "preprocess": {
    "detrend": "mean",
    "hp_hz": 30.0,
    "lp_hz": null
  },
  "window": {
    "t0_rel": 0.02345693588256836,
    "duration_s": 0.25,
    "i0": 65633,
    "i1": 66657,
    "n_samples": 1024,
    "t_rel_start": 0.02358388900756836,
    "t_rel_end": 0.27333974838256836
  },
  "fit": {
    "method": "esprit_matrix_pencil",
    "L": 512,
    "rank_used": 2,
    "residual_rms": 0.979458934590983,
    "relative_rms": 0.9956258726045127,
    "singular_values": [
      49.921944339528565,
      49.916327423855854,
      49.57243109513452,
      49.380714543575486,
      48.464575226977146,
      48.45294361419538,
      48.24474141163778,
      48.21240570348908,
      47.59630819567537,
      47.42709271965253,
      45.64982717642522,
      45.58452377580935,
      45.47255453048508,
      45.277293242245676,
      45.250120830447685,
      45.13078286643176,
      45.054514625211226,
      44.7483523617335,
      44.68952647315896,
      44.048020175903744,
      43.950345299924926,
      43.78448684263478,
      43.773953319114014,
      43.1806563585287,
      42.91483349658702,
      42.87407582800314,
      42.63031681914445,
      42.507969354935305,
      42.308501825790266,
      42.226904224564855,
      40.73249898056981,
      40.451422572231905,
      39.849637837969716,
      39.770435391790414,
      39.57647596001557,
      39.57236469028311,
      39.501127739891594,
      39.31244894745975,
      39.20299157516831,
      39.147822675667165,
      39.101707589491866,
      39.02085679689503,
      38.90071588444263,
      38.891159009990616,
      37.638878944503276,
      37.62119378241364,
      37.58135824405107,
      37.56064251452768,
      37.53142785889979,
      37.5282307912884,
      37.42641433953815,
      37.40420648797661,
      37.287136124222435,
      37.25187956783298,
      36.615056242900444,
      36.58976669919437,
      36.15700894120655,
      36.08150116206446,
      35.83836687832365,
      35.792963768121204,
      35.6997473223632,
      35.66795944032563,
      35.58137909259404,
      35.56901541087764
    ],
    "singular_values_truncated": true
  },
  "poles": [
    {
      "i": 0,
      "z": [
        0.7766550450666307,
        -0.6179547415753526
      ],
      "q": [
        -30.825650760839025,
        -2752.880997450624
      ],
      "omega_qnm": [
        2752.880997450624,
        -30.825650760839025
      ],
      "freq_hz": 438.13461848801415,
      "damping_1_over_s": 30.825650760839025,
      "a": [
        -0.012118250717226942,
        0.10602793995980866
      ],
      "amp_abs": 0.10671820862704903
    },
    {
      "i": 1,
      "z": [
        0.975651457542152,
        -0.17603694070897252
      ],
      "q": [
        -35.35541734616898,
        -731.1751550894966
      ],
      "omega_qnm": [
        731.1751550894966,
        -35.35541734616898
      ],
      "freq_hz": 116.37014019847658,
      "damping_1_over_s": 35.35541734616898,
      "a": [
        0.23078157733170224,
        -0.08177133874376724
      ],
      "amp_abs": 0.2448401279930567
    }
  ]
}
