{
  "created_at": "2026-04-17T08:06:53+00:00",
  "script": "01_extract_ringdown_poles.py",
  "script_version": "01_extract_ringdown_poles.py/v1.2",
  "event": "GW150914",
  "ifo": "H1+L1",
  "fs_hz": 4096.0,
  "dt": 0.000244140625,
  "t0_rel": 0.02345693588256836,
  "duration_s": 0.25,
  "preprocess": {
    "detrend": "mean",
    "hp_hz": 30.0,
    "lp_hz": null
  },
  "window": {
    "t0_rel": 0.02345693588256836,
    "duration_s": 0.25,
    "i0": 65633,
    "i1": 66657,
    "n_samples": 1024,
    "t_rel_start": 0.02358388900756836,
    "t_rel_end": 0.27333974838256836
  },
  "fit": {
    "method": "esprit_matrix_pencil",
    "L": 512,
    "rank_used": 4,
    "residual_rms": NaN,
    "relative_rms": NaN,
    "singular_values": [],
    "singular_values_truncated": false
  },
  "poles": [
    {
      "i": 0,
      "z": [
        0.12295555895365842,
        -0.9904468475451265
      ],
      "q": [
        -7.996591499867264,
        -5928.086372593161
      ],
      "omega_qnm": [
        5928.086372593161,
        -7.996591499867264
      ],
      "freq_hz": 943.4842492739049,
      "damping_1_over_s": 7.996591499867264,
      "a": [
        0.02896920440911947,
        -0.11016030052670323
      ],
      "amp_abs": 0.11390569176398042
    },
    {
      "i": 1,
      "z": [
        -0.024372359236718738,
        -0.9971854743672764
      ],
      "q": [
        -10.321502784558533,
        -6534.072775538744
      ],
      "omega_qnm": [
        6534.072775538744,
        -10.321502784558533
      ],
      "freq_hz": 1039.9299807491716,
      "damping_1_over_s": 10.321502784558533,
      "a": [
        0.09423102929391484,
        -0.21192950583205183
      ],
      "amp_abs": 0.23193447851496404
    },
    {
      "i": 2,
      "z": [
        0.7766550450666307,
        -0.6179547415753526
      ],
      "q": [
        -30.825650760839025,
        -2752.880997450624
      ],
      "omega_qnm": [
        2752.880997450624,
        -30.825650760839025
      ],
      "freq_hz": 438.13461848801415,
      "damping_1_over_s": 30.825650760839025,
      "a": [
        -0.012118250717226942,
        0.10602793995980866
      ],
      "amp_abs": 0.10671820862704903
    },
    {
      "i": 3,
      "z": [
        0.975651457542152,
        -0.17603694070897252
      ],
      "q": [
        -35.35541734616898,
        -731.1751550894966
      ],
      "omega_qnm": [
        731.1751550894966,
        -35.35541734616898
      ],
      "freq_hz": 116.37014019847658,
      "damping_1_over_s": 35.35541734616898,
      "a": [
        0.23078157733170224,
        -0.08177133874376724
      ],
      "amp_abs": 0.2448401279930567
    }
  ]
}
