{
  "created_at": "2026-04-17T08:06:53+00:00",
  "script": "01_extract_ringdown_poles.py",
  "script_version": "01_extract_ringdown_poles.py/v1.2",
  "event": "GW150914",
  "ifo": "H1",
  "fs_hz": 4096.0,
  "dt": 0.000244140625,
  "t0_rel": 0.02345693588256836,
  "duration_s": 0.25,
  "preprocess": {
    "detrend": "mean",
    "hp_hz": 30.0,
    "lp_hz": null
  },
  "window": {
    "t0_rel": 0.02345693588256836,
    "duration_s": 0.25,
    "i0": 65633,
    "i1": 66657,
    "n_samples": 1024,
    "t_rel_start": 0.02358388900756836,
    "t_rel_end": 0.27333974838256836
  },
  "fit": {
    "method": "esprit_matrix_pencil",
    "L": 512,
    "rank_used": 2,
    "residual_rms": 0.9982923070773447,
    "relative_rms": 0.9865968601809942,
    "singular_values": [
      57.43601457384225,
      57.37378160258222,
      50.02214914793414,
      50.00475402360727,
      46.2497364338359,
      46.12212411481771,
      45.22918826723039,
      44.79716365868172,
      44.68175383283347,
      44.393823398720684,
      44.380754857855074,
      44.20670151141916,
      43.46205617003221,
      43.4287346608181,
      43.32079220616608,
      43.30124982345118,
      42.81866904276815,
      42.81171290442904,
      42.4693328546643,
      42.352926281049555,
      42.02509252077449,
      41.66534777367603,
      41.63898489787708,
      40.99011143236288,
      40.25974530446167,
      40.11836249303417,
      39.93632165229518,
      39.82991463035557,
      39.790741567028846,
      39.78359154731333,
      39.47617930939649,
      39.29435881087046,
      38.978841299789536,
      38.967022457253314,
      38.86767521090438,
      38.54674204120553,
      38.362936567672065,
      38.306903227688636,
      37.777325699590875,
      37.713512084442414,
      37.222499262989864,
      37.15376627702273,
      36.882592806848585,
      36.814218745573235,
      36.216695734941815,
      36.0471855954114,
      35.767218055991336,
      35.732923901932224,
      35.37806856000411,
      35.29539760460932,
      35.121601360029395,
      34.984033924769136,
      34.81379130933349,
      34.70892960686121,
      34.678666618704774,
      34.534784479852625,
      34.279949838519535,
      34.17822014017228,
      33.662419939361385,
      33.62959407940451,
      33.59272255680046,
      33.51868774558633,
      32.99607563401778,
      32.89667804188334
    ],
    "singular_values_truncated": true
  },
  "poles": [
    {
      "i": 0,
      "z": [
        0.12295555895365842,
        -0.9904468475451265
      ],
      "q": [
        -7.996591499867264,
        -5928.086372593161
      ],
      "omega_qnm": [
        5928.086372593161,
        -7.996591499867264
      ],
      "freq_hz": 943.4842492739049,
      "damping_1_over_s": 7.996591499867264,
      "a": [
        0.02896920440911947,
        -0.11016030052670323
      ],
      "amp_abs": 0.11390569176398042
    },
    {
      "i": 1,
      "z": [
        -0.024372359236718738,
        -0.9971854743672764
      ],
      "q": [
        -10.321502784558533,
        -6534.072775538744
      ],
      "omega_qnm": [
        6534.072775538744,
        -10.321502784558533
      ],
      "freq_hz": 1039.9299807491716,
      "damping_1_over_s": 10.321502784558533,
      "a": [
        0.09423102929391484,
        -0.21192950583205183
      ],
      "amp_abs": 0.23193447851496404
    }
  ]
}
