{
  "created_at": "2026-04-17T09:25:55+00:00",
  "script": "01_extract_ringdown_poles.py",
  "script_version": "01_extract_ringdown_poles.py/v1.2",
  "event": "GW150914",
  "ifo": "H1",
  "fs_hz": 4096.0,
  "dt": 0.000244140625,
  "t0_rel": 0.02145693588256836,
  "duration_s": 0.15,
  "preprocess": {
    "detrend": "mean",
    "hp_hz": 30.0,
    "lp_hz": null
  },
  "window": {
    "t0_rel": 0.02145693588256836,
    "duration_s": 0.15,
    "i0": 65625,
    "i1": 66239,
    "n_samples": 614,
    "t_rel_start": 0.02163076400756836,
    "t_rel_end": 0.17128896713256836
  },
  "fit": {
    "method": "esprit_matrix_pencil",
    "L": 307,
    "rank_used": 2,
    "residual_rms": 0.9929056291126876,
    "relative_rms": 0.9081599039223148,
    "singular_values": [
      47.81258033055154,
      47.727448469141905,
      42.955865479387946,
      41.44513826699508,
      38.709682550526594,
      38.47654273691563,
      36.92301241915843,
      36.82362738520852,
      36.31082449087822,
      36.249139776118696,
      34.372192276460645,
      34.0888217454059,
      32.529116629754455,
      32.420790357505076,
      32.29949659033792,
      31.910550491330373,
      31.88313965287714,
      31.55180648221459,
      31.503194282753995,
      30.367439737151052,
      30.21760834216949,
      30.00117893445049,
      29.994861624553916,
      29.88402349618452,
      29.83020243823562,
      29.579321497244376,
      29.550448035631025,
      28.93948674422549,
      28.440271002328572,
      28.26426625646746,
      28.18992285952249,
      28.18540350371843,
      27.760667503396792,
      27.63754375188528,
      27.527838428682962,
      27.478736930539924,
      27.237260322798985,
      27.234852322511653,
      26.979898810438467,
      26.97221906626556,
      26.845167639425274,
      26.537304653880014,
      26.25523208693607,
      26.218138501218196,
      26.0743701114952,
      26.019228238169298,
      25.514859111712134,
      25.437837399921936,
      25.39029458014411,
      25.387891609720693,
      25.25182300945095,
      25.21061300821675,
      25.06952618291727,
      25.04827695062686,
      24.865650146579906,
      24.849922812890398,
      24.552708244614053,
      24.509610289541722,
      24.429878973895033,
      24.318322592567206,
      23.88166385492739,
      23.81810231491324,
      23.525695374795013,
      23.08925877849798
    ],
    "singular_values_truncated": true
  },
  "poles": [
    {
      "i": 0,
      "z": [
        -0.024270098660032713,
        -0.9981945187649822
      ],
      "q": [
        -6.191575813460889,
        -6533.552268821748
      ],
      "omega_qnm": [
        6533.552268821748,
        -6.191575813460889
      ],
      "freq_hz": 1039.847139532249,
      "damping_1_over_s": 6.191575813460889,
      "a": [
        0.11343036423525477,
        -0.17212832685051527
      ],
      "amp_abs": 0.20614220440002182
    },
    {
      "i": 1,
      "z": [
        0.9162956337748436,
        -0.3063898814971435
      ],
      "q": [
        -140.99216631748556,
        -1321.7432586914942
      ],
      "omega_qnm": [
        1321.7432586914942,
        -140.99216631748556
      ],
      "freq_hz": 210.36197311914108,
      "damping_1_over_s": 140.99216631748556,
      "a": [
        -0.9273082276405193,
        1.745399788337406
      ],
      "amp_abs": 1.9764414917163782
    }
  ]
}
