{
  "created_at": "2026-04-17T09:25:55+00:00",
  "script": "01_extract_ringdown_poles.py",
  "script_version": "01_extract_ringdown_poles.py/v1.2",
  "event": "GW150914",
  "ifo": "L1",
  "fs_hz": 4096.0,
  "dt": 0.000244140625,
  "t0_rel": 0.02145693588256836,
  "duration_s": 0.15,
  "preprocess": {
    "detrend": "mean",
    "hp_hz": 30.0,
    "lp_hz": null
  },
  "window": {
    "t0_rel": 0.02145693588256836,
    "duration_s": 0.15,
    "i0": 65625,
    "i1": 66239,
    "n_samples": 614,
    "t_rel_start": 0.02163076400756836,
    "t_rel_end": 0.17128896713256836
  },
  "fit": {
    "method": "esprit_matrix_pencil",
    "L": 307,
    "rank_used": 2,
    "residual_rms": 1.0109238998426564,
    "relative_rms": 0.9997409570665152,
    "singular_values": [
      38.89694138911333,
      38.658615956396545,
      37.72395571227183,
      37.71317295051066,
      37.07534916164653,
      36.97729099775842,
      36.57098944461111,
      36.06566470728922,
      33.87728349109965,
      33.652032766170954,
      33.20055141032164,
      32.94649903204999,
      31.990946625334793,
      31.989330178219973,
      31.495335342675894,
      31.478870130237123,
      30.75969533234885,
      30.629109558917463,
      30.532363145498785,
      30.401862939439827,
      30.2964122512008,
      30.160189946547685,
      30.126830857998513,
      30.060294770855478,
      29.92611743664785,
      29.852807268697617,
      29.557375048856876,
      29.514284894125765,
      29.123216817190272,
      29.098366698376996,
      28.870196626772778,
      28.798735193748996,
      28.624728029449965,
      28.43816250307918,
      28.41325864080479,
      28.229618108960366,
      27.833629785347153,
      27.832531292884255,
      27.516507565564268,
      27.487648772723368,
      27.012956873810555,
      27.008733155766826,
      26.978343577662905,
      26.962164864105855,
      26.737244118341028,
      26.60768761881224,
      26.586898203323685,
      26.49300292270573,
      26.29929767622308,
      26.29596433139822,
      26.23205246250014,
      26.210956677461155,
      25.739493518045737,
      25.67477730601901,
      25.559439534566017,
      25.500003065072306,
      25.358214959357806,
      25.09544271573161,
      25.09464878027004,
      24.899475108243173,
      24.765611393516515,
      24.710120791363554,
      24.597739360826086,
      24.526319779900557
    ],
    "singular_values_truncated": true
  },
  "poles": [
    {
      "i": 0,
      "z": [
        0.9905503494974168,
        -0.10152285039264083
      ],
      "q": [
        -17.488842134795014,
        -418.3438548172776
      ],
      "omega_qnm": [
        418.3438548172776,
        -17.488842134795014
      ],
      "freq_hz": 66.58149240628794,
      "damping_1_over_s": 17.488842134795014,
      "a": [
        -0.008955876014229258,
        0.012208221511753508
      ],
      "amp_abs": 0.015140950685551024
    },
    {
      "i": 1,
      "z": [
        -0.5858750256892267,
        -0.7981969364123337
      ],
      "q": [
        -40.60646333955851,
        -9027.49105297495
      ],
      "omega_qnm": [
        9027.49105297495,
        -40.60646333955851
      ],
      "freq_hz": 1436.7698247988226,
      "damping_1_over_s": 40.60646333955851,
      "a": [
        -0.02054540812927832,
        -0.04776755494996655
      ],
      "amp_abs": 0.05199858749136066
    }
  ]
}
