{
  "created_at": "2026-04-17T09:25:55+00:00",
  "script": "01_extract_ringdown_poles.py",
  "script_version": "01_extract_ringdown_poles.py/v1.2",
  "event": "GW150914",
  "ifo": "H1+L1",
  "fs_hz": 4096.0,
  "dt": 0.000244140625,
  "t0_rel": 0.02145693588256836,
  "duration_s": 0.15,
  "preprocess": {
    "detrend": "mean",
    "hp_hz": 30.0,
    "lp_hz": null
  },
  "window": {
    "t0_rel": 0.02145693588256836,
    "duration_s": 0.15,
    "i0": 65625,
    "i1": 66239,
    "n_samples": 614,
    "t_rel_start": 0.02163076400756836,
    "t_rel_end": 0.17128896713256836
  },
  "fit": {
    "method": "esprit_matrix_pencil",
    "L": 307,
    "rank_used": 4,
    "residual_rms": NaN,
    "relative_rms": NaN,
    "singular_values": [],
    "singular_values_truncated": false
  },
  "poles": [
    {
      "i": 0,
      "z": [
        -0.024270098660032713,
        -0.9981945187649822
      ],
      "q": [
        -6.191575813460889,
        -6533.552268821748
      ],
      "omega_qnm": [
        6533.552268821748,
        -6.191575813460889
      ],
      "freq_hz": 1039.847139532249,
      "damping_1_over_s": 6.191575813460889,
      "a": [
        0.11343036423525477,
        -0.17212832685051527
      ],
      "amp_abs": 0.20614220440002182
    },
    {
      "i": 1,
      "z": [
        0.9905503494974168,
        -0.10152285039264083
      ],
      "q": [
        -17.488842134795014,
        -418.3438548172776
      ],
      "omega_qnm": [
        418.3438548172776,
        -17.488842134795014
      ],
      "freq_hz": 66.58149240628794,
      "damping_1_over_s": 17.488842134795014,
      "a": [
        -0.008955876014229258,
        0.012208221511753508
      ],
      "amp_abs": 0.015140950685551024
    },
    {
      "i": 2,
      "z": [
        -0.5858750256892267,
        -0.7981969364123337
      ],
      "q": [
        -40.60646333955851,
        -9027.49105297495
      ],
      "omega_qnm": [
        9027.49105297495,
        -40.60646333955851
      ],
      "freq_hz": 1436.7698247988226,
      "damping_1_over_s": 40.60646333955851,
      "a": [
        -0.02054540812927832,
        -0.04776755494996655
      ],
      "amp_abs": 0.05199858749136066
    },
    {
      "i": 3,
      "z": [
        0.9162956337748436,
        -0.3063898814971435
      ],
      "q": [
        -140.99216631748556,
        -1321.7432586914942
      ],
      "omega_qnm": [
        1321.7432586914942,
        -140.99216631748556
      ],
      "freq_hz": 210.36197311914108,
      "damping_1_over_s": 140.99216631748556,
      "a": [
        -0.9273082276405193,
        1.745399788337406
      ],
      "amp_abs": 1.9764414917163782
    }
  ]
}
