{
  "created_at": "2026-04-18T05:52:23+00:00",
  "script": "01_extract_ringdown_poles.py",
  "script_version": "01_extract_ringdown_poles.py/v1.2",
  "event": "GW190521_030229",
  "ifo": "H1",
  "fs_hz": 4096.0,
  "dt": 0.000244140625,
  "t0_rel": 0.22946474838256836,
  "duration_s": 0.05,
  "preprocess": {
    "detrend": "mean",
    "hp_hz": 30.0,
    "lp_hz": null
  },
  "window": {
    "t0_rel": 0.22946474838256836,
    "duration_s": 0.05,
    "i0": 64019,
    "i1": 64224,
    "n_samples": 205,
    "t_rel_start": 0.22963857650756836,
    "t_rel_end": 0.27944326400756836
  },
  "fit": {
    "method": "esprit_matrix_pencil",
    "L": 102,
    "rank_used": 2,
    "residual_rms": 0.9599245284052644,
    "relative_rms": 0.9750047427936774,
    "singular_values": [
      19.663512194523985,
      19.382252051263563,
      19.089090201273393,
      18.684651201133228,
      18.125001888035353,
      17.915114049344204,
      17.761938368692363,
      17.686738248351034,
      17.315388750251426,
      17.20440556699292,
      16.54412505854979,
      16.192905632145962,
      15.412560204257392,
      15.272613218600736,
      14.815088723251272,
      14.77948284870909,
      14.731301432513703,
      14.70391841176423,
      14.217935395102486,
      14.066231834045439,
      13.886502384249011,
      13.544505961614751,
      13.541124282146152,
      13.49341880001976,
      13.455206593467203,
      13.268368402289909,
      12.653890993067474,
      12.633181196375926,
      12.432378466607876,
      12.138449698214925,
      12.02115272326431,
      11.678426615247023,
      10.852680851766396,
      10.70201128633596,
      10.55576828171384,
      10.460594517669653,
      10.297597493229077,
      10.206598068066588,
      10.126995124641443,
      9.59640073994772,
      9.351028376236274,
      9.20474499150768,
      8.830902782667525,
      8.690883284359833,
      8.565958673085012,
      8.530102855004777,
      8.248673596543053,
      8.102665496543395,
      8.026365263557578,
      7.9802995122508085,
      7.864361635300314,
      7.519263740052439,
      7.264916612892151,
      7.144699746577997,
      7.101699574770745,
      7.014952365745482,
      6.982824891628838,
      6.8958024973999095,
      6.853003975374617,
      6.825176490027578,
      6.811292775851359,
      6.670160101915827,
      6.609246463644472,
      6.286094982304868
    ],
    "singular_values_truncated": true
  },
  "poles": [
    {
      "i": 0,
      "z": [
        0.37028539326027043,
        -0.9173699693035641
      ],
      "q": [
        -44.13776738752943,
        -4862.59781500381
      ],
      "omega_qnm": [
        4862.59781500381,
        -44.13776738752943
      ],
      "freq_hz": 773.906478525706,
      "damping_1_over_s": 44.13776738752943,
      "a": [
        -0.11588723577671917,
        0.25629903618888283
      ],
      "amp_abs": 0.2812810824910185
    },
    {
      "i": 1,
      "z": [
        0.898150300106591,
        -0.3788714220945041
      ],
      "q": [
        -104.57980174466398,
        -1635.0699210198354
      ],
      "omega_qnm": [
        1635.0699210198354,
        -104.57980174466398
      ],
      "freq_hz": 260.2294602311817,
      "damping_1_over_s": 104.57980174466398,
      "a": [
        0.044629771011527306,
        0.24158227464196108
      ],
      "amp_abs": 0.2456701281835569
    }
  ]
}
