{
  "created_at": "2026-04-18T05:52:23+00:00",
  "script": "01_extract_ringdown_poles.py",
  "script_version": "01_extract_ringdown_poles.py/v1.2",
  "event": "GW190521_030229",
  "ifo": "L1",
  "fs_hz": 4096.0,
  "dt": 0.000244140625,
  "t0_rel": 0.22946474838256836,
  "duration_s": 0.05,
  "preprocess": {
    "detrend": "mean",
    "hp_hz": 30.0,
    "lp_hz": null
  },
  "window": {
    "t0_rel": 0.22946474838256836,
    "duration_s": 0.05,
    "i0": 64019,
    "i1": 64224,
    "n_samples": 205,
    "t_rel_start": 0.22963857650756836,
    "t_rel_end": 0.27944326400756836
  },
  "fit": {
    "method": "esprit_matrix_pencil",
    "L": 102,
    "rank_used": 2,
    "residual_rms": 0.9894142297808055,
    "relative_rms": 0.9942979986674534,
    "singular_values": [
      21.87743066507432,
      21.574705554288315,
      19.737676886960482,
      19.141872202519988,
      18.886204112828462,
      18.784452928873858,
      17.035137899133712,
      16.835632226234466,
      16.541042533913497,
      16.326410655335824,
      16.23853384856312,
      15.804146014285097,
      15.309541862801579,
      15.01028054895108,
      14.953125350614805,
      14.399139903143222,
      14.387161581482447,
      14.187816481689241,
      13.73032514231901,
      13.546427634584125,
      13.40248839063102,
      12.967436155475506,
      12.880451038333003,
      12.802520817873331,
      12.711759351145277,
      12.698822584720851,
      12.476038099243466,
      12.180743966092892,
      11.89685115893123,
      11.816378102597362,
      11.253885732365694,
      11.183490458482806,
      11.035232085734872,
      10.79564324010858,
      10.667480857383197,
      10.549663251325306,
      10.280532522913026,
      10.06729709484214,
      9.755892069860678,
      9.625690942192922,
      9.42543036578343,
      9.270023188511624,
      9.201684015994045,
      9.05993678107418,
      8.953071921200628,
      8.754650018490352,
      8.618732784689213,
      8.542597092593034,
      8.1829259724772,
      8.074040080776495,
      7.68306646519071,
      7.570055073218589,
      7.370955185796845,
      7.3015592957675794,
      6.88788324361251,
      6.7587057778847095,
      6.51417284584693,
      6.420033130692203,
      6.323065875535578,
      6.199521436707533,
      6.175424991631466,
      6.06050606987539,
      5.526064857126334,
      5.475435884923324
    ],
    "singular_values_truncated": true
  },
  "poles": [
    {
      "i": 0,
      "z": [
        0.9072949413905712,
        -0.3286360115256715
      ],
      "q": [
        -146.01526690706686,
        -1423.4224058644584
      ],
      "omega_qnm": [
        1423.4224058644584,
        -146.01526690706686
      ],
      "freq_hz": 226.54471200108662,
      "damping_1_over_s": 146.01526690706686,
      "a": [
        0.0067371468217097275,
        -0.05875894744798597
      ],
      "amp_abs": 0.059143918136123255
    },
    {
      "i": 1,
      "z": [
        0.9446371333642438,
        -0.14438964500521426
      ],
      "q": [
        -185.98676850189554,
        -621.2730257650067
      ],
      "omega_qnm": [
        621.2730257650067,
        -185.98676850189554
      ],
      "freq_hz": 98.87867306015926,
      "damping_1_over_s": 185.98676850189554,
      "a": [
        -0.17833948114845916,
        0.3093342499649058
      ],
      "amp_abs": 0.35706112745250285
    }
  ]
}
