{
  "created_at": "2026-04-18T05:52:23+00:00",
  "script": "01_extract_ringdown_poles.py",
  "script_version": "01_extract_ringdown_poles.py/v1.2",
  "event": "GW190521_030229",
  "ifo": "H1+L1",
  "fs_hz": 4096.0,
  "dt": 0.000244140625,
  "t0_rel": 0.22946474838256836,
  "duration_s": 0.05,
  "preprocess": {
    "detrend": "mean",
    "hp_hz": 30.0,
    "lp_hz": null
  },
  "window": {
    "t0_rel": 0.22946474838256836,
    "duration_s": 0.05,
    "i0": 64019,
    "i1": 64224,
    "n_samples": 205,
    "t_rel_start": 0.22963857650756836,
    "t_rel_end": 0.27944326400756836
  },
  "fit": {
    "method": "esprit_matrix_pencil",
    "L": 102,
    "rank_used": 4,
    "residual_rms": NaN,
    "relative_rms": NaN,
    "singular_values": [],
    "singular_values_truncated": false
  },
  "poles": [
    {
      "i": 0,
      "z": [
        0.37028539326027043,
        -0.9173699693035641
      ],
      "q": [
        -44.13776738752943,
        -4862.59781500381
      ],
      "omega_qnm": [
        4862.59781500381,
        -44.13776738752943
      ],
      "freq_hz": 773.906478525706,
      "damping_1_over_s": 44.13776738752943,
      "a": [
        -0.11588723577671917,
        0.25629903618888283
      ],
      "amp_abs": 0.2812810824910185
    },
    {
      "i": 1,
      "z": [
        0.898150300106591,
        -0.3788714220945041
      ],
      "q": [
        -104.57980174466398,
        -1635.0699210198354
      ],
      "omega_qnm": [
        1635.0699210198354,
        -104.57980174466398
      ],
      "freq_hz": 260.2294602311817,
      "damping_1_over_s": 104.57980174466398,
      "a": [
        0.044629771011527306,
        0.24158227464196108
      ],
      "amp_abs": 0.2456701281835569
    },
    {
      "i": 2,
      "z": [
        0.9072949413905712,
        -0.3286360115256715
      ],
      "q": [
        -146.01526690706686,
        -1423.4224058644584
      ],
      "omega_qnm": [
        1423.4224058644584,
        -146.01526690706686
      ],
      "freq_hz": 226.54471200108662,
      "damping_1_over_s": 146.01526690706686,
      "a": [
        0.0067371468217097275,
        -0.05875894744798597
      ],
      "amp_abs": 0.059143918136123255
    },
    {
      "i": 3,
      "z": [
        0.9446371333642438,
        -0.14438964500521426
      ],
      "q": [
        -185.98676850189554,
        -621.2730257650067
      ],
      "omega_qnm": [
        621.2730257650067,
        -185.98676850189554
      ],
      "freq_hz": 98.87867306015926,
      "damping_1_over_s": 185.98676850189554,
      "a": [
        -0.17833948114845916,
        0.3093342499649058
      ],
      "amp_abs": 0.35706112745250285
    }
  ]
}
