{
  "created_at": "2026-04-17T10:21:47+00:00",
  "script": "01_extract_ringdown_poles.py",
  "script_version": "01_extract_ringdown_poles.py/v1.2",
  "event": "GW150914",
  "ifo": "L1",
  "fs_hz": 4096.0,
  "dt": 0.000244140625,
  "t0_rel": 0.02195693588256836,
  "duration_s": 0.05,
  "preprocess": {
    "detrend": "mean",
    "hp_hz": 30.0,
    "lp_hz": null
  },
  "window": {
    "t0_rel": 0.02195693588256836,
    "duration_s": 0.05,
    "i0": 65627,
    "i1": 65832,
    "n_samples": 205,
    "t_rel_start": 0.02211904525756836,
    "t_rel_end": 0.07192373275756836
  },
  "fit": {
    "method": "esprit_matrix_pencil",
    "L": 102,
    "rank_used": 1,
    "residual_rms": 0.9814982225253697,
    "relative_rms": 0.9818997074676508,
    "singular_values": [
      18.827127604048883,
      18.45737598878686,
      18.007641463824285,
      17.799256787859623,
      17.755779635572495,
      16.57175040881072,
      16.400282873423734,
      16.364336631431087,
      15.398334931148277,
      15.302633129608688,
      14.887880161053035,
      14.542327201308812,
      14.246747952782314,
      13.955990165091073,
      13.86430007674528,
      13.798346048120539,
      13.413194194245392,
      13.164857754921512,
      12.741857068080439,
      12.584817275032155,
      12.565166560945762,
      12.42374731992876,
      12.207771169910638,
      12.191357107870196,
      11.966708575381942,
      11.905145592582091,
      11.865513831127544,
      11.561321492404133,
      11.349406781734366,
      11.165850907446208,
      10.955751030668383,
      10.914016243970552,
      10.86614904379343,
      10.639645895394628,
      10.135961079731057,
      10.033315677277377,
      9.890608667485608,
      9.710628128146388,
      9.642000632167713,
      9.635157317007202,
      9.175406561840628,
      9.012380841687976,
      8.90906620434227,
      8.895445371511373,
      8.809933475037013,
      8.772921946695606,
      8.623583637757225,
      8.167506336121502,
      8.044641327021965,
      7.979815894027667,
      7.462487248467946,
      7.442280453026177,
      7.065179652892497,
      6.93270415042899,
      6.849551711555068,
      6.6870786004288245,
      6.597849955728724,
      6.245046314328737,
      5.702434273838753,
      5.367103405700502,
      5.312503406437602,
      5.159037422401086,
      4.746180553999339,
      4.663395236778494
    ],
    "singular_values_truncated": true
  },
  "poles": [
    {
      "i": 0,
      "z": [
        -0.6184581833103089,
        -0.23819522110004263
      ],
      "q": [
        -1684.9670237117239,
        -11362.135002528297
      ],
      "omega_qnm": [
        11362.135002528297,
        -1684.9670237117239
      ],
      "freq_hz": 1808.3399497298233,
      "damping_1_over_s": 1684.9670237117239,
      "a": [
        -0.9494102240095611,
        -2.2909801829185015
      ],
      "amp_abs": 2.479913299286726
    }
  ]
}
