{
  "created_at": "2026-04-17T10:21:47+00:00",
  "script": "01_extract_ringdown_poles.py",
  "script_version": "01_extract_ringdown_poles.py/v1.2",
  "event": "GW150914",
  "ifo": "H1",
  "fs_hz": 4096.0,
  "dt": 0.000244140625,
  "t0_rel": 0.02195693588256836,
  "duration_s": 0.05,
  "preprocess": {
    "detrend": "mean",
    "hp_hz": 30.0,
    "lp_hz": null
  },
  "window": {
    "t0_rel": 0.02195693588256836,
    "duration_s": 0.05,
    "i0": 65627,
    "i1": 65832,
    "n_samples": 205,
    "t_rel_start": 0.02211904525756836,
    "t_rel_end": 0.07192373275756836
  },
  "fit": {
    "method": "esprit_matrix_pencil",
    "L": 102,
    "rank_used": 2,
    "residual_rms": 1.0424920169626317,
    "relative_rms": 0.7987371305325269,
    "singular_values": [
      36.225124751970455,
      31.388278991748056,
      24.989010912145552,
      24.872943258805062,
      19.81321304013289,
      19.61664342857087,
      18.207845067009664,
      17.930111489873415,
      17.627522344108414,
      17.461768906766316,
      16.925208586163855,
      16.77970133557505,
      16.771184518745827,
      16.48972759427029,
      16.269500460733532,
      15.98572195826495,
      15.704523519645926,
      15.362427816927797,
      15.003315822385765,
      14.860806111406418,
      14.488271912020233,
      14.455252429330594,
      14.43397547944082,
      14.130948224783113,
      13.503241116000718,
      13.318099534799387,
      12.834873476814478,
      12.773052740704058,
      12.315927682092598,
      12.116050508401246,
      11.81263395691242,
      11.53972360297422,
      11.494640481158681,
      11.242311917787937,
      10.281234171991231,
      9.834565547810726,
      9.72108614254031,
      9.69423921954647,
      9.665557240955925,
      9.627769813290081,
      9.556164130295045,
      9.414187404202766,
      9.299971993981863,
      9.097016545338349,
      8.832472302995626,
      8.76595073940342,
      8.4359990350878,
      8.425323183123925,
      8.068345085853235,
      8.03887353649655,
      8.027657134533092,
      7.941323827045276,
      7.788748553376447,
      7.661378774421182,
      7.4957843719298305,
      7.213539802611274,
      7.1520871010535085,
      6.965715565335569,
      6.695431637883084,
      6.122686224572001,
      5.917614008279424,
      5.725802224121494,
      5.43129663328295,
      5.382729715786708
    ],
    "singular_values_truncated": true
  },
  "poles": [
    {
      "i": 0,
      "z": [
        0.31233365515576705,
        -0.9449506473219667
      ],
      "q": [
        -19.5820094452486,
        -5126.4378159243
      ],
      "omega_qnm": [
        5126.4378159243,
        -19.5820094452486
      ],
      "freq_hz": 815.8979188575721,
      "damping_1_over_s": 19.5820094452486,
      "a": [
        -0.23250954404952395,
        0.007499524015489589
      ],
      "amp_abs": 0.23263046003173452
    },
    {
      "i": 1,
      "z": [
        0.9120689042119944,
        -0.3135104251018978
      ],
      "q": [
        -148.2758279624999,
        -1356.1162708319719
      ],
      "omega_qnm": [
        1356.1162708319719,
        -148.2758279624999
      ],
      "freq_hz": 215.8326079102558,
      "damping_1_over_s": 148.2758279624999,
      "a": [
        -0.24806542598399772,
        2.065629501009307
      ],
      "amp_abs": 2.080471506896593
    }
  ]
}
