{
  "created_at": "2026-04-17T10:21:47+00:00",
  "script": "01_extract_ringdown_poles.py",
  "script_version": "01_extract_ringdown_poles.py/v1.2",
  "event": "GW150914",
  "ifo": "H1+L1",
  "fs_hz": 4096.0,
  "dt": 0.000244140625,
  "t0_rel": 0.02195693588256836,
  "duration_s": 0.05,
  "preprocess": {
    "detrend": "mean",
    "hp_hz": 30.0,
    "lp_hz": null
  },
  "window": {
    "t0_rel": 0.02195693588256836,
    "duration_s": 0.05,
    "i0": 65627,
    "i1": 65832,
    "n_samples": 205,
    "t_rel_start": 0.02211904525756836,
    "t_rel_end": 0.07192373275756836
  },
  "fit": {
    "method": "esprit_matrix_pencil",
    "L": 102,
    "rank_used": 3,
    "residual_rms": NaN,
    "relative_rms": NaN,
    "singular_values": [],
    "singular_values_truncated": false
  },
  "poles": [
    {
      "i": 0,
      "z": [
        0.31233365515576705,
        -0.9449506473219667
      ],
      "q": [
        -19.5820094452486,
        -5126.4378159243
      ],
      "omega_qnm": [
        5126.4378159243,
        -19.5820094452486
      ],
      "freq_hz": 815.8979188575721,
      "damping_1_over_s": 19.5820094452486,
      "a": [
        -0.23250954404952395,
        0.007499524015489589
      ],
      "amp_abs": 0.23263046003173452
    },
    {
      "i": 1,
      "z": [
        0.9120689042119944,
        -0.3135104251018978
      ],
      "q": [
        -148.2758279624999,
        -1356.1162708319719
      ],
      "omega_qnm": [
        1356.1162708319719,
        -148.2758279624999
      ],
      "freq_hz": 215.8326079102558,
      "damping_1_over_s": 148.2758279624999,
      "a": [
        -0.24806542598399772,
        2.065629501009307
      ],
      "amp_abs": 2.080471506896593
    },
    {
      "i": 2,
      "z": [
        -0.6184581833103089,
        -0.23819522110004263
      ],
      "q": [
        -1684.9670237117239,
        -11362.135002528297
      ],
      "omega_qnm": [
        11362.135002528297,
        -1684.9670237117239
      ],
      "freq_hz": 1808.3399497298233,
      "damping_1_over_s": 1684.9670237117239,
      "a": [
        -0.9494102240095611,
        -2.2909801829185015
      ],
      "amp_abs": 2.479913299286726
    }
  ]
}
