{
  "created_at": "2026-04-17T09:25:54+00:00",
  "script": "01_extract_ringdown_poles.py",
  "script_version": "01_extract_ringdown_poles.py/v1.2",
  "event": "GW150914",
  "ifo": "H1",
  "fs_hz": 4096.0,
  "dt": 0.000244140625,
  "t0_rel": 0.02145693588256836,
  "duration_s": 0.1,
  "preprocess": {
    "detrend": "mean",
    "hp_hz": 30.0,
    "lp_hz": null
  },
  "window": {
    "t0_rel": 0.02145693588256836,
    "duration_s": 0.1,
    "i0": 65625,
    "i1": 66034,
    "n_samples": 409,
    "t_rel_start": 0.02163076400756836,
    "t_rel_end": 0.12124013900756836
  },
  "fit": {
    "method": "esprit_matrix_pencil",
    "L": 204,
    "rank_used": 2,
    "residual_rms": 1.057837555681067,
    "relative_rms": 0.8966965137834919,
    "singular_values": [
      40.83340861907189,
      37.889690908676464,
      32.14120622393515,
      32.03445230906833,
      31.751680676284987,
      31.635696236480435,
      30.91037955371327,
      30.760236270854325,
      30.144924055349588,
      29.73488343862469,
      29.691216338840896,
      29.59162295108653,
      26.956596570929463,
      26.09002170313264,
      25.989512831773517,
      25.906344382521823,
      25.601395333739536,
      25.32616911049487,
      25.2860402647953,
      24.916162584533463,
      24.268980170565804,
      24.19466545003958,
      24.0588246558396,
      24.01800875678178,
      23.601421323692712,
      23.51704638808943,
      23.307718718942674,
      23.247562972702433,
      22.129832888455756,
      21.948485797254598,
      21.921360542848152,
      21.780901682584112,
      21.486353601497882,
      21.369652517359352,
      21.275572881190335,
      21.026577442674803,
      20.815997897283147,
      20.73225997302312,
      20.63805092359772,
      20.519791235987746,
      19.71762165424099,
      19.561547419157353,
      19.512544522277807,
      19.44662672578712,
      19.251852557953253,
      19.179036121676873,
      19.112422374532223,
      19.04110934210884,
      18.97414814126604,
      18.852618154139513,
      18.822693137180167,
      18.459096110773842,
      18.317046954811822,
      18.24756286721843,
      18.021681934248342,
      17.987343735244135,
      17.945963953663465,
      17.928499909537155,
      17.885179299423697,
      17.7976933497724,
      17.368669709224868,
      17.34843844140857,
      17.167068499897717,
      17.107163783574695
    ],
    "singular_values_truncated": true
  },
  "poles": [
    {
      "i": 0,
      "z": [
        0.917949257404644,
        -0.3016517752704715
      ],
      "q": [
        -140.65830650808263,
        -1300.4715731008848
      ],
      "omega_qnm": [
        1300.4715731008848,
        -140.65830650808263
      ],
      "freq_hz": 206.97647920949893,
      "damping_1_over_s": 140.65830650808263,
      "a": [
        -0.9206424823771109,
        1.7975882977289905
      ],
      "amp_abs": 2.0196302306337413
    },
    {
      "i": 1,
      "z": [
        -0.5378428014260359,
        -0.6460898788335718
      ],
      "q": [
        -710.9408996856931,
        -9277.513292855017
      ],
      "omega_qnm": [
        9277.513292855017,
        -710.9408996856931
      ],
      "freq_hz": 1476.5621001586428,
      "damping_1_over_s": 710.9408996856931,
      "a": [
        0.6283637085664745,
        0.8925085268965122
      ],
      "amp_abs": 1.0915184015060835
    }
  ]
}
