{
  "created_at": "2026-04-17T09:25:54+00:00",
  "script": "01_extract_ringdown_poles.py",
  "script_version": "01_extract_ringdown_poles.py/v1.2",
  "event": "GW150914",
  "ifo": "H1+L1",
  "fs_hz": 4096.0,
  "dt": 0.000244140625,
  "t0_rel": 0.02145693588256836,
  "duration_s": 0.1,
  "preprocess": {
    "detrend": "mean",
    "hp_hz": 30.0,
    "lp_hz": null
  },
  "window": {
    "t0_rel": 0.02145693588256836,
    "duration_s": 0.1,
    "i0": 65625,
    "i1": 66034,
    "n_samples": 409,
    "t_rel_start": 0.02163076400756836,
    "t_rel_end": 0.12124013900756836
  },
  "fit": {
    "method": "esprit_matrix_pencil",
    "L": 204,
    "rank_used": 4,
    "residual_rms": NaN,
    "relative_rms": NaN,
    "singular_values": [],
    "singular_values_truncated": false
  },
  "poles": [
    {
      "i": 0,
      "z": [
        -0.6033431187216045,
        -0.7906584247731625
      ],
      "q": [
        -22.313937211440802,
        -9103.860527764748
      ],
      "omega_qnm": [
        9103.860527764748,
        -22.313937211440802
      ],
      "freq_hz": 1448.9244042129508,
      "damping_1_over_s": 22.313937211440802,
      "a": [
        0.1203995944479691,
        0.09089047414778362
      ],
      "amp_abs": 0.1508547004042113
    },
    {
      "i": 1,
      "z": [
        0.9516879596073677,
        -0.19996609508761276
      ],
      "q": [
        -114.34737532308421,
        -848.3001452230038
      ],
      "omega_qnm": [
        848.3001452230038,
        -114.34737532308421
      ],
      "freq_hz": 135.01116133781372,
      "damping_1_over_s": 114.34737532308421,
      "a": [
        -0.07703057444052462,
        0.6024319764348095
      ],
      "amp_abs": 0.6073368057591998
    },
    {
      "i": 2,
      "z": [
        0.917949257404644,
        -0.3016517752704715
      ],
      "q": [
        -140.65830650808263,
        -1300.4715731008848
      ],
      "omega_qnm": [
        1300.4715731008848,
        -140.65830650808263
      ],
      "freq_hz": 206.97647920949893,
      "damping_1_over_s": 140.65830650808263,
      "a": [
        -0.9206424823771109,
        1.7975882977289905
      ],
      "amp_abs": 2.0196302306337413
    },
    {
      "i": 3,
      "z": [
        -0.5378428014260359,
        -0.6460898788335718
      ],
      "q": [
        -710.9408996856931,
        -9277.513292855017
      ],
      "omega_qnm": [
        9277.513292855017,
        -710.9408996856931
      ],
      "freq_hz": 1476.5621001586428,
      "damping_1_over_s": 710.9408996856931,
      "a": [
        0.6283637085664745,
        0.8925085268965122
      ],
      "amp_abs": 1.0915184015060835
    }
  ]
}
