{
  "created_at": "2026-04-17T09:25:54+00:00",
  "script": "01_extract_ringdown_poles.py",
  "script_version": "01_extract_ringdown_poles.py/v1.2",
  "event": "GW150914",
  "ifo": "L1",
  "fs_hz": 4096.0,
  "dt": 0.000244140625,
  "t0_rel": 0.02145693588256836,
  "duration_s": 0.1,
  "preprocess": {
    "detrend": "mean",
    "hp_hz": 30.0,
    "lp_hz": null
  },
  "window": {
    "t0_rel": 0.02145693588256836,
    "duration_s": 0.1,
    "i0": 65625,
    "i1": 66034,
    "n_samples": 409,
    "t_rel_start": 0.02163076400756836,
    "t_rel_end": 0.12124013900756836
  },
  "fit": {
    "method": "esprit_matrix_pencil",
    "L": 204,
    "rank_used": 2,
    "residual_rms": 0.9845536472397249,
    "relative_rms": 0.9796830809624693,
    "singular_values": [
      30.763778545800882,
      30.626194653423326,
      28.852294473258457,
      28.19705517642078,
      27.884084175395955,
      27.108457267176615,
      26.33066510158071,
      26.290142341107234,
      25.704615759401353,
      25.693325659323076,
      25.67721161598638,
      25.289413009738915,
      24.668524555893633,
      24.478724098581008,
      24.385296713080127,
      24.063347302522995,
      24.052389136581326,
      23.939803634497324,
      23.86243156989585,
      23.74049090405749,
      23.55994163935609,
      23.5022940212319,
      23.31736544670519,
      22.943779255782434,
      21.88155652578976,
      21.873934473594545,
      21.67580397205415,
      21.516116753070733,
      21.49600232613376,
      21.12959127897218,
      21.031657365697054,
      20.917095618192768,
      20.754853905484623,
      20.55460888914617,
      20.343743574705428,
      20.040250325904406,
      19.49235256782421,
      19.40130823447427,
      19.39129459601105,
      19.250094403617993,
      18.80792868675698,
      18.70690288786662,
      18.62659150059512,
      18.533165776708135,
      18.155895405322187,
      18.050339885057646,
      17.976478276729523,
      17.934201515951152,
      17.88702261187417,
      17.77596900398058,
      17.73437540687987,
      17.691770992181,
      17.507777394416255,
      17.4670980965291,
      17.125185429902373,
      16.98582907493753,
      16.838107904124392,
      16.737436705168886,
      16.69726756084218,
      16.544159088773156,
      16.516378449138013,
      16.33891512975602,
      15.899651712713121,
      15.792906636325528
    ],
    "singular_values_truncated": true
  },
  "poles": [
    {
      "i": 0,
      "z": [
        -0.6033431187216045,
        -0.7906584247731625
      ],
      "q": [
        -22.313937211440802,
        -9103.860527764748
      ],
      "omega_qnm": [
        9103.860527764748,
        -22.313937211440802
      ],
      "freq_hz": 1448.9244042129508,
      "damping_1_over_s": 22.313937211440802,
      "a": [
        0.1203995944479691,
        0.09089047414778362
      ],
      "amp_abs": 0.1508547004042113
    },
    {
      "i": 1,
      "z": [
        0.9516879596073677,
        -0.19996609508761276
      ],
      "q": [
        -114.34737532308421,
        -848.3001452230038
      ],
      "omega_qnm": [
        848.3001452230038,
        -114.34737532308421
      ],
      "freq_hz": 135.01116133781372,
      "damping_1_over_s": 114.34737532308421,
      "a": [
        -0.07703057444052462,
        0.6024319764348095
      ],
      "amp_abs": 0.6073368057591998
    }
  ]
}
