{
  "created_at": "2026-04-17T08:06:53+00:00",
  "script": "01_extract_ringdown_poles.py",
  "script_version": "01_extract_ringdown_poles.py/v1.2",
  "event": "GW170104",
  "ifo": "H1",
  "fs_hz": 4096.0,
  "dt": 0.000244140625,
  "t0_rel": 0.13932822036743164,
  "duration_s": 0.25,
  "preprocess": {
    "detrend": "mean",
    "hp_hz": 30.0,
    "lp_hz": null
  },
  "window": {
    "t0_rel": 0.13932822036743164,
    "duration_s": 0.25,
    "i0": 66108,
    "i1": 67132,
    "n_samples": 1024,
    "t_rel_start": 0.13950204849243164,
    "t_rel_end": 0.38925790786743164
  },
  "fit": {
    "method": "esprit_matrix_pencil",
    "L": 512,
    "rank_used": 1,
    "residual_rms": 0.9673645154113861,
    "relative_rms": 0.995398989589885,
    "singular_values": [
      55.64804361251756,
      55.57791872295772,
      51.30232166572186,
      50.95083281964321,
      50.421533338004714,
      50.413827102746914,
      50.35841259142379,
      50.35166942606251,
      50.063988071402584,
      50.02302008772261,
      46.69956280425613,
      46.375379313391306,
      46.320992204740115,
      46.30687141120262,
      45.54786953824265,
      45.50903385170041,
      44.0865167722179,
      44.05919640218956,
      43.98667678804183,
      43.968410706001805,
      42.978414326830574,
      42.9628035729497,
      42.54910761990847,
      42.33997759449984,
      42.16477617347432,
      42.12392948661899,
      41.54072787328983,
      41.48135728565989,
      41.28814542373136,
      41.10490322438532,
      40.768071733036805,
      40.60893894907084,
      40.60780921535882,
      40.114988384382386,
      39.951517872903686,
      39.89930597514641,
      39.40528974133556,
      39.24421434176712,
      38.70539736875275,
      38.59581369858942,
      38.19244815845575,
      38.02553843428698,
      37.7165999957317,
      37.60304087974644,
      37.42225588081034,
      37.21941857902501,
      36.96266148524741,
      36.7854730436229,
      35.66009923054262,
      35.49338144527013,
      35.159668930979365,
      35.13150289235589,
      34.875218891968125,
      34.83601279954619,
      34.19394431055769,
      34.16371715314576,
      34.12508505473767,
      34.04155696016849,
      33.66723204432429,
      33.66190326167283,
      33.44195824290005,
      33.43365929400229,
      33.20890495018271,
      33.17223877065598
    ],
    "singular_values_truncated": true
  },
  "poles": [
    {
      "i": 0,
      "z": [
        0.9553117276571743,
        -0.23339376705832315
      ],
      "q": [
        -68.52702597134488,
        -981.4744305181374
      ],
      "omega_qnm": [
        981.4744305181374,
        -68.52702597134488
      ],
      "freq_hz": 156.20650713526456,
      "damping_1_over_s": 68.52702597134488,
      "a": [
        -0.11472223586224639,
        0.04612457241145325
      ],
      "amp_abs": 0.12364735169574917
    }
  ]
}
