{
  "created_at": "2026-04-17T08:06:53+00:00",
  "script": "01_extract_ringdown_poles.py",
  "script_version": "01_extract_ringdown_poles.py/v1.2",
  "event": "GW170104",
  "ifo": "H1+L1",
  "fs_hz": 4096.0,
  "dt": 0.000244140625,
  "t0_rel": 0.13932822036743164,
  "duration_s": 0.25,
  "preprocess": {
    "detrend": "mean",
    "hp_hz": 30.0,
    "lp_hz": null
  },
  "window": {
    "t0_rel": 0.13932822036743164,
    "duration_s": 0.25,
    "i0": 66108,
    "i1": 67132,
    "n_samples": 1024,
    "t_rel_start": 0.13950204849243164,
    "t_rel_end": 0.38925790786743164
  },
  "fit": {
    "method": "esprit_matrix_pencil",
    "L": 512,
    "rank_used": 2,
    "residual_rms": NaN,
    "relative_rms": NaN,
    "singular_values": [],
    "singular_values_truncated": false
  },
  "poles": [
    {
      "i": 0,
      "z": [
        -0.0665341807312484,
        -0.9962225372928049
      ],
      "q": [
        -6.387132684024934,
        -6707.133468617808
      ],
      "omega_qnm": [
        6707.133468617808,
        -6.387132684024934
      ],
      "freq_hz": 1067.4734455076139,
      "damping_1_over_s": 6.387132684024934,
      "a": [
        0.08102000450521722,
        0.13187870481772296
      ],
      "amp_abs": 0.15477801495827992
    },
    {
      "i": 1,
      "z": [
        0.9553117276571743,
        -0.23339376705832315
      ],
      "q": [
        -68.52702597134488,
        -981.4744305181374
      ],
      "omega_qnm": [
        981.4744305181374,
        -68.52702597134488
      ],
      "freq_hz": 156.20650713526456,
      "damping_1_over_s": 68.52702597134488,
      "a": [
        -0.11472223586224639,
        0.04612457241145325
      ],
      "amp_abs": 0.12364735169574917
    }
  ]
}
