{
  "created_at": "2026-04-17T08:06:53+00:00",
  "script": "01_extract_ringdown_poles.py",
  "script_version": "01_extract_ringdown_poles.py/v1.2",
  "event": "GW170104",
  "ifo": "L1",
  "fs_hz": 4096.0,
  "dt": 0.000244140625,
  "t0_rel": 0.13932822036743164,
  "duration_s": 0.25,
  "preprocess": {
    "detrend": "mean",
    "hp_hz": 30.0,
    "lp_hz": null
  },
  "window": {
    "t0_rel": 0.13932822036743164,
    "duration_s": 0.25,
    "i0": 66108,
    "i1": 67132,
    "n_samples": 1024,
    "t_rel_start": 0.13950204849243164,
    "t_rel_end": 0.38925790786743164
  },
  "fit": {
    "method": "esprit_matrix_pencil",
    "L": 512,
    "rank_used": 1,
    "residual_rms": 0.9349397507124103,
    "relative_rms": 0.9859703862685478,
    "singular_values": [
      57.09451540525725,
      57.04152282489808,
      55.184029838210925,
      54.04650368608016,
      50.38585776693067,
      50.36027436219267,
      49.03524457954235,
      48.96132004246782,
      48.56377967655538,
      48.557511239104635,
      46.997761442072346,
      46.82198781165277,
      46.241175178242514,
      46.10662106885793,
      45.466586174607,
      45.4566869275712,
      44.164261936316656,
      44.04052089003681,
      44.00134246270742,
      43.990622771162705,
      43.749974126414806,
      43.72565264344566,
      42.070146834510346,
      41.965507230572626,
      41.702948837612404,
      41.6123845576918,
      41.089270282311695,
      41.014032309435514,
      40.19081470477272,
      40.16464027599872,
      39.85151970972709,
      39.83414756043481,
      39.13184087598493,
      39.04260824009951,
      38.478092250723726,
      38.363562359193814,
      37.751202182223686,
      37.7177788906211,
      37.67864338616619,
      37.58524853519791,
      37.477588136207025,
      37.29162566417431,
      36.74797684029001,
      36.71602833276809,
      36.5732727850823,
      36.55752604154395,
      36.39211629671824,
      36.327222177887684,
      36.1761622399638,
      36.125063859038164,
      35.86934202224578,
      35.86745395479254,
      35.627543365897786,
      35.50164074928179,
      35.22626051355694,
      35.212087131774844,
      34.92488876695799,
      34.91979912081783,
      34.537822325660976,
      34.47613283498235,
      34.3077343557854,
      34.22033849106672,
      34.0287734424888,
      33.91931970138659
    ],
    "singular_values_truncated": true
  },
  "poles": [
    {
      "i": 0,
      "z": [
        -0.0665341807312484,
        -0.9962225372928049
      ],
      "q": [
        -6.387132684024934,
        -6707.133468617808
      ],
      "omega_qnm": [
        6707.133468617808,
        -6.387132684024934
      ],
      "freq_hz": 1067.4734455076139,
      "damping_1_over_s": 6.387132684024934,
      "a": [
        0.08102000450521722,
        0.13187870481772296
      ],
      "amp_abs": 0.15477801495827992
    }
  ]
}
