{
  "created_at": "2026-04-17T09:45:13+00:00",
  "script": "01_extract_ringdown_poles.py",
  "script_version": "01_extract_ringdown_poles.py/v1.2",
  "event": "GW150914",
  "ifo": "H1+L1",
  "fs_hz": 4096.0,
  "dt": 0.000244140625,
  "t0_rel": 0.02145693588256836,
  "duration_s": 0.03,
  "preprocess": {
    "detrend": "mean",
    "hp_hz": 30.0,
    "lp_hz": null
  },
  "window": {
    "t0_rel": 0.02145693588256836,
    "duration_s": 0.03,
    "i0": 65625,
    "i1": 65748,
    "n_samples": 123,
    "t_rel_start": 0.02163076400756836,
    "t_rel_end": 0.05141592025756836
  },
  "fit": {
    "method": "esprit_matrix_pencil",
    "L": 61,
    "rank_used": 4,
    "residual_rms": NaN,
    "relative_rms": NaN,
    "singular_values": [],
    "singular_values_truncated": false
  },
  "poles": [
    {
      "i": 0,
      "z": [
        -0.6159018318359069,
        -0.7616877863618177
      ],
      "q": [
        -84.66323818961862,
        -9219.113290160005
      ],
      "omega_qnm": [
        9219.113290160005,
        -84.66323818961862
      ],
      "freq_hz": 1467.2674510531517,
      "damping_1_over_s": 84.66323818961862,
      "a": [
        -0.3340968975647706,
        0.011911397977783306
      ],
      "amp_abs": 0.334309165839332
    },
    {
      "i": 1,
      "z": [
        0.9217827076968085,
        -0.2996989105716543
      ],
      "q": [
        -127.80438076939392,
        -1287.5742398202597
      ],
      "omega_qnm": [
        1287.5742398202597,
        -127.80438076939392
      ],
      "freq_hz": 204.92380486518383,
      "damping_1_over_s": 127.80438076939392,
      "a": [
        -0.8228297278236207,
        1.7418204861325193
      ],
      "amp_abs": 1.9263923190516568
    },
    {
      "i": 2,
      "z": [
        0.9428263658145755,
        -0.15518235099496228
      ],
      "q": [
        -186.40073344951364,
        -668.1808978641745
      ],
      "omega_qnm": [
        668.1808978641745,
        -186.40073344951364
      ],
      "freq_hz": 106.34429277466424,
      "damping_1_over_s": 186.40073344951364,
      "a": [
        0.4448335968703575,
        0.5722273841784895
      ],
      "amp_abs": 0.7247903890838898
    },
    {
      "i": 3,
      "z": [
        0.33211722934417276,
        -0.8465424775931315
      ],
      "q": [
        -389.1772424960618,
        -4902.6105234426295
      ],
      "omega_qnm": [
        4902.6105234426295,
        -389.1772424960618
      ],
      "freq_hz": 780.2746988602389,
      "damping_1_over_s": 389.1772424960618,
      "a": [
        0.3131653050026636,
        0.5211127055400454
      ],
      "amp_abs": 0.6079728284493291
    }
  ]
}
