{
  "created_at": "2026-04-17T09:45:13+00:00",
  "script": "01_extract_ringdown_poles.py",
  "script_version": "01_extract_ringdown_poles.py/v1.2",
  "event": "GW150914",
  "ifo": "L1",
  "fs_hz": 4096.0,
  "dt": 0.000244140625,
  "t0_rel": 0.02145693588256836,
  "duration_s": 0.03,
  "preprocess": {
    "detrend": "mean",
    "hp_hz": 30.0,
    "lp_hz": null
  },
  "window": {
    "t0_rel": 0.02145693588256836,
    "duration_s": 0.03,
    "i0": 65625,
    "i1": 65748,
    "n_samples": 123,
    "t_rel_start": 0.02163076400756836,
    "t_rel_end": 0.05141592025756836
  },
  "fit": {
    "method": "esprit_matrix_pencil",
    "L": 61,
    "rank_used": 2,
    "residual_rms": 0.9229870002981859,
    "relative_rms": 0.9175347797679908,
    "singular_values": [
      17.813135806860558,
      15.158422562773143,
      15.034116710779074,
      14.50808375889622,
      13.515662863712627,
      13.426786674179322,
      12.630778504067877,
      12.573989179525611,
      12.29560523253587,
      12.035955343515566,
      11.828211692918346,
      11.765701676737994,
      11.087708454554631,
      10.829408071483035,
      10.65154024913014,
      9.495669850225799,
      8.460905230545688,
      8.42351438248219,
      8.090326196149144,
      7.740571386944765,
      7.198902150917998,
      6.9908118444512,
      6.684583763263654,
      6.593067102304527,
      6.328883134737263,
      6.1961541431013085,
      5.737926144686577,
      5.629899211745127,
      5.552502230274425,
      5.354036603986265,
      5.292197818060779,
      5.092972358674584,
      5.084945047600462,
      4.791839557757624,
      4.482967958428951,
      4.380131044108978,
      4.197637204750974,
      4.090391826516231,
      3.9325903847100276,
      3.7149041730148724,
      3.4880176003552243,
      3.2524622392458284,
      2.892977146512136,
      2.8233166878031613,
      2.8053232876400505,
      2.7330035769326075,
      2.6655905966551736,
      2.5657975978242633,
      2.5319091069237625,
      2.1043761895109103,
      1.3857894284273642,
      1.1413536607779686,
      0.9707415147135657,
      0.7372872815191819,
      0.5362698262070802,
      0.48902594139674593,
      0.07971956690939284,
      0.010454806522872383,
      0.001001236244673542,
      1.3858526491680763e-05,
      1.750566689773025e-07
    ],
    "singular_values_truncated": false
  },
  "poles": [
    {
      "i": 0,
      "z": [
        -0.6159018318359069,
        -0.7616877863618177
      ],
      "q": [
        -84.66323818961862,
        -9219.113290160005
      ],
      "omega_qnm": [
        9219.113290160005,
        -84.66323818961862
      ],
      "freq_hz": 1467.2674510531517,
      "damping_1_over_s": 84.66323818961862,
      "a": [
        -0.3340968975647706,
        0.011911397977783306
      ],
      "amp_abs": 0.334309165839332
    },
    {
      "i": 1,
      "z": [
        0.9428263658145755,
        -0.15518235099496228
      ],
      "q": [
        -186.40073344951364,
        -668.1808978641745
      ],
      "omega_qnm": [
        668.1808978641745,
        -186.40073344951364
      ],
      "freq_hz": 106.34429277466424,
      "damping_1_over_s": 186.40073344951364,
      "a": [
        0.4448335968703575,
        0.5722273841784895
      ],
      "amp_abs": 0.7247903890838898
    }
  ]
}
