{
  "created_at": "2026-04-17T09:45:13+00:00",
  "script": "01_extract_ringdown_poles.py",
  "script_version": "01_extract_ringdown_poles.py/v1.2",
  "event": "GW150914",
  "ifo": "H1",
  "fs_hz": 4096.0,
  "dt": 0.000244140625,
  "t0_rel": 0.02145693588256836,
  "duration_s": 0.03,
  "preprocess": {
    "detrend": "mean",
    "hp_hz": 30.0,
    "lp_hz": null
  },
  "window": {
    "t0_rel": 0.02145693588256836,
    "duration_s": 0.03,
    "i0": 65625,
    "i1": 65748,
    "n_samples": 123,
    "t_rel_start": 0.02163076400756836,
    "t_rel_end": 0.05141592025756836
  },
  "fit": {
    "method": "esprit_matrix_pencil",
    "L": 61,
    "rank_used": 2,
    "residual_rms": 1.0895732606127235,
    "relative_rms": 0.7547864664597443,
    "singular_values": [
      36.36619509925091,
      32.53926604408343,
      17.351545423498134,
      16.90249890703896,
      15.641333998777656,
      14.568320215252362,
      14.177956180705479,
      13.765884381134391,
      13.72164426265435,
      12.941916198390642,
      12.518037943067732,
      12.325137273096175,
      10.960761379997445,
      10.931915958041861,
      10.63674746977397,
      10.207714704108712,
      8.936761819632398,
      8.491074531885365,
      8.468656772457017,
      8.445318681479165,
      7.975335847707043,
      7.605373258136283,
      7.555591352096769,
      7.538568757140994,
      7.284495747304228,
      7.048513455082482,
      6.98151522158009,
      6.8654236872779695,
      6.762217250780348,
      6.580551204333383,
      6.307761632111925,
      6.035085997266245,
      5.785999083309768,
      5.503944963422648,
      5.428004110709633,
      5.3527635944322265,
      5.273902674667291,
      5.068311475723031,
      4.913314308586596,
      4.659817120447325,
      4.534887924235543,
      4.01748967555148,
      3.937527673131443,
      3.849749094701643,
      3.8382653139639014,
      3.419893734899833,
      3.3647449967426892,
      3.2036022924050798,
      3.1123831289930566,
      2.829576450457284,
      2.626774807379024,
      2.068890026415096,
      1.609282220743495,
      0.7636488050422391,
      0.6687190535705811,
      0.27083490935736804,
      0.16179408766773704,
      0.003595202984760107,
      5.638523571288546e-05,
      1.886979731342753e-05,
      1.4632538004471404e-06
    ],
    "singular_values_truncated": false
  },
  "poles": [
    {
      "i": 0,
      "z": [
        0.9217827076968085,
        -0.2996989105716543
      ],
      "q": [
        -127.80438076939392,
        -1287.5742398202597
      ],
      "omega_qnm": [
        1287.5742398202597,
        -127.80438076939392
      ],
      "freq_hz": 204.92380486518383,
      "damping_1_over_s": 127.80438076939392,
      "a": [
        -0.8228297278236207,
        1.7418204861325193
      ],
      "amp_abs": 1.9263923190516568
    },
    {
      "i": 1,
      "z": [
        0.33211722934417276,
        -0.8465424775931315
      ],
      "q": [
        -389.1772424960618,
        -4902.6105234426295
      ],
      "omega_qnm": [
        4902.6105234426295,
        -389.1772424960618
      ],
      "freq_hz": 780.2746988602389,
      "damping_1_over_s": 389.1772424960618,
      "a": [
        0.3131653050026636,
        0.5211127055400454
      ],
      "amp_abs": 0.6079728284493291
    }
  ]
}
