{
  "created_at": "2026-04-18T06:28:00+00:00",
  "script": "01_extract_ringdown_poles.py",
  "script_version": "01_extract_ringdown_poles.py/v1.3",
  "event": "GW170104",
  "ifo": "L1",
  "fs_hz": 4096.0,
  "dt": 0.000244140625,
  "t0_rel": -0.42104482650756836,
  "duration_s": 0.05,
  "preprocess": {
    "detrend": "mean",
    "hp_hz": 30.0,
    "lp_hz": null
  },
  "window": {
    "t0_rel": -0.42104482650756836,
    "duration_s": 0.05,
    "i0": 63812,
    "i1": 64017,
    "n_samples": 205,
    "t_rel_start": -0.42104482650756836,
    "t_rel_end": -0.37124013900756836
  },
  "fit": {
    "method": "esprit_matrix_pencil",
    "L": 102,
    "rank_used": 2,
    "residual_rms": 0.98842520366189,
    "relative_rms": 0.9678896275960704,
    "singular_values": [
      24.394895705135966,
      24.03135472209566,
      21.42425668741234,
      21.160851285099223,
      18.617425262835734,
      18.530250463412862,
      18.171798010803755,
      18.053114991818923,
      17.67198058623322,
      17.35359180263642,
      17.129244358777623,
      17.087084934338783,
      16.635113609588643,
      16.282403731508094,
      15.890768868869522,
      15.519392974236656,
      15.400422382086653,
      15.236504822109948,
      14.60040844111384,
      14.566651183419989,
      13.998822362599004,
      13.920562472660697,
      13.623291989479773,
      13.619314228046044,
      13.26662732239664,
      13.08209604509463,
      12.877233675724412,
      12.427893287932013,
      12.311508467191757,
      12.288140947427305,
      12.236108220621986,
      12.20351253373285,
      11.936791677630145,
      11.7966738555037,
      11.646066040042811,
      11.528997584669252,
      11.436305795118479,
      11.296838731923069,
      11.267088241904654,
      10.819902956228132,
      10.760072841584183,
      10.647076583856265,
      10.624093805066238,
      10.479173844777923,
      10.464696804388188,
      10.34789255711151,
      10.336924089104059,
      10.328962952804625,
      9.553322938588636,
      9.460104704585296,
      9.392382966696927,
      9.365865003336213,
      8.852280875769535,
      8.817248349529839,
      8.548978095468724,
      8.438067401386173,
      8.364805067727973,
      8.014383104839107,
      7.925051189960605,
      7.686122204256157,
      7.4480395463873705,
      7.273161976059726,
      6.79013100904761,
      6.5134306818475824
    ],
    "singular_values_truncated": true
  },
  "poles": [
    {
      "i": 0,
      "z": [
        0.9787993349663351,
        -0.18861769323922642
      ],
      "q": [
        -13.098262970667237,
        -779.7538520459631
      ],
      "omega_qnm": [
        779.7538520459631,
        -13.098262970667237
      ],
      "freq_hz": 124.10167994806143,
      "damping_1_over_s": 13.098262970667237,
      "a": [
        -0.19241497529043539,
        -0.02207536124748624
      ],
      "amp_abs": 0.1936771651233719
    },
    {
      "i": 1,
      "z": [
        -0.9019983158643464,
        -0.419962433569275
      ],
      "q": [
        -20.646375250459137,
        -11083.15765592272
      ],
      "omega_qnm": [
        11083.15765592272,
        -20.646375250459137
      ],
      "freq_hz": 1763.9393260068846,
      "damping_1_over_s": 20.646375250459137,
      "a": [
        -0.16231912893485265,
        0.012940243449454325
      ],
      "amp_abs": 0.16283411656867386
    }
  ]
}
