{
  "created_at": "2026-04-17T06:47:48+00:00",
  "script": "01_extract_ringdown_poles.py",
  "script_version": "01_extract_ringdown_poles.py/v1.1",
  "event": "GW170104",
  "ifo": "H1",
  "fs_hz": 4096.0,
  "dt": 0.000244140625,
  "t0_rel": 0.13632822036743164,
  "duration_s": 0.25,
  "preprocess": {
    "detrend": "mean",
    "hp_hz": 30.0,
    "lp_hz": null
  },
  "window": {
    "t0_rel": 0.13632822036743164,
    "duration_s": 0.25,
    "i0": 66095,
    "i1": 67120,
    "n_samples": 1025,
    "t_rel_start": 0.13632822036743164,
    "t_rel_end": 0.38632822036743164
  },
  "fit": {
    "method": "esprit_matrix_pencil",
    "L": 512,
    "rank_used": 16,
    "residual_rms": 0.6946092526089825,
    "relative_rms": 0.7135499558948474,
    "singular_values": [
      55.85694134596439,
      55.83209325052313,
      51.946662675658395,
      51.22137282167949,
      50.74543867915757,
      50.66565426172998,
      50.49751452422837,
      50.37157492607127,
      50.12987264400485,
      50.07691779964486,
      47.228758998924896,
      47.13900003914578,
      46.18463232730862,
      46.139807523901034,
      45.80633176979442,
      45.75997217914946,
      44.2724110347634,
      44.23147263764571,
      44.132094631404804,
      44.03557118716277,
      42.81762592074453,
      42.76457126108017,
      42.61504030701709,
      42.436363450697996,
      42.101035640208714,
      41.97669577437896,
      41.269105280498515,
      41.22512648796,
      40.970731010858294,
      40.956635460288496,
      40.80954320929066,
      40.67944475362697,
      40.63123376342103,
      40.284172457137394,
      39.803141170839204,
      39.69189956347111,
      38.74179272562573,
      38.67086096849517,
      38.37232279894145,
      38.36861603238635,
      38.039596362511055,
      38.01534708985889,
      37.82939554399108,
      37.68665792835186,
      37.51260040185484,
      37.308279779767616,
      37.22606052072457,
      36.75823505012858,
      36.25736036911138,
      36.14830635168955,
      35.58006679762333,
      35.55815509275964,
      34.92079813751392,
      34.89487678685926,
      34.52580610200579,
      34.3214267591029,
      34.127240023165534,
      34.10553636174616,
      33.66119307756084,
      33.57398580810988,
      33.53919333869282,
      33.52612509964537,
      33.49185434048789,
      33.37177883386484
    ],
    "singular_values_truncated": true
  },
  "poles": [
    {
      "i": 0,
      "z": [
        0.8133648916813464,
        -1.0266860406394045
      ],
      "q": [
        1105.490080536734,
        -3689.7387443715184
      ],
      "omega_qnm": [
        3689.7387443715184,
        1105.490080536734
      ],
      "freq_hz": 587.2401598844103,
      "damping_1_over_s": -1105.490080536734,
      "a": [
        0.0,
        0.0
      ],
      "amp_abs": 0.0
    },
    {
      "i": 1,
      "z": [
        0.07397010209103616,
        -1.0528754745517932
      ],
      "q": [
        221.12994383367152,
        -6146.688024063312
      ],
      "omega_qnm": [
        6146.688024063312,
        221.12994383367152
      ],
      "freq_hz": 978.275782673431,
      "damping_1_over_s": -221.12994383367152,
      "a": [
        0.0,
        0.0
      ],
      "amp_abs": 0.0
    },
    {
      "i": 2,
      "z": [
        0.8305337954536841,
        -0.6322759235104014
      ],
      "q": [
        175.6635898860123,
        -2665.212980561349
      ],
      "omega_qnm": [
        2665.212980561349,
        175.6635898860123
      ],
      "freq_hz": 424.1818202490223,
      "damping_1_over_s": -175.6635898860123,
      "a": [
        0.0,
        0.0
      ],
      "amp_abs": 0.0
    },
    {
      "i": 3,
      "z": [
        -0.8133904717292855,
        -0.6500565607862511
      ],
      "q": [
        165.52288174065237,
        -10106.239123485157
      ],
      "omega_qnm": [
        10106.239123485157,
        165.52288174065237
      ],
      "freq_hz": 1608.4579125713663,
      "damping_1_over_s": -165.52288174065237,
      "a": [
        0.0,
        0.0
      ],
      "amp_abs": 0.0
    },
    {
      "i": 4,
      "z": [
        -0.7225721508764547,
        -0.7469634898506319
      ],
      "q": [
        157.7394078625968,
        -9582.993503848102
      ],
      "omega_qnm": [
        9582.993503848102,
        157.7394078625968
      ],
      "freq_hz": 1525.1807857549475,
      "damping_1_over_s": -157.7394078625968,
      "a": [
        0.0,
        0.0
      ],
      "amp_abs": 0.0
    },
    {
      "i": 5,
      "z": [
        -0.5727396072917795,
        -0.8614030736797961
      ],
      "q": [
        138.65278873159605,
        -8837.402551302392
      ],
      "omega_qnm": [
        8837.402551302392,
        138.65278873159605
      ],
      "freq_hz": 1406.5163001327028,
      "damping_1_over_s": -138.65278873159605,
      "a": [
        0.0,
        0.0
      ],
      "amp_abs": 0.0
    },
    {
      "i": 6,
      "z": [
        -0.9321391722046789,
        -0.4339248175978729
      ],
      "q": [
        113.86774309278886,
        -11083.413823058065
      ],
      "omega_qnm": [
        11083.413823058065,
        113.86774309278886
      ],
      "freq_hz": 1763.9800962727325,
      "damping_1_over_s": -113.86774309278886,
      "a": [
        0.0,
        0.0
      ],
      "amp_abs": 0.0
    },
    {
      "i": 7,
      "z": [
        0.30253124856441205,
        -0.9796616260692845
      ],
      "q": [
        102.38239200640973,
        -5207.141907004765
      ],
      "omega_qnm": [
        5207.141907004765,
        102.38239200640973
      ],
      "freq_hz": 828.7423738807668,
      "damping_1_over_s": -102.38239200640973,
      "a": [
        0.0,
        0.0
      ],
      "amp_abs": 0.0
    },
    {
      "i": 8,
      "z": [
        0.7131739938932132,
        -0.7314944067397281
      ],
      "q": [
        87.59962363088547,
        -3268.9310932887224
      ],
      "omega_qnm": [
        3268.9310932887224,
        87.59962363088547
      ],
      "freq_hz": 520.2665421236939,
      "damping_1_over_s": -87.59962363088547,
      "a": [
        0.0,
        0.0
      ],
      "amp_abs": 0.0
    },
    {
      "i": 9,
      "z": [
        0.6438730164223838,
        -0.7914883876828609
      ],
      "q": [
        82.34410280772676,
        -3636.7557943944435
      ],
      "omega_qnm": [
        3636.7557943944435,
        82.34410280772676
      ],
      "freq_hz": 578.8076614959683,
      "damping_1_over_s": -82.34410280772676,
      "a": [
        0.0,
        0.0
      ],
      "amp_abs": 0.0
    },
    {
      "i": 10,
      "z": [
        -0.06794610543226087,
        -1.0150657465153357
      ],
      "q": [
        70.40493567227001,
        -6707.7499288206345
      ],
      "omega_qnm": [
        6707.7499288206345,
        70.40493567227001
      ],
      "freq_hz": 1067.571558196113,
      "damping_1_over_s": -70.40493567227001,
      "a": [
        0.0,
        0.0
      ],
      "amp_abs": 0.0
    },
    {
      "i": 11,
      "z": [
        -0.14765718359328894,
        -1.0050262267140027
      ],
      "q": [
        64.27183175343704,
        -7031.486301611959
      ],
      "omega_qnm": [
        7031.486301611959,
        64.27183175343704
      ],
      "freq_hz": 1119.0958021844929,
      "damping_1_over_s": -64.27183175343704,
      "a": [
        0.0,
        0.0
      ],
      "amp_abs": 0.0
    },
    {
      "i": 12,
      "z": [
        -0.19169634335492658,
        -0.9958209700657257
      ],
      "q": [
        57.366320178633785,
        -7212.936554557833
      ],
      "omega_qnm": [
        7212.936554557833,
        57.366320178633785
      ],
      "freq_hz": 1147.9745068661036,
      "damping_1_over_s": -57.366320178633785,
      "a": [
        0.0,
        0.0
      ],
      "amp_abs": 0.0
    },
    {
      "i": 13,
      "z": [
        -0.920703940464609,
        -0.41956088182105444
      ],