{
  "created_at": "2026-04-18T06:28:00+00:00",
  "script": "01_extract_ringdown_poles.py",
  "script_version": "01_extract_ringdown_poles.py/v1.3",
  "event": "GW170104",
  "ifo": "H1+L1",
  "fs_hz": 4096.0,
  "dt": 0.000244140625,
  "t0_rel": -0.42104482650756836,
  "duration_s": 0.05,
  "preprocess": {
    "detrend": "mean",
    "hp_hz": 30.0,
    "lp_hz": null
  },
  "window": {
    "t0_rel": -0.42104482650756836,
    "duration_s": 0.05,
    "i0": 63812,
    "i1": 64017,
    "n_samples": 205,
    "t_rel_start": -0.42104482650756836,
    "t_rel_end": -0.37124013900756836
  },
  "fit": {
    "method": "esprit_matrix_pencil",
    "L": 102,
    "rank_used": 4,
    "residual_rms": 0.8511764388559349,
    "relative_rms": 0.9645034325770281,
    "singular_values": [],
    "singular_values_truncated": false
  },
  "poles": [
    {
      "i": 0,
      "z": [
        0.9787993349663351,
        -0.18861769323922642
      ],
      "q": [
        -13.098262970667237,
        -779.7538520459631
      ],
      "omega_qnm": [
        779.7538520459631,
        -13.098262970667237
      ],
      "freq_hz": 124.10167994806143,
      "damping_1_over_s": 13.098262970667237,
      "a": [
        -0.19241497529043539,
        -0.02207536124748624
      ],
      "amp_abs": 0.1936771651233719
    },
    {
      "i": 1,
      "z": [
        -0.9019983158643464,
        -0.419962433569275
      ],
      "q": [
        -20.646375250459137,
        -11083.15765592272
      ],
      "omega_qnm": [
        11083.15765592272,
        -20.646375250459137
      ],
      "freq_hz": 1763.9393260068846,
      "damping_1_over_s": 20.646375250459137,
      "a": [
        -0.16231912893485265,
        0.012940243449454325
      ],
      "amp_abs": 0.16283411656867386
    },
    {
      "i": 2,
      "z": [
        0.09258859943706503,
        -0.9801143292057966
      ],
      "q": [
        -64.07709974452503,
        -6048.189232330515
      ],
      "omega_qnm": [
        6048.189232330515,
        -64.07709974452503
      ],
      "freq_hz": 962.5992130805772,
      "damping_1_over_s": 64.07709974452503,
      "a": [
        0.3315900266007219,
        0.06446317757897901
      ],
      "amp_abs": 0.3377979381296553
    },
    {
      "i": 3,
      "z": [
        -0.26599031971745307,
        -0.8414776215504708
      ],
      "q": [
        -511.9088711622645,
        -7688.014739364943
      ],
      "omega_qnm": [
        7688.014739364943,
        -511.9088711622645
      ],
      "freq_hz": 1223.58554833328,
      "damping_1_over_s": 511.9088711622645,
      "a": [
        0.5201057566841562,
        -0.3054786393417038
      ],
      "amp_abs": 0.603180899258305
    }
  ]
}
