{
  "created_at": "2026-04-18T06:28:00+00:00",
  "script": "01_extract_ringdown_poles.py",
  "script_version": "01_extract_ringdown_poles.py/v1.3",
  "event": "GW170104",
  "ifo": "H1",
  "fs_hz": 4096.0,
  "dt": 0.000244140625,
  "t0_rel": -0.42104482650756836,
  "duration_s": 0.05,
  "preprocess": {
    "detrend": "mean",
    "hp_hz": 30.0,
    "lp_hz": null
  },
  "window": {
    "t0_rel": -0.42104482650756836,
    "duration_s": 0.05,
    "i0": 63812,
    "i1": 64017,
    "n_samples": 205,
    "t_rel_start": -0.42104482650756836,
    "t_rel_end": -0.37124013900756836
  },
  "fit": {
    "method": "esprit_matrix_pencil",
    "L": 102,
    "rank_used": 2,
    "residual_rms": 0.8511764388559349,
    "relative_rms": 0.9645034325770281,
    "singular_values": [
      19.275840853831244,
      19.240164821964658,
      18.38107405526377,
      18.227530262215982,
      17.98161087006109,
      17.770819123407595,
      16.123440792688566,
      16.063787339056574,
      14.949021128046123,
      14.634256240407815,
      14.590629412595613,
      14.34759193003531,
      14.201959934819318,
      13.939810023150539,
      13.822297759150006,
      13.715436446803674,
      13.484033380126297,
      13.422143226252619,
      13.297598274562391,
      13.206415899936246,
      11.618233094396462,
      11.569847074811285,
      11.222952201444615,
      11.134670100643072,
      10.913880050845936,
      10.699718285965632,
      10.690064600216925,
      10.518545719152895,
      10.16349642724127,
      9.932794320929453,
      9.781937750111098,
      9.654369624502763,
      9.598664798383446,
      9.504413205463813,
      9.254736111627425,
      9.144474182340906,
      9.134272739794893,
      8.973324113917753,
      8.785370759061081,
      8.666730128196386,
      8.407722628737027,
      8.217455355790504,
      7.96742761002207,
      7.749102198096731,
      7.656344151428955,
      7.450234568700116,
      7.374074295634722,
      7.301093843570859,
      7.290359329828254,
      7.257997846419025,
      7.187220401436931,
      7.164178404335738,
      6.974903215241441,
      6.953367919080791,
      6.771475759118352,
      6.462146887609642,
      6.014288168717312,
      5.986427089040255,
      5.9665582457267545,
      5.7161374168047825,
      5.552272293948148,
      5.537881058113406,
      5.453587077740283,
      5.4141710218831465
    ],
    "singular_values_truncated": true
  },
  "poles": [
    {
      "i": 0,
      "z": [
        0.09258859943706503,
        -0.9801143292057966
      ],
      "q": [
        -64.07709974452503,
        -6048.189232330515
      ],
      "omega_qnm": [
        6048.189232330515,
        -64.07709974452503
      ],
      "freq_hz": 962.5992130805772,
      "damping_1_over_s": 64.07709974452503,
      "a": [
        0.3315900266007219,
        0.06446317757897901
      ],
      "amp_abs": 0.3377979381296553
    },
    {
      "i": 1,
      "z": [
        -0.26599031971745307,
        -0.8414776215504708
      ],
      "q": [
        -511.9088711622645,
        -7688.014739364943
      ],
      "omega_qnm": [
        7688.014739364943,
        -511.9088711622645
      ],
      "freq_hz": 1223.58554833328,
      "damping_1_over_s": 511.9088711622645,
      "a": [
        0.5201057566841562,
        -0.3054786393417038
      ],
      "amp_abs": 0.603180899258305
    }
  ]
}
