{
  "created_at": "2026-04-17T06:47:48+00:00",
  "script": "01_extract_ringdown_poles.py",
  "script_version": "01_extract_ringdown_poles.py/v1.1",
  "event": "GW170104",
  "ifo": "L1",
  "fs_hz": 4096.0,
  "dt": 0.000244140625,
  "t0_rel": 0.13632822036743164,
  "duration_s": 0.25,
  "preprocess": {
    "detrend": "mean",
    "hp_hz": 30.0,
    "lp_hz": null
  },
  "window": {
    "t0_rel": 0.13632822036743164,
    "duration_s": 0.25,
    "i0": 66095,
    "i1": 67120,
    "n_samples": 1025,
    "t_rel_start": 0.13632822036743164,
    "t_rel_end": 0.38632822036743164
  },
  "fit": {
    "method": "esprit_matrix_pencil",
    "L": 512,
    "rank_used": 16,
    "residual_rms": 0.6592974499706294,
    "relative_rms": 0.692524904257749,
    "singular_values": [
      57.58855868969856,
      57.479928176213484,
      54.53969893949178,
      53.551835644872945,
      50.38498768664056,
      50.35572744616037,
      48.88034649059217,
      48.785912704875194,
      48.53667346774791,
      48.48393352657405,
      47.517665630132306,
      47.29184976876044,
      46.69252819147693,
      46.53263092649738,
      45.40906721503622,
      45.385586628607236,
      44.33854424260724,
      44.096501835974706,
      44.07044544596095,
      44.06422370259251,
      43.562235264798936,
      43.512544015251585,
      42.09763709237021,
      41.98121329653103,
      41.42331848390659,
      41.310133354282996,
      41.05821581024918,
      41.01485884791071,
      40.22855198995723,
      40.158437274495135,
      39.753965238917154,
      39.51379539711827,
      39.42068122178179,
      39.313085226030694,
      38.749675781635226,
      38.682634471199,
      37.757875011035104,
      37.73529601357983,
      37.1798023676563,
      37.16263275397765,
      37.06355759017022,
      36.928404539183816,
      36.70057395651774,
      36.67362451670336,
      36.65595514941785,
      36.637774498858505,
      36.60037834938157,
      36.47772733262218,
      36.39261462805079,
      36.36773132522225,
      36.293611979790604,
      36.22815776623629,
      35.632722273629106,
      35.55148806740944,
      35.2382294655605,
      35.23493567410633,
      35.05916315993801,
      34.97616090198769,
      34.85456127737843,
      34.81560485122359,
      34.48506608085669,
      34.42072919368011,
      34.15382049728771,
      34.09552665474822
    ],
    "singular_values_truncated": true
  },
  "poles": [
    {
      "i": 0,
      "z": [
        -0.715918974718483,
        -0.8228232513242247
      ],
      "q": [
        355.53011857347866,
        -9366.859136561938
      ],
      "omega_qnm": [
        9366.859136561938,
        355.53011857347866
      ],
      "freq_hz": 1490.781932829315,
      "damping_1_over_s": -355.53011857347866,
      "a": [
        0.0,
        0.0
      ],
      "amp_abs": 0.0
    },
    {
      "i": 1,
      "z": [
        0.39799594443637076,
        -0.9505957412723546
      ],
      "q": [
        123.25893907518586,
        -4809.893749542605
      ],
      "omega_qnm": [
        4809.893749542605,
        123.25893907518586
      ],
      "freq_hz": 765.5183659865164,
      "damping_1_over_s": -123.25893907518586,
      "a": [
        0.0,
        0.0
      ],
      "amp_abs": 0.0
    },
    {
      "i": 2,
      "z": [
        0.22929826184591684,
        -1.0033971292348578
      ],
      "q": [
        118.14323702353721,
        -5513.757438755919
      ],
      "omega_qnm": [
        5513.757438755919,
        118.14323702353721
      ],
      "freq_hz": 877.5417513877129,
      "damping_1_over_s": -118.14323702353721,
      "a": [
        0.0,
        0.0
      ],
      "amp_abs": 0.0
    },
    {
      "i": 3,
      "z": [
        -0.05952220833011082,
        -1.0205611725366726
      ],
      "q": [
        90.31903757107281,
        -6672.602521946303
      ],
      "omega_qnm": [
        6672.602521946303,
        90.31903757107281
      ],
      "freq_hz": 1061.977674655201,
      "damping_1_over_s": -90.31903757107281,
      "a": [
        0.0,
        0.0
      ],
      "amp_abs": 0.0
    },
    {
      "i": 4,
      "z": [
        -0.7771802262136873,
        -0.6640185984531315
      ],
      "q": [
        90.00900424157771,
        -9971.928336276947
      ],
      "omega_qnm": [
        9971.928336276947,
        90.00900424157771
      ],
      "freq_hz": 1587.0816868766162,
      "damping_1_over_s": -90.00900424157771,
      "a": [
        0.0,
        0.0
      ],
      "amp_abs": 0.0
    },
    {
      "i": 5,
      "z": [
        0.9803793599424695,
        -0.27727771894251096
      ],
      "q": [
        76.43429397844908,
        -1128.973181670479
      ],
      "omega_qnm": [
        1128.973181670479,
        76.43429397844908
      ],
      "freq_hz": 179.68166248104112,
      "damping_1_over_s": -76.43429397844908,
      "a": [
        0.0,
        0.0
      ],
      "amp_abs": 0.0
    },
    {
      "i": 6,
      "z": [
        0.14492346048344923,
        -1.0048086033885344
      ],
      "q": [
        61.81481272045004,
        -5847.262059750665
      ],
      "omega_qnm": [
        5847.262059750665,
        61.81481272045004
      ],
      "freq_hz": 930.6206603630158,
      "damping_1_over_s": -61.81481272045004,
      "a": [
        0.0,
        0.0
      ],
      "amp_abs": 0.0
    },
    {
      "i": 7,
      "z": [
        -0.5642327892551529,
        -0.8389135443258635
      ],
      "q": [
        44.83719477641645,
        -8859.150700016437
      ],
      "omega_qnm": [
        8859.150700016437,
        44.83719477641645
      ],
      "freq_hz": 1409.9776255036406,
      "damping_1_over_s": -44.83719477641645,
      "a": [
        0.0,
        0.0
      ],
      "amp_abs": 0.0
    },
    {
      "i": 8,
      "z": [
        0.5417864347825526,
        -0.8523120131685729
      ],
      "q": [
        40.49214856658854,
        -4114.691121484734
      ],
      "omega_qnm": [
        4114.691121484734,
        40.49214856658854
      ],
      "freq_hz": 654.8734312806299,
      "damping_1_over_s": -40.49214856658854,
      "a": [
        0.0,
        0.0
      ],
      "amp_abs": 0.0
    },
    {
      "i": 9,
      "z": [
        -0.23534680318533688,
        -0.9802180766146266
      ],
      "q": [
        32.94315915681117,
        -7399.147225373428
      ],
      "omega_qnm": [
        7399.147225373428,
        32.94315915681117
      ],
      "freq_hz": 1177.6108555828632,
      "damping_1_over_s": -32.94315915681117,
      "a": [
        0.0,
        0.0
      ],
      "amp_abs": 0.0
    },
    {
      "i": 10,
      "z": [
        -0.6347309393405426,
        -0.7821105265709403
      ],
      "q": [
        29.644741464765247,
        -9226.43426188472
      ],
      "omega_qnm": [
        9226.43426188472,
        29.644741464765247
      ],
      "freq_hz": 1468.4326198913761,
      "damping_1_over_s": -29.644741464765247,
      "a": [
        0.0,
        0.0
      ],
      "amp_abs": 0.0
    },
    {
      "i": 11,
      "z": [
        -0.9075630929353021,
        -0.4362298215429685
      ],
      "q": [
        28.406951987217575,
        -11032.723118359218
      ],
      "omega_qnm": [
        11032.723118359218,
        28.406951987217575
      ],
      "freq_hz": 1755.9124200510994,
      "damping_1_over_s": -28.406951987217575,
      "a": [
        0.0,
        0.0
      ],
      "amp_abs": 0.0
    },
    {
      "i": 12,
      "z": [
        1.0023267919155479,
        -0.0949952426196481
      ],
      "q": [
        27.832986956613134,
        -387.0411889594876
      ],
      "omega_qnm": [
        387.0411889594876,
        27.832986956613134
      ],
      "freq_hz": 61.59951840306676,
      "damping_1_over_s": -27.832986956613134,
      "a": [
        0.0,
        0.0
      ],
      "amp_abs": 0.0
    },
    {
      "i": 13,
      "z": [
        0.8682436653497921,
        -0.5078667405868676
      ],