i,omega_re,omega_im,freq_hz,damping_1_over_s,amp_abs,a_re,a_im,z_re,z_im,q_re,q_im
0,9.615691421492035715e+02,-7.411297672941795156e+01,1.530384820976791218e+02,7.411297672941795156e+01,2.324938439563960513e-01,2.274619110555443358e-01,4.810890246701413769e-02,9.551312079110463316e-01,-2.284367660631561603e-01,-7.411297672941795156e+01,-9.615691421492035715e+02
