i,omega_re,omega_im,freq_hz,damping_1_over_s,amp_abs,a_re,a_im,z_re,z_im,q_re,q_im
0,6.706723723687204256e+03,-5.883187794287504602e+00,1.067408232576501405e+03,5.883187794287504602e+00,1.566571102974457508e-01,-1.524662484491157155e-01,-3.599296168139819174e-02,-6.644269706440901480e-02,-9.963517651052761215e-01,-5.883187794287504602e+00,-6.706723723687204256e+03
1,9.615691421492035715e+02,-7.411297672941795156e+01,1.530384820976791218e+02,7.411297672941795156e+01,2.324938439563960513e-01,2.274619110555443358e-01,4.810890246701413769e-02,9.551312079110463316e-01,-2.284367660631561603e-01,-7.411297672941795156e+01,-9.615691421492035715e+02
