i,omega_re,omega_im,freq_hz,damping_1_over_s,amp_abs,a_re,a_im,z_re,z_im,q_re,q_im
0,7.797538520459630718e+02,-1.309826297066723733e+01,1.241016799480614310e+02,1.309826297066723733e+01,1.936771651233719083e-01,-1.924149752904353861e-01,-2.207536124748624151e-02,9.787993349663350884e-01,-1.886176932392264194e-01,-1.309826297066723733e+01,-7.797538520459630718e+02
1,1.108315765592271964e+04,-2.064637525045913691e+01,1.763939326006884585e+03,2.064637525045913691e+01,1.628341165686738590e-01,-1.623191289348526467e-01,1.294024344945432503e-02,-9.019983158643464227e-01,-4.199624335692749844e-01,-2.064637525045913691e+01,-1.108315765592271964e+04
2,6.048189232330514642e+03,-6.407709974452502877e+01,9.625992130805772149e+02,6.407709974452502877e+01,3.377979381296553063e-01,3.315900266007218988e-01,6.446317757897901402e-02,9.258859943706503060e-02,-9.801143292057965528e-01,-6.407709974452502877e+01,-6.048189232330514642e+03
3,7.688014739364943125e+03,-5.119088711622645178e+02,1.223585548333280030e+03,5.119088711622645178e+02,6.031808992583049811e-01,5.201057566841561508e-01,-3.054786393417037726e-01,-2.659903197174530720e-01,-8.414776215504707890e-01,-5.119088711622645178e+02,-7.688014739364943125e+03
