{
  "created_at": "2026-04-17T07:35:32+00:00",
  "script": "01_extract_ringdown_poles.py",
  "script_version": "01_extract_ringdown_poles.py/v1.2",
  "event": "GW170104",
  "ifo": "H1+L1",
  "fs_hz": 4096.0,
  "dt": 0.000244140625,
  "t0_rel": 0.13632822036743164,
  "duration_s": 0.25,
  "preprocess": {
    "detrend": "mean",
    "hp_hz": 30.0,
    "lp_hz": null
  },
  "window": {
    "t0_rel": 0.13632822036743164,
    "duration_s": 0.25,
    "i0": 66095,
    "i1": 67120,
    "n_samples": 1025,
    "t_rel_start": 0.13632822036743164,
    "t_rel_end": 0.38632822036743164
  },
  "fit": {
    "method": "esprit_matrix_pencil",
    "L": 512,
    "rank_used": 2,
    "residual_rms": NaN,
    "relative_rms": NaN,
    "singular_values": [],
    "singular_values_truncated": false
  },
  "poles": [
    {
      "i": 0,
      "z": [
        -0.06644269706440901,
        -0.9963517651052761
      ],
      "q": [
        -5.883187794287505,
        -6706.723723687204
      ],
      "omega_qnm": [
        6706.723723687204,
        -5.883187794287505
      ],
      "freq_hz": 1067.4082325765014,
      "damping_1_over_s": 5.883187794287505,
      "a": [
        -0.15246624844911572,
        -0.03599296168139819
      ],
      "amp_abs": 0.15665711029744575
    },
    {
      "i": 1,
      "z": [
        0.9551312079110463,
        -0.22843676606315616
      ],
      "q": [
        -74.11297672941795,
        -961.5691421492036
      ],
      "omega_qnm": [
        961.5691421492036,
        -74.11297672941795
      ],
      "freq_hz": 153.03848209767912,
      "damping_1_over_s": 74.11297672941795,
      "a": [
        0.22746191105554434,
        0.04810890246701414
      ],
      "amp_abs": 0.23249384395639605
    }
  ]
}
