{
  "created_at": "2026-04-16T17:09:19+00:00",
  "script": "01_extract_ringdown_poles.py",
  "script_version": "01_extract_ringdown_poles.py/v1.1",
  "event": "GW170104",
  "ifo": "L1",
  "fs_hz": 4096.0,
  "dt": 0.000244140625,
  "t0_rel": 0.13632822036743164,
  "duration_s": 0.25,
  "preprocess": {
    "detrend": "mean",
    "hp_hz": 30.0,
    "lp_hz": null
  },
  "window": {
    "t0_rel": 0.13632822036743164,
    "duration_s": 0.25,
    "i0": 66095,
    "i1": 67120,
    "n_samples": 1025,
    "t_rel_start": 0.13632822036743164,
    "t_rel_end": 0.38632822036743164
  },
  "fit": {
    "method": "esprit_matrix_pencil",
    "L": 512,
    "rank_used": 1,
    "residual_rms": 0.9407850156468016,
    "relative_rms": 0.9881989577192362,
    "singular_values": [
      57.58855868969856,
      57.479928176213484,
      54.53969893949178,
      53.551835644872945,
      50.38498768664056,
      50.35572744616037,
      48.88034649059217,
      48.785912704875194,
      48.53667346774791,
      48.48393352657405,
      47.517665630132306,
      47.29184976876044,
      46.69252819147693,
      46.53263092649738,
      45.40906721503622,
      45.385586628607236,
      44.33854424260724,
      44.096501835974706,
      44.07044544596095,
      44.06422370259251,
      43.562235264798936,
      43.512544015251585,
      42.09763709237021,
      41.98121329653103,
      41.42331848390659,
      41.310133354282996,
      41.05821581024918,
      41.01485884791071,
      40.22855198995723,
      40.158437274495135,
      39.753965238917154,
      39.51379539711827,
      39.42068122178179,
      39.313085226030694,
      38.749675781635226,
      38.682634471199,
      37.757875011035104,
      37.73529601357983,
      37.1798023676563,
      37.16263275397765,
      37.06355759017022,
      36.928404539183816,
      36.70057395651774,
      36.67362451670336,
      36.65595514941785,
      36.637774498858505,
      36.60037834938157,
      36.47772733262218,
      36.39261462805079,
      36.36773132522225,
      36.293611979790604,
      36.22815776623629,
      35.632722273629106,
      35.55148806740944,
      35.2382294655605,
      35.23493567410633,
      35.05916315993801,
      34.97616090198769,
      34.85456127737843,
      34.81560485122359,
      34.48506608085669,
      34.42072919368011,
      34.15382049728771,
      34.09552665474822
    ],
    "singular_values_truncated": true
  },
  "poles": [
    {
      "i": 0,
      "z": [
        -0.06644269706440901,
        -0.9963517651052761
      ],
      "q": [
        -5.883187794287505,
        -6706.723723687204
      ],
      "omega_qnm": [
        6706.723723687204,
        -5.883187794287505
      ],
      "freq_hz": 1067.4082325765014,
      "damping_1_over_s": 5.883187794287505,
      "a": [
        -0.15246624844911572,
        -0.03599296168139819
      ],
      "amp_abs": 0.15665711029744575
    }
  ]
}
