{
  "created_at": "2026-04-17T07:35:32+00:00",
  "script": "01_extract_ringdown_poles.py",
  "script_version": "01_extract_ringdown_poles.py/v1.2",
  "event": "GW170104",
  "ifo": "H1",
  "fs_hz": 4096.0,
  "dt": 0.000244140625,
  "t0_rel": 0.13632822036743164,
  "duration_s": 0.25,
  "preprocess": {
    "detrend": "mean",
    "hp_hz": 30.0,
    "lp_hz": null
  },
  "window": {
    "t0_rel": 0.13632822036743164,
    "duration_s": 0.25,
    "i0": 66095,
    "i1": 67120,
    "n_samples": 1025,
    "t_rel_start": 0.13632822036743164,
    "t_rel_end": 0.38632822036743164
  },
  "fit": {
    "method": "esprit_matrix_pencil",
    "L": 512,
    "rank_used": 1,
    "residual_rms": 0.967788462070912,
    "relative_rms": 0.9941782546553298,
    "singular_values": [
      55.85694134596439,
      55.83209325052313,
      51.946662675658395,
      51.22137282167949,
      50.74543867915757,
      50.66565426172998,
      50.49751452422837,
      50.37157492607127,
      50.12987264400485,
      50.07691779964486,
      47.228758998924896,
      47.13900003914578,
      46.18463232730862,
      46.139807523901034,
      45.80633176979442,
      45.75997217914946,
      44.2724110347634,
      44.23147263764571,
      44.132094631404804,
      44.03557118716277,
      42.81762592074453,
      42.76457126108017,
      42.61504030701709,
      42.436363450697996,
      42.101035640208714,
      41.97669577437896,
      41.269105280498515,
      41.22512648796,
      40.970731010858294,
      40.956635460288496,
      40.80954320929066,
      40.67944475362697,
      40.63123376342103,
      40.284172457137394,
      39.803141170839204,
      39.69189956347111,
      38.74179272562573,
      38.67086096849517,
      38.37232279894145,
      38.36861603238635,
      38.039596362511055,
      38.01534708985889,
      37.82939554399108,
      37.68665792835186,
      37.51260040185484,
      37.308279779767616,
      37.22606052072457,
      36.75823505012858,
      36.25736036911138,
      36.14830635168955,
      35.58006679762333,
      35.55815509275964,
      34.92079813751392,
      34.89487678685926,
      34.52580610200579,
      34.3214267591029,
      34.127240023165534,
      34.10553636174616,
      33.66119307756084,
      33.57398580810988,
      33.53919333869282,
      33.52612509964537,
      33.49185434048789,
      33.37177883386484
    ],
    "singular_values_truncated": true
  },
  "poles": [
    {
      "i": 0,
      "z": [
        0.9551312079110463,
        -0.22843676606315616
      ],
      "q": [
        -74.11297672941795,
        -961.5691421492036
      ],
      "omega_qnm": [
        961.5691421492036,
        -74.11297672941795
      ],
      "freq_hz": 153.03848209767912,
      "damping_1_over_s": 74.11297672941795,
      "a": [
        0.22746191105554434,
        0.04810890246701414
      ],
      "amp_abs": 0.23249384395639605
    }
  ]
}
