{
  "created_at": "2026-04-18T05:52:23+00:00",
  "script": "01_extract_ringdown_poles.py",
  "script_version": "01_extract_ringdown_poles.py/v1.2",
  "event": "GW170104",
  "ifo": "H1",
  "fs_hz": 4096.0,
  "dt": 0.000244140625,
  "t0_rel": 0.13932822036743164,
  "duration_s": 0.05,
  "preprocess": {
    "detrend": "mean",
    "hp_hz": 30.0,
    "lp_hz": null
  },
  "window": {
    "t0_rel": 0.13932822036743164,
    "duration_s": 0.05,
    "i0": 66108,
    "i1": 66313,
    "n_samples": 205,
    "t_rel_start": 0.13950204849243164,
    "t_rel_end": 0.18930673599243164
  },
  "fit": {
    "method": "esprit_matrix_pencil",
    "L": 102,
    "rank_used": 2,
    "residual_rms": 0.979974226613118,
    "relative_rms": 0.9908845705691045,
    "singular_values": [
      20.01243227353765,
      19.94044962593514,
      17.556276123301974,
      17.4823762633601,
      17.36514220790917,
      17.231002050735263,
      16.749992491789705,
      16.631619797144758,
      16.615968027925007,
      16.450120545427907,
      16.187001914999975,
      16.011461144145894,
      15.969066202882196,
      15.952957547236887,
      15.673679084065686,
      15.531784168367027,
      15.24331419242013,
      15.055076442779258,
      14.58258691663081,
      14.420501433799128,
      14.328911321539511,
      14.116907018035024,
      13.434945876853863,
      13.285120835836786,
      12.991044925809067,
      12.845449675065462,
      12.618145526081427,
      12.333234460242723,
      12.302505193016568,
      12.22739688794612,
      12.158603246091065,
      11.573448380958771,
      11.536560673135817,
      11.482757631168678,
      11.327030008565247,
      10.9477335362193,
      10.820848806341658,
      10.811197517814216,
      10.300485537675552,
      10.193523527076573,
      10.038325834107319,
      9.81539905477439,
      9.485267446187091,
      9.435983878622238,
      9.1695309194441,
      8.912798328371963,
      8.906095773690575,
      8.667430284008635,
      8.600959140096782,
      8.25679836527634,
      8.036448530000799,
      7.7732528036165665,
      7.6605364460053424,
      7.532929859878799,
      7.488499389954689,
      6.975939059916604,
      6.761025571612246,
      6.504193796432339,
      6.2378232738509025,
      5.848252822558437,
      5.720569514871609,
      5.577844127521756,
      5.483246571735537,
      5.322067148137273
    ],
    "singular_values_truncated": true
  },
  "poles": [
    {
      "i": 0,
      "z": [
        -0.5532108435061458,
        -0.8313703754477647
      ],
      "q": [
        -5.703548500613491,
        -8838.904478819952
      ],
      "omega_qnm": [
        8838.904478819952,
        -5.703548500613491
      ],
      "freq_hz": 1406.7553393212884,
      "damping_1_over_s": 5.703548500613491,
      "a": [
        -0.10004945565534203,
        0.03537050840986158
      ],
      "amp_abs": 0.10611770088963642
    },
    {
      "i": 1,
      "z": [
        0.2710403956375661,
        -0.875027004947695
      ],
      "q": [
        -359.18539645388967,
        -5203.631882245646
      ],
      "omega_qnm": [
        5203.631882245646,
        -359.18539645388967
      ],
      "freq_hz": 828.1837360899781,
      "damping_1_over_s": 359.18539645388967,
      "a": [
        0.06691097057010459,
        -0.10208153969008966
      ],
      "amp_abs": 0.12205621134597269
    }
  ]
}
