{
  "created_at": "2026-04-18T05:52:23+00:00",
  "script": "01_extract_ringdown_poles.py",
  "script_version": "01_extract_ringdown_poles.py/v1.2",
  "event": "GW170104",
  "ifo": "H1+L1",
  "fs_hz": 4096.0,
  "dt": 0.000244140625,
  "t0_rel": 0.13932822036743164,
  "duration_s": 0.05,
  "preprocess": {
    "detrend": "mean",
    "hp_hz": 30.0,
    "lp_hz": null
  },
  "window": {
    "t0_rel": 0.13932822036743164,
    "duration_s": 0.05,
    "i0": 66108,
    "i1": 66313,
    "n_samples": 205,
    "t_rel_start": 0.13950204849243164,
    "t_rel_end": 0.18930673599243164
  },
  "fit": {
    "method": "esprit_matrix_pencil",
    "L": 102,
    "rank_used": 4,
    "residual_rms": NaN,
    "relative_rms": NaN,
    "singular_values": [],
    "singular_values_truncated": false
  },
  "poles": [
    {
      "i": 0,
      "z": [
        -0.5532108435061458,
        -0.8313703754477647
      ],
      "q": [
        -5.703548500613491,
        -8838.904478819952
      ],
      "omega_qnm": [
        8838.904478819952,
        -5.703548500613491
      ],
      "freq_hz": 1406.7553393212884,
      "damping_1_over_s": 5.703548500613491,
      "a": [
        -0.10004945565534203,
        0.03537050840986158
      ],
      "amp_abs": 0.10611770088963642
    },
    {
      "i": 1,
      "z": [
        -0.8852568848056246,
        -0.45759654283118323
      ],
      "q": [
        -14.233078840223309,
        -10913.833624894021
      ],
      "omega_qnm": [
        10913.833624894021,
        -14.233078840223309
      ],
      "freq_hz": 1736.9905694844217,
      "damping_1_over_s": 14.233078840223309,
      "a": [
        -0.11021260966837199,
        0.11876159404753
      ],
      "amp_abs": 0.16202202180760256
    },
    {
      "i": 2,
      "z": [
        0.8834446842639481,
        -0.3183474362663177
      ],
      "q": [
        -257.5724107098195,
        -1416.6570233047723
      ],
      "omega_qnm": [
        1416.6570233047723,
        -257.5724107098195
      ],
      "freq_hz": 225.4679679248049,
      "damping_1_over_s": 257.5724107098195,
      "a": [
        -0.27667490675621687,
        -0.06049440853034985
      ],
      "amp_abs": 0.2832111888538271
    },
    {
      "i": 3,
      "z": [
        0.2710403956375661,
        -0.875027004947695
      ],
      "q": [
        -359.18539645388967,
        -5203.631882245646
      ],
      "omega_qnm": [
        5203.631882245646,
        -359.18539645388967
      ],
      "freq_hz": 828.1837360899781,
      "damping_1_over_s": 359.18539645388967,
      "a": [
        0.06691097057010459,
        -0.10208153969008966
      ],
      "amp_abs": 0.12205621134597269
    }
  ]
}
