{
  "created_at": "2026-04-18T05:52:23+00:00",
  "script": "01_extract_ringdown_poles.py",
  "script_version": "01_extract_ringdown_poles.py/v1.2",
  "event": "GW170104",
  "ifo": "L1",
  "fs_hz": 4096.0,
  "dt": 0.000244140625,
  "t0_rel": 0.13932822036743164,
  "duration_s": 0.05,
  "preprocess": {
    "detrend": "mean",
    "hp_hz": 30.0,
    "lp_hz": null
  },
  "window": {
    "t0_rel": 0.13932822036743164,
    "duration_s": 0.05,
    "i0": 66108,
    "i1": 66313,
    "n_samples": 205,
    "t_rel_start": 0.13950204849243164,
    "t_rel_end": 0.18930673599243164
  },
  "fit": {
    "method": "esprit_matrix_pencil",
    "L": 102,
    "rank_used": 2,
    "residual_rms": 0.9361099521884452,
    "relative_rms": 0.9799151290794047,
    "singular_values": [
      19.91394757370375,
      19.662992312859267,
      17.949416483754483,
      17.73874628427116,
      17.430408503990222,
      17.317376950052093,
      16.810022036539586,
      16.77115779586124,
      16.148610712218918,
      16.083899339272637,
      15.688146962815445,
      15.673906837868687,
      14.813745681737295,
      14.574184627377196,
      14.00482844061326,
      13.878176677698495,
      13.630126418043382,
      13.415345490868702,
      13.315713000445976,
      13.177668592857616,
      12.80999732112203,
      12.79090871012317,
      12.553192469196588,
      12.349631980212209,
      12.142521451332478,
      11.991623045776322,
      11.972887594021476,
      11.856341952623444,
      11.451279114145407,
      11.301114139715162,
      10.95156452252919,
      10.93448980598707,
      10.560506193656972,
      10.497909675190932,
      10.237613156743723,
      10.210242305539209,
      10.135875960919783,
      9.866311917228229,
      9.779582401256905,
      9.712118727894476,
      9.381481405256457,
      9.215122417731763,
      8.741977039566564,
      8.711640775901754,
      8.656418919181519,
      8.08372300421305,
      7.845347686719136,
      7.662846927621346,
      7.572295769672874,
      7.546520085835965,
      7.206167801703118,
      7.1085417610410095,
      6.840264618183525,
      6.754541767157369,
      6.614425967982425,
      6.517325439510908,
      6.480181249067646,
      6.437052660101622,
      6.413071765394475,
      6.353309274289074,
      6.287073697139191,
      5.891994793744203,
      5.867852506690473,
      5.810780549757318
    ],
    "singular_values_truncated": true
  },
  "poles": [
    {
      "i": 0,
      "z": [
        -0.8852568848056246,
        -0.45759654283118323
      ],
      "q": [
        -14.233078840223309,
        -10913.833624894021
      ],
      "omega_qnm": [
        10913.833624894021,
        -14.233078840223309
      ],
      "freq_hz": 1736.9905694844217,
      "damping_1_over_s": 14.233078840223309,
      "a": [
        -0.11021260966837199,
        0.11876159404753
      ],
      "amp_abs": 0.16202202180760256
    },
    {
      "i": 1,
      "z": [
        0.8834446842639481,
        -0.3183474362663177
      ],
      "q": [
        -257.5724107098195,
        -1416.6570233047723
      ],
      "omega_qnm": [
        1416.6570233047723,
        -257.5724107098195
      ],
      "freq_hz": 225.4679679248049,
      "damping_1_over_s": 257.5724107098195,
      "a": [
        -0.27667490675621687,
        -0.06049440853034985
      ],
      "amp_abs": 0.2832111888538271
    }
  ]
}
