{
  "created_at": "2026-04-17T09:25:52+00:00",
  "script": "01_extract_ringdown_poles.py",
  "script_version": "01_extract_ringdown_poles.py/v1.2",
  "event": "GW150914",
  "ifo": "L1",
  "fs_hz": 4096.0,
  "dt": 0.000244140625,
  "t0_rel": 0.02145693588256836,
  "duration_s": 0.05,
  "preprocess": {
    "detrend": "mean",
    "hp_hz": 30.0,
    "lp_hz": null
  },
  "window": {
    "t0_rel": 0.02145693588256836,
    "duration_s": 0.05,
    "i0": 65625,
    "i1": 65830,
    "n_samples": 205,
    "t_rel_start": 0.02163076400756836,
    "t_rel_end": 0.07143545150756836
  },
  "fit": {
    "method": "esprit_matrix_pencil",
    "L": 102,
    "rank_used": 1,
    "residual_rms": 0.9716607248431878,
    "relative_rms": 0.9861693985744381,
    "singular_values": [
      19.227096014399944,
      18.134156941284004,
      18.069559564122372,
      17.870445461565254,
      17.534628894300717,
      16.46169866323639,
      16.376772161549237,
      16.3246622205138,
      15.461143560274547,
      15.391502310632799,
      15.010536546038638,
      14.870170483222203,
      14.359962644363106,
      14.116053818683099,
      13.751073829925753,
      13.67523516517617,
      13.163191103160928,
      12.978258446405697,
      12.765901599579369,
      12.735078061967922,
      12.540622262096237,
      12.351155764662387,
      12.315087647722288,
      12.215085841485713,
      12.108561694069207,
      11.917001090199673,
      11.849195151797337,
      11.388410478080509,
      11.334554631568658,
      11.004492788523121,
      10.973119739785668,
      10.86034903825965,
      10.829909854186718,
      10.56516421497133,
      10.396345099164932,
      10.080373020070992,
      10.040377117942972,
      9.91204749360894,
      9.804223494122843,
      9.624382772088978,
      9.164530403138905,
      9.022537585931946,
      8.914416257824293,
      8.898935525546822,
      8.844754782750767,
      8.614358021365726,
      8.258374824166438,
      8.147852231737346,
      8.05002605087607,
      7.932719390726039,
      7.41153462022874,
      7.259150971669051,
      7.146706667417583,
      6.98822290335933,
      6.849780016297378,
      6.810492089498747,
      6.681954482376159,
      6.192253498883975,
      5.944208502248229,
      5.369280672468905,
      5.356835261374312,
      5.2887393397154545,
      4.909629392283183,
      4.65116386727339
    ],
    "singular_values_truncated": true
  },
  "poles": [
    {
      "i": 0,
      "z": [
        -0.8525169052519708,
        -0.4203388260500413
      ],
      "q": [
        -207.8977892168952,
        -10991.679174241772
      ],
      "omega_qnm": [
        10991.679174241772,
        -207.8977892168952
      ],
      "freq_hz": 1749.3800734608203,
      "damping_1_over_s": 207.8977892168952,
      "a": [
        -0.35134578491400015,
        -0.2031028524735578
      ],
      "amp_abs": 0.4058258607577031
    }
  ]
}
