{
  "created_at": "2026-04-17T10:21:47+00:00",
  "script": "01_extract_ringdown_poles.py",
  "script_version": "01_extract_ringdown_poles.py/v1.2",
  "event": "GW190521_030229",
  "ifo": "L1",
  "fs_hz": 4096.0,
  "dt": 0.000244140625,
  "t0_rel": 0.03610537338256836,
  "duration_s": 0.05,
  "preprocess": {
    "detrend": "mean",
    "hp_hz": 30.0,
    "lp_hz": null
  },
  "window": {
    "t0_rel": 0.03610537338256836,
    "duration_s": 0.05,
    "i0": 63227,
    "i1": 63432,
    "n_samples": 205,
    "t_rel_start": 0.03627920150756836,
    "t_rel_end": 0.08608388900756836
  },
  "fit": {
    "method": "esprit_matrix_pencil",
    "L": 102,
    "rank_used": 1,
    "residual_rms": 0.970902312562279,
    "relative_rms": 0.8262815912954093,
    "singular_values": [
      51.12036347424177,
      44.90075374109605,
      20.275061232525665,
      19.37504992162265,
      19.332524238909954,
      19.177020085074396,
      18.469767314046038,
      18.328235112970344,
      18.02826226146475,
      17.95162414389447,
      17.18692181534977,
      16.967038245159795,
      16.28664437434046,
      16.248542360479707,
      15.30247562927506,
      15.167901040949003,
      14.840145456698203,
      14.127932628627748,
      14.060616620380312,
      13.902618833002853,
      13.873073939716198,
      13.85593676122129,
      12.989411920244093,
      12.74977609254997,
      12.62369124722648,
      12.434222363111301,
      11.954749437122096,
      11.766348550569699,
      11.556517180177238,
      11.467641775670526,
      11.247357810937185,
      11.20123231134324,
      11.060612231353982,
      10.958933724097935,
      10.80528495736177,
      10.62373388778869,
      10.495016558125052,
      10.384077952227624,
      9.778215931196902,
      9.653855814413406,
      9.406643330588324,
      9.336535173421447,
      9.281081451018668,
      9.239967975770078,
      9.205656505360308,
      8.946489588903173,
      8.776807050519134,
      8.669998674632199,
      8.622746637679267,
      8.388285575951645,
      8.22156635317585,
      8.188785828856188,
      7.948037173170652,
      7.887573961473291,
      7.768498791097961,
      7.726940734685042,
      7.635656342199834,
      7.50508889440245,
      7.303339989315688,
      7.264957023211571,
      6.907870942571862,
      6.643129171889254,
      6.201844663007612,
      6.033471325407566
    ],
    "singular_values_truncated": true
  },
  "poles": [
    {
      "i": 0,
      "z": [
        0.9883260263426903,
        -0.09450242662911057
      ],
      "q": [
        -29.45825023376332,
        -390.4669823972023
      ],
      "omega_qnm": [
        390.4669823972023,
        -29.45825023376332
      ],
      "freq_hz": 62.14475036269083,
      "damping_1_over_s": 29.45825023376332,
      "a": [
        -0.007627455960256913,
        0.8726579596282676
      ],
      "amp_abs": 0.8726912928332659
    }
  ]
}
