{
  "created_at": "2026-04-17T09:45:14+00:00",
  "script": "01_extract_ringdown_poles.py",
  "script_version": "01_extract_ringdown_poles.py/v1.2",
  "event": "GW170818",
  "ifo": "H1",
  "fs_hz": 4096.0,
  "dt": 0.000244140625,
  "t0_rel": 0.35368368911743164,
  "duration_s": 0.08,
  "preprocess": {
    "detrend": "mean",
    "hp_hz": 30.0,
    "lp_hz": null
  },
  "window": {
    "t0_rel": 0.35368368911743164,
    "duration_s": 0.08,
    "i0": 66986,
    "i1": 67313,
    "n_samples": 327,
    "t_rel_start": 0.35385751724243164,
    "t_rel_end": 0.43344736099243164
  },
  "fit": {
    "method": "esprit_matrix_pencil",
    "L": 163,
    "rank_used": 2,
    "residual_rms": 1.0327698224263548,
    "relative_rms": 0.9947463407028917,
    "singular_values": [
      27.633559930180194,
      27.55612789899727,
      25.285374292975153,
      25.2268005880956,
      25.117251359984014,
      25.04248520117765,
      24.33441379972246,
      24.25061427191042,
      23.969647780857116,
      23.655169870112218,
      23.41156719665726,
      23.374708635377463,
      23.25110810775629,
      23.153036294086593,
      22.863682951085085,
      22.60300650993087,
      22.36778963815822,
      22.23816687540403,
      21.707768329679222,
      21.673533049175894,
      21.240328402151697,
      20.697572156698826,
      20.435417657575563,
      20.211724817415327,
      19.844355253025387,
      19.518968204286104,
      19.043680364160558,
      18.900938234021602,
      18.878524148253113,
      18.691143379607762,
      18.163510511118243,
      18.13534657125687,
      17.898140998325285,
      17.763787121989118,
      17.747730583170217,
      17.66308406985228,
      17.487740870082092,
      17.42968204410256,
      17.37406460197617,
      17.305096429469355,
      17.234230550742208,
      16.94120478530326,
      16.757734856259134,
      16.428092663610784,
      16.069321904949813,
      15.977039733928104,
      15.552998844757402,
      15.399859321834784,
      15.163168087929126,
      15.096411719650728,
      14.77661441438311,
      14.665658307205941,
      14.483929377664122,
      14.423550000842393,
      13.750324955568281,
      13.479519440946135,
      13.330968169547043,
      13.267457115365984,
      13.146352104554655,
      13.098246936949405,
      13.002798332450078,
      12.87000440055284,
      12.769154002840246,
      12.548447873411625
    ],
    "singular_values_truncated": true
  },
  "poles": [
    {
      "i": 0,
      "z": [
        -0.638614468526597,
        -0.7451113877017703
      ],
      "q": [
        -77.1721252145982,
        -9336.348794628575
      ],
      "omega_qnm": [
        9336.348794628575,
        -77.1721252145982
      ],
      "freq_hz": 1485.9260610951965,
      "damping_1_over_s": 77.1721252145982,
      "a": [
        -0.2203824355561843,
        -0.07238256908590629
      ],
      "amp_abs": 0.23196476932748156
    },
    {
      "i": 1,
      "z": [
        0.034320665752843114,
        -0.5883328586049527
      ],
      "q": [
        -2165.8164471857144,
        -6195.310215477879
      ],
      "omega_qnm": [
        6195.310215477879,
        -2165.8164471857144
      ],
      "freq_hz": 986.0142447810197,
      "damping_1_over_s": 2165.8164471857144,
      "a": [
        0.2887426810759093,
        0.5618076356176529
      ],
      "amp_abs": 0.6316645908337761
    }
  ]
}
