{
  "created_at": "2026-04-17T09:45:14+00:00",
  "script": "01_extract_ringdown_poles.py",
  "script_version": "01_extract_ringdown_poles.py/v1.2",
  "event": "GW170818",
  "ifo": "L1",
  "fs_hz": 4096.0,
  "dt": 0.000244140625,
  "t0_rel": 0.35368368911743164,
  "duration_s": 0.08,
  "preprocess": {
    "detrend": "mean",
    "hp_hz": 30.0,
    "lp_hz": null
  },
  "window": {
    "t0_rel": 0.35368368911743164,
    "duration_s": 0.08,
    "i0": 66986,
    "i1": 67313,
    "n_samples": 327,
    "t_rel_start": 0.35385751724243164,
    "t_rel_end": 0.43344736099243164
  },
  "fit": {
    "method": "esprit_matrix_pencil",
    "L": 163,
    "rank_used": 2,
    "residual_rms": 0.9851786516103214,
    "relative_rms": 0.9822473258524643,
    "singular_values": [
      28.64411868371727,
      28.603138579677992,
      26.649628194725796,
      26.62830051779876,
      24.919224482103477,
      24.898678092226913,
      24.5192526104546,
      24.37015616909553,
      23.581093801695673,
      23.449894426644516,
      23.063024264632922,
      22.641000482495347,
      22.51681109569169,
      22.47652756299393,
      22.273735311985583,
      22.110810349406695,
      21.742721719017652,
      21.276958153526046,
      21.160087306872747,
      21.03069494682963,
      20.011996281333385,
      19.853789272190514,
      19.5134994554895,
      19.350277856734373,
      18.985948970609883,
      18.899005859249225,
      18.80470595598583,
      18.65951982811677,
      18.551714110262175,
      18.163156836123793,
      18.10969988353817,
      18.089156752336287,
      18.071999980824057,
      17.950870705212512,
      17.84043052491741,
      17.657880871237012,
      17.416438349429253,
      17.377250869778322,
      17.350969177746006,
      17.236328192522826,
      17.110620749195146,
      16.899264267902833,
      16.666094928988695,
      16.64757727799101,
      16.57315853708654,
      16.545576140317195,
      16.34366510922122,
      15.573345590803887,
      15.543962149547493,
      15.343644080868781,
      15.081109350216712,
      15.041414190429688,
      14.691006436196083,
      14.643621502418268,
      14.583304251368624,
      14.55832158508461,
      14.426888521298242,
      14.311426550290918,
      13.94272656978591,
      13.867184515810745,
      13.787793055697927,
      13.668741307329,
      13.309131354495157,
      12.848056947213516
    ],
    "singular_values_truncated": true
  },
  "poles": [
    {
      "i": 0,
      "z": [
        0.6820825958593205,
        -0.727750244579949
      ],
      "q": [
        -10.559865323024745,
        -3349.6231313354424
      ],
      "omega_qnm": [
        3349.6231313354424,
        -10.559865323024745
      ],
      "freq_hz": 533.1090788469886,
      "damping_1_over_s": 10.559865323024745,
      "a": [
        0.07939337665624183,
        -0.10547763694015014
      ],
      "amp_abs": 0.13201833263360815
    },
    {
      "i": 1,
      "z": [
        0.5127356693492142,
        -0.8516220180077246
      ],
      "q": [
        -24.397307235907032,
        -4214.196230143801
      ],
      "omega_qnm": [
        4214.196230143801,
        -24.397307235907032
      ],
      "freq_hz": 670.7101611866165,
      "damping_1_over_s": 24.397307235907032,
      "a": [
        0.12883076801858523,
        -0.14092789527061733
      ],
      "amp_abs": 0.19093988177870178
    }
  ]
}
