{
  "created_at": "2026-04-17T09:37:07+00:00",
  "script": "01_extract_ringdown_poles.py",
  "script_version": "01_extract_ringdown_poles.py/v1.2",
  "event": "GW191109_010717",
  "ifo": "H1+L1",
  "fs_hz": 4096.0,
  "dt": 0.000244140625,
  "t0_rel": -0.13620903205871582,
  "duration_s": 0.05,
  "preprocess": {
    "detrend": "mean",
    "hp_hz": 30.0,
    "lp_hz": null
  },
  "window": {
    "t0_rel": -0.13620903205871582,
    "duration_s": 0.05,
    "i0": 61702,
    "i1": 61907,
    "n_samples": 205,
    "t_rel_start": -0.13603520393371582,
    "t_rel_end": -0.08623051643371582
  },
  "fit": {
    "method": "esprit_matrix_pencil",
    "L": 102,
    "rank_used": 4,
    "residual_rms": NaN,
    "relative_rms": NaN,
    "singular_values": [],
    "singular_values_truncated": false
  },
  "poles": [
    {
      "i": 0,
      "z": [
        -0.8419258394599759,
        -0.5364948423604639
      ],
      "q": [
        -6.83977868115902,
        -10544.13507785822
      ],
      "omega_qnm": [
        10544.13507785822,
        -6.83977868115902
      ],
      "freq_hz": 1678.1512182697825,
      "damping_1_over_s": 6.83977868115902,
      "a": [
        0.07069224372930427,
        0.12962544563746925
      ],
      "amp_abs": 0.14764873680528343
    },
    {
      "i": 1,
      "z": [
        -0.8085027419605388,
        -0.5373569133653456
      ],
      "q": [
        -121.43523768171806,
        -10465.279534981673
      ],
      "omega_qnm": [
        10465.279534981673,
        -121.43523768171806
      ],
      "freq_hz": 1665.6009688307852,
      "damping_1_over_s": 121.43523768171806,
      "a": [
        0.08424537936772347,
        0.14354400649360555
      ],
      "amp_abs": 0.1664396759941809
    },
    {
      "i": 2,
      "z": [
        0.13614913781504168,
        -0.8573290135082174
      ],
      "q": [
        -579.5029065472878,
        -5788.89855334691
      ],
      "omega_qnm": [
        5788.89855334691,
        -579.5029065472878
      ],
      "freq_hz": 921.3318198226827,
      "damping_1_over_s": 579.5029065472878,
      "a": [
        0.41441267957366906,
        -0.12642176053475856
      ],
      "amp_abs": 0.43326704297481056
    },
    {
      "i": 3,
      "z": [
        0.5981304849612952,
        -0.3512176239187836
      ],
      "q": [
        -1498.421751957146,
        -2174.7665006905295
      ],
      "omega_qnm": [
        2174.7665006905295,
        -1498.421751957146
      ],
      "freq_hz": 346.1248386555616,
      "damping_1_over_s": 1498.421751957146,
      "a": [
        -0.6716714779984816,
        -0.8178215664611993
      ],
      "amp_abs": 1.058288565999706
    }
  ]
}
