{
  "created_at": "2026-04-17T09:37:07+00:00",
  "script": "01_extract_ringdown_poles.py",
  "script_version": "01_extract_ringdown_poles.py/v1.2",
  "event": "GW191109_010717",
  "ifo": "H1",
  "fs_hz": 4096.0,
  "dt": 0.000244140625,
  "t0_rel": -0.13620903205871582,
  "duration_s": 0.05,
  "preprocess": {
    "detrend": "mean",
    "hp_hz": 30.0,
    "lp_hz": null
  },
  "window": {
    "t0_rel": -0.13620903205871582,
    "duration_s": 0.05,
    "i0": 61702,
    "i1": 61907,
    "n_samples": 205,
    "t_rel_start": -0.13603520393371582,
    "t_rel_end": -0.08623051643371582
  },
  "fit": {
    "method": "esprit_matrix_pencil",
    "L": 102,
    "rank_used": 2,
    "residual_rms": 0.9526275220995881,
    "relative_rms": 0.9780942847226177,
    "singular_values": [
      22.10886400491839,
      21.959646110986696,
      19.926185841564067,
      19.659000231590145,
      19.53034180464652,
      19.474592108289112,
      15.759264969655133,
      15.749097065614837,
      15.54460807694644,
      15.368573869499881,
      15.19757129415684,
      14.912870171046515,
      14.460698085635173,
      14.370253178012108,
      14.126158178988353,
      14.08494974989002,
      13.942658703963168,
      13.911604132625046,
      13.887094599451736,
      13.608990669676107,
      13.474349937185908,
      13.430689396700076,
      13.31720045673719,
      13.019908748900974,
      12.839428148364512,
      12.60124454281152,
      12.05816570379793,
      11.642022213692215,
      11.273224866274985,
      11.186044986627904,
      10.982403123504708,
      10.869865985521791,
      10.825500538400226,
      10.58308434803197,
      10.455919782246504,
      10.438862961910898,
      10.283174574929477,
      10.273573244524346,
      10.241750535653269,
      10.2344505876872,
      9.984283834733576,
      9.752618459966325,
      9.695574929328918,
      9.68729221086996,
      9.592655544706819,
      9.36576074932086,
      8.518069751062296,
      8.433760178548896,
      8.230362138308537,
      7.809405380829113,
      7.701812788176044,
      7.365029124246491,
      7.00527497198304,
      6.54303662136695,
      6.294885520067081,
      6.281201683683668,
      6.198056835062793,
      5.957218399399069,
      5.558564693253443,
      5.313215939492595,
      5.117796913583607,
      4.927404514584337,
      4.467968160987731,
      4.4082841434886815
    ],
    "singular_values_truncated": true
  },
  "poles": [
    {
      "i": 0,
      "z": [
        -0.8419258394599759,
        -0.5364948423604639
      ],
      "q": [
        -6.83977868115902,
        -10544.13507785822
      ],
      "omega_qnm": [
        10544.13507785822,
        -6.83977868115902
      ],
      "freq_hz": 1678.1512182697825,
      "damping_1_over_s": 6.83977868115902,
      "a": [
        0.07069224372930427,
        0.12962544563746925
      ],
      "amp_abs": 0.14764873680528343
    },
    {
      "i": 1,
      "z": [
        0.13614913781504168,
        -0.8573290135082174
      ],
      "q": [
        -579.5029065472878,
        -5788.89855334691
      ],
      "omega_qnm": [
        5788.89855334691,
        -579.5029065472878
      ],
      "freq_hz": 921.3318198226827,
      "damping_1_over_s": 579.5029065472878,
      "a": [
        0.41441267957366906,
        -0.12642176053475856
      ],
      "amp_abs": 0.43326704297481056
    }
  ]
}
