{
  "created_at": "2026-04-17T09:37:07+00:00",
  "script": "01_extract_ringdown_poles.py",
  "script_version": "01_extract_ringdown_poles.py/v1.2",
  "event": "GW191109_010717",
  "ifo": "L1",
  "fs_hz": 4096.0,
  "dt": 0.000244140625,
  "t0_rel": -0.13620903205871582,
  "duration_s": 0.05,
  "preprocess": {
    "detrend": "mean",
    "hp_hz": 30.0,
    "lp_hz": null
  },
  "window": {
    "t0_rel": -0.13620903205871582,
    "duration_s": 0.05,
    "i0": 61702,
    "i1": 61907,
    "n_samples": 205,
    "t_rel_start": -0.13603520393371582,
    "t_rel_end": -0.08623051643371582
  },
  "fit": {
    "method": "esprit_matrix_pencil",
    "L": 102,
    "rank_used": 2,
    "residual_rms": 0.8864108332068347,
    "relative_rms": 0.9828673709222151,
    "singular_values": [
      18.301546662363936,
      18.04079944461751,
      17.39410585707896,
      17.249330908619783,
      17.152399918614215,
      16.937049964558057,
      16.077553146307913,
      15.422306225667132,
      15.413634303703718,
      15.366171430442984,
      15.259247076941758,
      15.024917854736135,
      14.906868342964541,
      14.52347655929991,
      14.007553382529144,
      13.937884205542428,
      13.92746552040852,
      13.843007367514092,
      13.674219937263016,
      13.568628852937797,
      13.134892127824363,
      12.758229522001937,
      12.687995600910748,
      12.523756813473799,
      11.88526795062547,
      11.815347075893769,
      11.630575628192135,
      11.482303228395754,
      10.570353504201995,
      10.25944670865758,
      10.191685831312524,
      10.017723818084097,
      9.851517439137316,
      9.798367597479327,
      9.473218597858047,
      9.355281656527303,
      9.343124885238684,
      9.29067231349198,
      9.190131148083621,
      8.84421321619441,
      8.448775721628303,
      8.401520197523523,
      8.108361927046266,
      7.916886822997394,
      7.773187515554612,
      7.690178975975388,
      7.51738861855789,
      7.457798418384568,
      7.238415627817706,
      7.042837913194527,
      6.953645677189936,
      6.835603069987009,
      6.473863137200379,
      6.394161761259927,
      6.31476130685877,
      6.289514808884219,
      6.271304070033392,
      6.045715648957111,
      5.861019057387181,
      5.822106588060249,
      5.587124095813416,
      5.556340441715927,
      5.502325933016997,
      5.365090399128721
    ],
    "singular_values_truncated": true
  },
  "poles": [
    {
      "i": 0,
      "z": [
        -0.8085027419605388,
        -0.5373569133653456
      ],
      "q": [
        -121.43523768171806,
        -10465.279534981673
      ],
      "omega_qnm": [
        10465.279534981673,
        -121.43523768171806
      ],
      "freq_hz": 1665.6009688307852,
      "damping_1_over_s": 121.43523768171806,
      "a": [
        0.08424537936772347,
        0.14354400649360555
      ],
      "amp_abs": 0.1664396759941809
    },
    {
      "i": 1,
      "z": [
        0.5981304849612952,
        -0.3512176239187836
      ],
      "q": [
        -1498.421751957146,
        -2174.7665006905295
      ],
      "omega_qnm": [
        2174.7665006905295,
        -1498.421751957146
      ],
      "freq_hz": 346.1248386555616,
      "damping_1_over_s": 1498.421751957146,
      "a": [
        -0.6716714779984816,
        -0.8178215664611993
      ],
      "amp_abs": 1.058288565999706
    }
  ]
}
