{
  "created_at": "2026-04-17T10:21:47+00:00",
  "script": "01_extract_ringdown_poles.py",
  "script_version": "01_extract_ringdown_poles.py/v1.2",
  "event": "GW170104",
  "ifo": "H1+L1",
  "fs_hz": 4096.0,
  "dt": 0.000244140625,
  "t0_rel": 0.13982822036743164,
  "duration_s": 0.05,
  "preprocess": {
    "detrend": "mean",
    "hp_hz": 30.0,
    "lp_hz": null
  },
  "window": {
    "t0_rel": 0.13982822036743164,
    "duration_s": 0.05,
    "i0": 66110,
    "i1": 66315,
    "n_samples": 205,
    "t_rel_start": 0.13999032974243164,
    "t_rel_end": 0.18979501724243164
  },
  "fit": {
    "method": "esprit_matrix_pencil",
    "L": 102,
    "rank_used": 3,
    "residual_rms": NaN,
    "relative_rms": NaN,
    "singular_values": [],
    "singular_values_truncated": false
  },
  "poles": [
    {
      "i": 0,
      "z": [
        -0.8832687726090026,
        -0.4567426679606369
      ],
      "q": [
        -23.11343508533907,
        -10913.197663993875
      ],
      "omega_qnm": [
        10913.197663993875,
        -23.11343508533907
      ],
      "freq_hz": 1736.8893531635504,
      "damping_1_over_s": 23.11343508533907,
      "a": [
        -0.1725194704778905,
        -0.016450593134450867
      ],
      "amp_abs": 0.17330201876621917
    },
    {
      "i": 1,
      "z": [
        0.9120436647515588,
        -0.3327667956781269
      ],
      "q": [
        -121.15655423523998,
        -1432.9851896898174
      ],
      "omega_qnm": [
        1432.9851896898174,
        -121.15655423523998
      ],
      "freq_hz": 228.06667631661173,
      "damping_1_over_s": 121.15655423523998,
      "a": [
        -0.19989628366432385,
        -0.01583925569936138
      ],
      "amp_abs": 0.20052283222595269
    },
    {
      "i": 2,
      "z": [
        0.2574611596969679,
        -0.22296778763377367
      ],
      "q": [
        -4411.714509190951,
        -2923.4139911359275
      ],
      "omega_qnm": [
        2923.4139911359275,
        -4411.714509190951
      ],
      "freq_hz": 465.2757873932892,
      "damping_1_over_s": 4411.714509190951,
      "a": [
        0.4819179917648289,
        -2.949313098667498
      ],
      "amp_abs": 2.988426459653696
    }
  ]
}
