{
  "created_at": "2026-04-17T10:21:47+00:00",
  "script": "01_extract_ringdown_poles.py",
  "script_version": "01_extract_ringdown_poles.py/v1.2",
  "event": "GW170104",
  "ifo": "L1",
  "fs_hz": 4096.0,
  "dt": 0.000244140625,
  "t0_rel": 0.13982822036743164,
  "duration_s": 0.05,
  "preprocess": {
    "detrend": "mean",
    "hp_hz": 30.0,
    "lp_hz": null
  },
  "window": {
    "t0_rel": 0.13982822036743164,
    "duration_s": 0.05,
    "i0": 66110,
    "i1": 66315,
    "n_samples": 205,
    "t_rel_start": 0.13999032974243164,
    "t_rel_end": 0.18979501724243164
  },
  "fit": {
    "method": "esprit_matrix_pencil",
    "L": 102,
    "rank_used": 2,
    "residual_rms": 0.9383964648465947,
    "relative_rms": 0.9825873922556851,
    "singular_values": [
      19.838243377376486,
      19.810168534380207,
      17.80197073117088,
      17.72953140232922,
      17.470135328086997,
      17.287811296072924,
      16.9078800161688,
      16.83853898742017,
      15.920748634792037,
      15.833380789450997,
      15.774259875805761,
      15.620434449706375,
      14.575249514463927,
      14.453003189806386,
      13.993968345119733,
      13.801222972071988,
      13.70106744372082,
      13.581626549394727,
      13.24785677234854,
      13.1723359261628,
      12.824883745287961,
      12.73440138990391,
      12.577499410143856,
      12.320374087586321,
      12.262667685114176,
      12.078032896736252,
      11.9861871563807,
      11.852033224805309,
      11.744688902802084,
      11.384358346561108,
      11.249129399887419,
      10.965040091593302,
      10.89756817326546,
      10.502915294173262,
      10.459497373708073,
      10.237302302779636,
      10.122602163295928,
      9.931535577634403,
      9.713820880250031,
      9.671840699971634,
      9.657306775629875,
      9.391926087714056,
      8.841304914199215,
      8.672126825397099,
      8.538024609588465,
      8.379464322581951,
      8.147319943211984,
      7.868020748746749,
      7.615719137511273,
      7.5793253891356365,
      7.508647622061457,
      7.302749157717434,
      6.812267093383452,
      6.75472556946908,
      6.613024608031725,
      6.496949566792949,
      6.467900583329038,
      6.454625156670495,
      6.444777992439256,
      6.198745055334632,
      6.044542786006311,
      5.8992328937581355,
      5.893333808798607,
      5.749076702861927
    ],
    "singular_values_truncated": true
  },
  "poles": [
    {
      "i": 0,
      "z": [
        -0.8832687726090026,
        -0.4567426679606369
      ],
      "q": [
        -23.11343508533907,
        -10913.197663993875
      ],
      "omega_qnm": [
        10913.197663993875,
        -23.11343508533907
      ],
      "freq_hz": 1736.8893531635504,
      "damping_1_over_s": 23.11343508533907,
      "a": [
        -0.1725194704778905,
        -0.016450593134450867
      ],
      "amp_abs": 0.17330201876621917
    },
    {
      "i": 1,
      "z": [
        0.9120436647515588,
        -0.3327667956781269
      ],
      "q": [
        -121.15655423523998,
        -1432.9851896898174
      ],
      "omega_qnm": [
        1432.9851896898174,
        -121.15655423523998
      ],
      "freq_hz": 228.06667631661173,
      "damping_1_over_s": 121.15655423523998,
      "a": [
        -0.19989628366432385,
        -0.01583925569936138
      ],
      "amp_abs": 0.20052283222595269
    }
  ]
}
