{
  "created_at": "2026-04-17T10:21:47+00:00",
  "script": "01_extract_ringdown_poles.py",
  "script_version": "01_extract_ringdown_poles.py/v1.2",
  "event": "GW170104",
  "ifo": "H1",
  "fs_hz": 4096.0,
  "dt": 0.000244140625,
  "t0_rel": 0.13982822036743164,
  "duration_s": 0.05,
  "preprocess": {
    "detrend": "mean",
    "hp_hz": 30.0,
    "lp_hz": null
  },
  "window": {
    "t0_rel": 0.13982822036743164,
    "duration_s": 0.05,
    "i0": 66110,
    "i1": 66315,
    "n_samples": 205,
    "t_rel_start": 0.13999032974243164,
    "t_rel_end": 0.18979501724243164
  },
  "fit": {
    "method": "esprit_matrix_pencil",
    "L": 102,
    "rank_used": 1,
    "residual_rms": 0.965174303268467,
    "relative_rms": 0.9821477174516335,
    "singular_values": [
      20.10291262658636,
      20.00714724349981,
      17.520752146135077,
      17.464844795274736,
      17.449925535644127,
      17.310531304520993,
      16.729889122750706,
      16.66072917967281,
      16.35469009406824,
      16.30290623585471,
      16.184206472970942,
      16.0281468838587,
      15.919143878714543,
      15.683398420908926,
      15.5666423700971,
      15.444581070052012,
      15.27551858943944,
      15.166490046189523,
      14.53046747432702,
      14.395992672736238,
      14.35077999864032,
      14.118873740038586,
      13.514394889907171,
      13.41025332271102,
      12.850913143639245,
      12.792965730007563,
      12.408586479547239,
      12.316138137266622,
      12.248167423916934,
      12.155906656815183,
      11.939352735977884,
      11.793109397434938,
      11.560754182030923,
      11.422513436064815,
      11.360159920684632,
      11.230027927554158,
      10.728374495313684,
      10.671420112078408,
      10.423599302804478,
      10.295244407740059,
      9.917055359002212,
      9.85356192309646,
      9.636990494566124,
      9.393425375050008,
      9.16930478580239,
      9.067218318498314,
      8.839475079090313,
      8.719022886714722,
      8.586978068489254,
      8.378879315107044,
      8.023817682045495,
      7.855483663021354,
      7.663674108623824,
      7.652825228099603,
      7.492593380375781,
      7.4712635816137976,
      6.929801047955208,
      6.392477686312287,
      6.202808953035777,
      5.970058472092423,
      5.770892501583299,
      5.651579999509826,
      5.541335346727519,
      5.414238083832821
    ],
    "singular_values_truncated": true
  },
  "poles": [
    {
      "i": 0,
      "z": [
        0.2574611596969679,
        -0.22296778763377367
      ],
      "q": [
        -4411.714509190951,
        -2923.4139911359275
      ],
      "omega_qnm": [
        2923.4139911359275,
        -4411.714509190951
      ],
      "freq_hz": 465.2757873932892,
      "damping_1_over_s": 4411.714509190951,
      "a": [
        0.4819179917648289,
        -2.949313098667498
      ],
      "amp_abs": 2.988426459653696
    }
  ]
}
