{
  "created_at": "2026-04-18T05:52:23+00:00",
  "script": "01_extract_ringdown_poles.py",
  "script_version": "01_extract_ringdown_poles.py/v1.2",
  "event": "GW170104",
  "ifo": "L1",
  "fs_hz": 4096.0,
  "dt": 0.000244140625,
  "t0_rel": 0.13908407974243164,
  "duration_s": 0.05,
  "preprocess": {
    "detrend": "mean",
    "hp_hz": 30.0,
    "lp_hz": null
  },
  "window": {
    "t0_rel": 0.13908407974243164,
    "duration_s": 0.05,
    "i0": 66107,
    "i1": 66312,
    "n_samples": 205,
    "t_rel_start": 0.13925790786743164,
    "t_rel_end": 0.18906259536743164
  },
  "fit": {
    "method": "esprit_matrix_pencil",
    "L": 102,
    "rank_used": 2,
    "residual_rms": 0.9291240718601699,
    "relative_rms": 0.9830161077895564,
    "singular_values": [
      19.916611614709495,
      19.629294353388993,
      17.92262860673478,
      17.781001337024286,
      17.41729003601065,
      17.373816400897113,
      16.799224470747014,
      16.70160182076853,
      16.360099127139087,
      16.110167317824672,
      15.68322810766723,
      15.609992498736563,
      14.939919118529176,
      14.61035323792959,
      13.968116563389499,
      13.789799791399007,
      13.54804796450376,
      13.50585602772879,
      13.328905001154977,
      13.30529035637034,
      12.824660810602621,
      12.704309023614265,
      12.561388169251044,
      12.282675438379723,
      12.081537757809802,
      11.97804880235123,
      11.976278636467226,
      11.6192790381813,
      11.432480477565413,
      11.243505026923351,
      10.953000738864523,
      10.93520237883165,
      10.547544120762566,
      10.256520221065712,
      10.238356828958723,
      10.212341481209684,
      10.060902132605433,
      9.89396937229176,
      9.80440333209292,
      9.67641308594409,
      9.29114426352792,
      9.192098283718726,
      8.716873001779952,
      8.703142446873436,
      8.62503600254415,
      8.070719664575,
      7.876564813285737,
      7.654045992218692,
      7.594120088056317,
      7.563791303310993,
      7.19924540218427,
      6.866720871328539,
      6.837134575252599,
      6.790816976607866,
      6.552515234802332,
      6.521242257934795,
      6.4715327662251525,
      6.445679147149964,
      6.42866805046265,
      6.371718867609383,
      6.1768919668234075,
      5.897489509688955,
      5.86429288357774,
      5.73810661304085
    ],
    "singular_values_truncated": true
  },
  "poles": [
    {
      "i": 0,
      "z": [
        -0.8853969579231216,
        -0.45596430295667173
      ],
      "q": [
        -16.7983690600665,
        -10920.06169599504
      ],
      "omega_qnm": [
        10920.06169599504,
        -16.7983690600665
      ],
      "freq_hz": 1737.9817977860769,
      "damping_1_over_s": 16.7983690600665,
      "a": [
        0.06370081932365794,
        -0.14831962606511473
      ],
      "amp_abs": 0.16142027709863707
    },
    {
      "i": 1,
      "z": [
        0.8707686703190691,
        -0.3402249543072695
      ],
      "q": [
        -275.83506467189653,
        -1525.674365930408
      ],
      "omega_qnm": [
        1525.674365930408,
        -275.83506467189653
      ],
      "freq_hz": 242.81861688641757,
      "damping_1_over_s": 275.83506467189653,
      "a": [
        -0.10542453030201099,
        -0.2140564596740651
      ],
      "amp_abs": 0.23860951263014285
    }
  ]
}
