{
  "created_at": "2026-04-18T05:52:23+00:00",
  "script": "01_extract_ringdown_poles.py",
  "script_version": "01_extract_ringdown_poles.py/v1.2",
  "event": "GW170104",
  "ifo": "H1",
  "fs_hz": 4096.0,
  "dt": 0.000244140625,
  "t0_rel": 0.13908407974243164,
  "duration_s": 0.05,
  "preprocess": {
    "detrend": "mean",
    "hp_hz": 30.0,
    "lp_hz": null
  },
  "window": {
    "t0_rel": 0.13908407974243164,
    "duration_s": 0.05,
    "i0": 66107,
    "i1": 66312,
    "n_samples": 205,
    "t_rel_start": 0.13925790786743164,
    "t_rel_end": 0.18906259536743164
  },
  "fit": {
    "method": "esprit_matrix_pencil",
    "L": 102,
    "rank_used": 1,
    "residual_rms": 0.9796318336523732,
    "relative_rms": 0.9898709856053909,
    "singular_values": [
      19.987211955410157,
      19.89466107644913,
      17.573582157475723,
      17.50220960086046,
      17.29238352195082,
      17.229199451462453,
      16.65200968981922,
      16.63100719005805,
      16.61804861922412,
      16.532384168812282,
      16.344706249737012,
      16.005669270312943,
      15.957376982061001,
      15.949158523737948,
      15.907932701152447,
      15.567079646114687,
      15.242500319453935,
      15.085697869574279,
      14.492258093197057,
      14.353679239888008,
      14.298064837089461,
      14.141101920853535,
      13.444820300806455,
      13.221120169112346,
      13.050380275812955,
      12.942237075967785,
      12.763912844117591,
      12.31939187703401,
      12.303942483328298,
      12.217408190978933,
      12.2069546049348,
      11.79172395414204,
      11.531910035859582,
      11.403360517757669,
      11.182095597741828,
      11.041267890030404,
      10.823306830580911,
      10.692106852205416,
      10.207773004540718,
      10.07845717885559,
      10.030870178786348,
      9.934619075848264,
      9.48918447441357,
      9.415299831515268,
      8.980563598940035,
      8.912878818523287,
      8.780522999950685,
      8.646550550110177,
      8.487286353903142,
      8.279171036960543,
      8.022501823951796,
      7.7646829642746935,
      7.657214425755411,
      7.539962132606065,
      7.151605667352815,
      6.9688482670758525,
      6.617687785294762,
      6.517346911839672,
      6.195841834426339,
      5.944325104930074,
      5.674075313266857,
      5.551513670338613,
      5.411227363492086,
      5.38600107122409
    ],
    "singular_values_truncated": true
  },
  "poles": [
    {
      "i": 0,
      "z": [
        0.2802854913897437,
        -0.8200906135386209
      ],
      "q": [
        -586.1479812334976,
        -5085.055702674382
      ],
      "omega_qnm": [
        5085.055702674382,
        -586.1479812334976
      ],
      "freq_hz": 809.3117509782592,
      "damping_1_over_s": 586.1479812334976,
      "a": [
        -0.2075946317683125,
        0.1997178834707028
      ],
      "amp_abs": 0.28806729095306616
    }
  ]
}
