{
  "created_at": "2026-04-18T05:52:23+00:00",
  "script": "01_extract_ringdown_poles.py",
  "script_version": "01_extract_ringdown_poles.py/v1.2",
  "event": "GW170104",
  "ifo": "H1+L1",
  "fs_hz": 4096.0,
  "dt": 0.000244140625,
  "t0_rel": 0.13908407974243164,
  "duration_s": 0.05,
  "preprocess": {
    "detrend": "mean",
    "hp_hz": 30.0,
    "lp_hz": null
  },
  "window": {
    "t0_rel": 0.13908407974243164,
    "duration_s": 0.05,
    "i0": 66107,
    "i1": 66312,
    "n_samples": 205,
    "t_rel_start": 0.13925790786743164,
    "t_rel_end": 0.18906259536743164
  },
  "fit": {
    "method": "esprit_matrix_pencil",
    "L": 102,
    "rank_used": 3,
    "residual_rms": NaN,
    "relative_rms": NaN,
    "singular_values": [],
    "singular_values_truncated": false
  },
  "poles": [
    {
      "i": 0,
      "z": [
        -0.8853969579231216,
        -0.45596430295667173
      ],
      "q": [
        -16.7983690600665,
        -10920.06169599504
      ],
      "omega_qnm": [
        10920.06169599504,
        -16.7983690600665
      ],
      "freq_hz": 1737.9817977860769,
      "damping_1_over_s": 16.7983690600665,
      "a": [
        0.06370081932365794,
        -0.14831962606511473
      ],
      "amp_abs": 0.16142027709863707
    },
    {
      "i": 1,
      "z": [
        0.8707686703190691,
        -0.3402249543072695
      ],
      "q": [
        -275.83506467189653,
        -1525.674365930408
      ],
      "omega_qnm": [
        1525.674365930408,
        -275.83506467189653
      ],
      "freq_hz": 242.81861688641757,
      "damping_1_over_s": 275.83506467189653,
      "a": [
        -0.10542453030201099,
        -0.2140564596740651
      ],
      "amp_abs": 0.23860951263014285
    },
    {
      "i": 2,
      "z": [
        0.2802854913897437,
        -0.8200906135386209
      ],
      "q": [
        -586.1479812334976,
        -5085.055702674382
      ],
      "omega_qnm": [
        5085.055702674382,
        -586.1479812334976
      ],
      "freq_hz": 809.3117509782592,
      "damping_1_over_s": 586.1479812334976,
      "a": [
        -0.2075946317683125,
        0.1997178834707028
      ],
      "amp_abs": 0.28806729095306616
    }
  ]
}
