{
  "created_at": "2026-04-17T10:00:42+00:00",
  "script": "01_extract_ringdown_poles.py",
  "script_version": "01_extract_ringdown_poles.py/v1.2",
  "event": "GW190521_030229",
  "ifo": "H1",
  "fs_hz": 4096.0,
  "dt": 0.000244140625,
  "t0_rel": 0.03610537338256836,
  "duration_s": 0.05,
  "preprocess": {
    "detrend": "mean",
    "hp_hz": 0.0,
    "lp_hz": null
  },
  "window": {
    "t0_rel": 0.03610537338256836,
    "duration_s": 0.05,
    "i0": 63227,
    "i1": 63432,
    "n_samples": 205,
    "t_rel_start": 0.03627920150756836,
    "t_rel_end": 0.08608388900756836
  },
  "fit": {
    "method": "esprit_matrix_pencil",
    "L": 102,
    "rank_used": 2,
    "residual_rms": 1.006359933073682,
    "relative_rms": 0.904065380431817,
    "singular_values": [
      33.025947093108876,
      32.49722673684914,
      20.972093927776342,
      20.706996271826828,
      20.159102412789657,
      19.978369185262014,
      19.868694566549152,
      19.58007078289714,
      18.389579806585918,
      17.363256719356055,
      16.614935481307377,
      16.572320523606113,
      16.18984295304064,
      16.133311850026168,
      15.908905143289836,
      15.796168245580093,
      14.459710778630782,
      14.153390370978993,
      14.024591780845991,
      13.886410605379387,
      13.214123705468259,
      13.073748570901175,
      13.034702095720931,
      12.605050890835184,
      12.553622539279576,
      12.304341868302142,
      12.249835942253995,
      12.122985713656512,
      12.106627268501574,
      12.002378411819652,
      11.785816238074467,
      11.693779795165725,
      11.678249035537553,
      11.233752470343068,
      10.942188263358615,
      10.893768640500742,
      10.622754499218336,
      10.569468435361014,
      10.28439740780522,
      10.217611683578994,
      10.050534945491169,
      9.75105990188594,
      9.728667456189884,
      9.47967694370867,
      9.362262580408732,
      9.07113195381001,
      8.94082615550224,
      8.78265750688283,
      8.756463085837288,
      8.734064340982314,
      8.707663827616278,
      8.491600272760015,
      8.137361670799796,
      8.11461429662428,
      7.877491708182959,
      7.804585752162946,
      7.779735087053258,
      7.661902806599427,
      7.314635040745019,
      7.062236899144067,
      6.805378405930086,
      6.719383719052165,
      6.221031668507655,
      6.170282067876951
    ],
    "singular_values_truncated": true
  },
  "poles": [
    {
      "i": 0,
      "z": [
        0.987285291191353,
        -0.10504015825689042
      ],
      "q": [
        -29.361353966143877,
        -434.15216639905907
      ],
      "omega_qnm": [
        434.15216639905907,
        -29.361353966143877
      ],
      "freq_hz": 69.09746333646532,
      "damping_1_over_s": 29.361353966143877,
      "a": [
        0.5305084735694345,
        -0.11367658198793318
      ],
      "amp_abs": 0.5425510167914449
    },
    {
      "i": 1,
      "z": [
        -0.17351602504797428,
        -0.9254466370519764
      ],
      "q": [
        -246.59410096740055,
        -7193.144641360732
      ],
      "omega_qnm": [
        7193.144641360732,
        -246.59410096740055
      ],
      "freq_hz": 1144.8245260475392,
      "damping_1_over_s": 246.59410096740055,
      "a": [
        -0.5975056752793495,
        0.3444165946380705
      ],
      "amp_abs": 0.6896635575794305
    }
  ]
}
