{
  "created_at": "2026-04-17T10:00:42+00:00",
  "script": "01_extract_ringdown_poles.py",
  "script_version": "01_extract_ringdown_poles.py/v1.2",
  "event": "GW190521_030229",
  "ifo": "H1+L1",
  "fs_hz": 4096.0,
  "dt": 0.000244140625,
  "t0_rel": 0.03610537338256836,
  "duration_s": 0.05,
  "preprocess": {
    "detrend": "mean",
    "hp_hz": 0.0,
    "lp_hz": null
  },
  "window": {
    "t0_rel": 0.03610537338256836,
    "duration_s": 0.05,
    "i0": 63227,
    "i1": 63432,
    "n_samples": 205,
    "t_rel_start": 0.03627920150756836,
    "t_rel_end": 0.08608388900756836
  },
  "fit": {
    "method": "esprit_matrix_pencil",
    "L": 102,
    "rank_used": 3,
    "residual_rms": NaN,
    "relative_rms": NaN,
    "singular_values": [],
    "singular_values_truncated": false
  },
  "poles": [
    {
      "i": 0,
      "z": [
        0.987285291191353,
        -0.10504015825689042
      ],
      "q": [
        -29.361353966143877,
        -434.15216639905907
      ],
      "omega_qnm": [
        434.15216639905907,
        -29.361353966143877
      ],
      "freq_hz": 69.09746333646532,
      "damping_1_over_s": 29.361353966143877,
      "a": [
        0.5305084735694345,
        -0.11367658198793318
      ],
      "amp_abs": 0.5425510167914449
    },
    {
      "i": 1,
      "z": [
        0.988129010074312,
        -0.09440160503321984
      ],
      "q": [
        -30.307028848927267,
        -390.1302214762843
      ],
      "omega_qnm": [
        390.1302214762843,
        -30.307028848927267
      ],
      "freq_hz": 62.091153197486555,
      "damping_1_over_s": 30.307028848927267,
      "a": [
        -0.006901454343031355,
        0.8948324667525258
      ],
      "amp_abs": 0.8948590803173754
    },
    {
      "i": 2,
      "z": [
        -0.17351602504797428,
        -0.9254466370519764
      ],
      "q": [
        -246.59410096740055,
        -7193.144641360732
      ],
      "omega_qnm": [
        7193.144641360732,
        -246.59410096740055
      ],
      "freq_hz": 1144.8245260475392,
      "damping_1_over_s": 246.59410096740055,
      "a": [
        -0.5975056752793495,
        0.3444165946380705
      ],
      "amp_abs": 0.6896635575794305
    }
  ]
}
