{
  "created_at": "2026-04-17T10:00:42+00:00",
  "script": "01_extract_ringdown_poles.py",
  "script_version": "01_extract_ringdown_poles.py/v1.2",
  "event": "GW190521_030229",
  "ifo": "L1",
  "fs_hz": 4096.0,
  "dt": 0.000244140625,
  "t0_rel": 0.03610537338256836,
  "duration_s": 0.05,
  "preprocess": {
    "detrend": "mean",
    "hp_hz": 0.0,
    "lp_hz": null
  },
  "window": {
    "t0_rel": 0.03610537338256836,
    "duration_s": 0.05,
    "i0": 63227,
    "i1": 63432,
    "n_samples": 205,
    "t_rel_start": 0.03627920150756836,
    "t_rel_end": 0.08608388900756836
  },
  "fit": {
    "method": "esprit_matrix_pencil",
    "L": 102,
    "rank_used": 1,
    "residual_rms": 0.9674812309815745,
    "relative_rms": 0.8190545519986026,
    "singular_values": [
      51.27380172985271,
      44.86440723425855,
      20.23503717759377,
      19.387319069864816,
      19.343952495563173,
      19.180682686701683,
      18.46984738935349,
      18.331594051514273,
      18.03022144646853,
      17.9515194413042,
      17.186215518325348,
      16.96722989525638,
      16.2866112683615,
      16.248602080499552,
      15.299404366249822,
      15.167369275160988,
      14.840400564366114,
      14.128533736856252,
      14.064712315967776,
      13.903074731351609,
      13.878291861139939,
      13.855843160582966,
      12.987860533883994,
      12.749883812273662,
      12.622860826169791,
      12.434771840649125,
      11.954210857436424,
      11.768918559493738,
      11.566594358319868,
      11.464381119807404,
      11.247619955339077,
      11.20117189418014,
      11.05974412538991,
      10.960469553931553,
      10.805466946847124,
      10.62889843643679,
      10.516983922920154,
      10.385894939364553,
      9.783944787562817,
      9.649826886677982,
      9.40379687022159,
      9.336533689305528,
      9.280928700131044,
      9.240040245181499,
      9.203025960757438,
      9.06107909043042,
      8.805698823376341,
      8.688440240581395,
      8.624395297615198,
      8.389631147130174,
      8.222447164235678,
      8.187555380983326,
      7.956183890949225,
      7.912218665977621,
      7.772388847080087,
      7.73674637671752,
      7.649200798498548,
      7.507880028077712,
      7.309443095142656,
      7.260769388112717,
      7.130759015302247,
      6.923559051426852,
      6.567876306637709,
      6.2034544305591215
    ],
    "singular_values_truncated": true
  },
  "poles": [
    {
      "i": 0,
      "z": [
        0.988129010074312,
        -0.09440160503321984
      ],
      "q": [
        -30.307028848927267,
        -390.1302214762843
      ],
      "omega_qnm": [
        390.1302214762843,
        -30.307028848927267
      ],
      "freq_hz": 62.091153197486555,
      "damping_1_over_s": 30.307028848927267,
      "a": [
        -0.006901454343031355,
        0.8948324667525258
      ],
      "amp_abs": 0.8948590803173754
    }
  ]
}
