{
  "created_at": "2026-04-17T09:25:54+00:00",
  "script": "01_extract_ringdown_poles.py",
  "script_version": "01_extract_ringdown_poles.py/v1.2",
  "event": "GW170818",
  "ifo": "H1",
  "fs_hz": 4096.0,
  "dt": 0.000244140625,
  "t0_rel": 0.35368368911743164,
  "duration_s": 0.1,
  "preprocess": {
    "detrend": "mean",
    "hp_hz": 30.0,
    "lp_hz": null
  },
  "window": {
    "t0_rel": 0.35368368911743164,
    "duration_s": 0.1,
    "i0": 66986,
    "i1": 67395,
    "n_samples": 409,
    "t_rel_start": 0.35385751724243164,
    "t_rel_end": 0.45346689224243164
  },
  "fit": {
    "method": "esprit_matrix_pencil",
    "L": 204,
    "rank_used": 2,
    "residual_rms": 1.0415231972866335,
    "relative_rms": 0.9841252584546696,
    "singular_values": [
      32.54684032386553,
      32.506709659529264,
      31.388365350854166,
      31.3091369389538,
      30.013360093812302,
      29.881762548827464,
      29.19992043792172,
      29.034274051070238,
      27.99558407796115,
      27.82190829582836,
      27.66199149567869,
      27.306654537394834,
      27.231285764546314,
      27.200459480725378,
      27.071845210429803,
      26.451194796906,
      25.661678766288475,
      25.645648305643107,
      25.041621624444428,
      24.92703971158263,
      24.81687700796575,
      24.486523749645112,
      24.340414065665797,
      24.31237003548743,
      24.220402703375125,
      24.129484359819838,
      24.042361816906812,
      23.93040337583027,
      23.506107887739894,
      23.27628458920123,
      23.179563190569777,
      23.160603853596914,
      23.099621172169368,
      22.992456859537114,
      22.7571865999548,
      22.750515976650107,
      22.573246005937126,
      22.495842199343677,
      21.783945251170394,
      21.74488962352151,
      21.68012949516817,
      21.49388884469039,
      21.420541649845706,
      21.181073076337025,
      20.17130950539182,
      20.080119938747334,
      19.531524724478977,
      19.406400292127937,
      19.26823257151378,
      19.229039045678803,
      19.020759010196347,
      18.830789991055575,
      18.77822574550952,
      18.65366888545659,
      18.40385960636016,
      18.356230510419607,
      18.24376095686911,
      18.050777517530886,
      17.986247344862488,
      17.96470679779571,
      17.9091313412988,
      17.83748624429027,
      17.509838348751774,
      17.474692537536914
    ],
    "singular_values_truncated": true
  },
  "poles": [
    {
      "i": 0,
      "z": [
        -0.08904477270724398,
        -0.9915948373661697
      ],
      "q": [
        -18.12428952698418,
        -6800.816785648374
      ],
      "omega_qnm": [
        6800.816785648374,
        -18.12428952698418
      ],
      "freq_hz": 1082.3836084982736,
      "damping_1_over_s": 18.12428952698418,
      "a": [
        0.2423048645146923,
        -0.07920734195552412
      ],
      "amp_abs": 0.25492243994427544
    },
    {
      "i": 1,
      "z": [
        -0.7411793620584268,
        -0.6559246977892236
      ],
      "q": [
        -42.24456736408152,
        -9900.610890063159
      ],
      "omega_qnm": [
        9900.610890063159,
        -42.24456736408152
      ],
      "freq_hz": 1575.7311627830013,
      "damping_1_over_s": 42.24456736408152,
      "a": [
        -0.01670290393855968,
        -0.018192927228978296
      ],
      "amp_abs": 0.02469756265585032
    }
  ]
}
