{
  "created_at": "2026-04-17T09:25:54+00:00",
  "script": "01_extract_ringdown_poles.py",
  "script_version": "01_extract_ringdown_poles.py/v1.2",
  "event": "GW170818",
  "ifo": "H1+L1",
  "fs_hz": 4096.0,
  "dt": 0.000244140625,
  "t0_rel": 0.35368368911743164,
  "duration_s": 0.1,
  "preprocess": {
    "detrend": "mean",
    "hp_hz": 30.0,
    "lp_hz": null
  },
  "window": {
    "t0_rel": 0.35368368911743164,
    "duration_s": 0.1,
    "i0": 66986,
    "i1": 67395,
    "n_samples": 409,
    "t_rel_start": 0.35385751724243164,
    "t_rel_end": 0.45346689224243164
  },
  "fit": {
    "method": "esprit_matrix_pencil",
    "L": 204,
    "rank_used": 4,
    "residual_rms": NaN,
    "relative_rms": NaN,
    "singular_values": [],
    "singular_values_truncated": false
  },
  "poles": [
    {
      "i": 0,
      "z": [
        0.6841271761980915,
        -0.7269882903301291
      ],
      "q": [
        -7.094323863703748,
        -3341.364232028477
      ],
      "omega_qnm": [
        3341.364232028477,
        -7.094323863703748
      ],
      "freq_hz": 531.7946341977869,
      "damping_1_over_s": 7.094323863703748,
      "a": [
        0.03567262713055917,
        -0.14344358988963976
      ],
      "amp_abs": 0.1478127186909945
    },
    {
      "i": 1,
      "z": [
        -0.08904477270724398,
        -0.9915948373661697
      ],
      "q": [
        -18.12428952698418,
        -6800.816785648374
      ],
      "omega_qnm": [
        6800.816785648374,
        -18.12428952698418
      ],
      "freq_hz": 1082.3836084982736,
      "damping_1_over_s": 18.12428952698418,
      "a": [
        0.2423048645146923,
        -0.07920734195552412
      ],
      "amp_abs": 0.25492243994427544
    },
    {
      "i": 2,
      "z": [
        -0.7411793620584268,
        -0.6559246977892236
      ],
      "q": [
        -42.24456736408152,
        -9900.610890063159
      ],
      "omega_qnm": [
        9900.610890063159,
        -42.24456736408152
      ],
      "freq_hz": 1575.7311627830013,
      "damping_1_over_s": 42.24456736408152,
      "a": [
        -0.01670290393855968,
        -0.018192927228978296
      ],
      "amp_abs": 0.02469756265585032
    },
    {
      "i": 3,
      "z": [
        0.8013878810002375,
        -0.5699342960305637
      ],
      "q": [
        -68.62340392470786,
        -2532.117221548323
      ],
      "omega_qnm": [
        2532.117221548323,
        -68.62340392470786
      ],
      "freq_hz": 402.9989722975315,
      "damping_1_over_s": 68.62340392470786,
      "a": [
        0.006834704380618516,
        0.14821685991218436
      ],
      "amp_abs": 0.14837436013745275
    }
  ]
}
