{
  "created_at": "2026-04-17T09:25:54+00:00",
  "script": "01_extract_ringdown_poles.py",
  "script_version": "01_extract_ringdown_poles.py/v1.2",
  "event": "GW170818",
  "ifo": "L1",
  "fs_hz": 4096.0,
  "dt": 0.000244140625,
  "t0_rel": 0.35368368911743164,
  "duration_s": 0.1,
  "preprocess": {
    "detrend": "mean",
    "hp_hz": 30.0,
    "lp_hz": null
  },
  "window": {
    "t0_rel": 0.35368368911743164,
    "duration_s": 0.1,
    "i0": 66986,
    "i1": 67395,
    "n_samples": 409,
    "t_rel_start": 0.35385751724243164,
    "t_rel_end": 0.45346689224243164
  },
  "fit": {
    "method": "esprit_matrix_pencil",
    "L": 204,
    "rank_used": 2,
    "residual_rms": 1.0205599893020252,
    "relative_rms": 0.9876654806157869,
    "singular_values": [
      33.30922353174602,
      33.18164509018513,
      30.691617784594147,
      30.513812418519777,
      29.593081615531496,
      29.490747620098233,
      28.13725105636256,
      28.055693819240417,
      27.83541156708828,
      27.762712118436433,
      27.506806480859257,
      27.28624427693475,
      26.842412474568413,
      26.800860619708853,
      26.77243498479117,
      26.735010135648995,
      25.646701713550982,
      25.488890007875405,
      25.295916971702802,
      25.156884170856095,
      24.847223901212075,
      24.69230835934005,
      23.84881545685485,
      23.716129889742888,
      23.626269793726088,
      23.51516728950756,
      23.409382173465207,
      23.341015689408454,
      23.169568363278593,
      22.680314598273586,
      22.652275480536176,
      22.083989691155658,
      22.052489846684868,
      22.01603049662683,
      21.23624455424716,
      21.205856632700673,
      21.004223078662882,
      20.932183504740745,
      20.568192250938974,
      20.2505988572913,
      19.86749935936044,
      19.745902444294796,
      19.59267735730441,
      19.503090918646958,
      19.38867254771665,
      19.34419159490727,
      18.881183308333203,
      18.79436127869038,
      18.77295718051421,
      18.721082042973773,
      18.634371308885836,
      18.28486607210609,
      18.14013276376491,
      18.136496712376626,
      18.047910969954767,
      18.019448336494847,
      17.568275020293616,
      17.370721094896272,
      17.318642879512414,
      17.235902140689305,
      16.91368727947676,
      16.722206249407062,
      16.616730373830556,
      16.508401459265603
    ],
    "singular_values_truncated": true
  },
  "poles": [
    {
      "i": 0,
      "z": [
        0.6841271761980915,
        -0.7269882903301291
      ],
      "q": [
        -7.094323863703748,
        -3341.364232028477
      ],
      "omega_qnm": [
        3341.364232028477,
        -7.094323863703748
      ],
      "freq_hz": 531.7946341977869,
      "damping_1_over_s": 7.094323863703748,
      "a": [
        0.03567262713055917,
        -0.14344358988963976
      ],
      "amp_abs": 0.1478127186909945
    },
    {
      "i": 1,
      "z": [
        0.8013878810002375,
        -0.5699342960305637
      ],
      "q": [
        -68.62340392470786,
        -2532.117221548323
      ],
      "omega_qnm": [
        2532.117221548323,
        -68.62340392470786
      ],
      "freq_hz": 402.9989722975315,
      "damping_1_over_s": 68.62340392470786,
      "a": [
        0.006834704380618516,
        0.14821685991218436
      ],
      "amp_abs": 0.14837436013745275
    }
  ]
}
