{
  "created_at": "2026-04-17T09:45:13+00:00",
  "script": "01_extract_ringdown_poles.py",
  "script_version": "01_extract_ringdown_poles.py/v1.2",
  "event": "GW170818",
  "ifo": "H1+L1",
  "fs_hz": 4096.0,
  "dt": 0.000244140625,
  "t0_rel": 0.35368368911743164,
  "duration_s": 0.03,
  "preprocess": {
    "detrend": "mean",
    "hp_hz": 30.0,
    "lp_hz": null
  },
  "window": {
    "t0_rel": 0.35368368911743164,
    "duration_s": 0.03,
    "i0": 66986,
    "i1": 67109,
    "n_samples": 123,
    "t_rel_start": 0.35385751724243164,
    "t_rel_end": 0.38364267349243164
  },
  "fit": {
    "method": "esprit_matrix_pencil",
    "L": 61,
    "rank_used": 4,
    "residual_rms": NaN,
    "relative_rms": NaN,
    "singular_values": [],
    "singular_values_truncated": false
  },
  "poles": [
    {
      "i": 0,
      "z": [
        0.7293512863726197,
        -0.6803769322997615
      ],
      "q": [
        -10.541373368041906,
        -3074.7518911248517
      ],
      "omega_qnm": [
        3074.7518911248517,
        -10.541373368041906
      ],
      "freq_hz": 489.36196225367337,
      "damping_1_over_s": 10.541373368041906,
      "a": [
        0.14297129056554658,
        0.014425007927185624
      ],
      "amp_abs": 0.14369714951827442
    },
    {
      "i": 1,
      "z": [
        0.9840597615826765,
        -0.13316025631564984
      ],
      "q": [
        -28.655958362781117,
        -550.9131550590588
      ],
      "omega_qnm": [
        550.9131550590588,
        -28.655958362781117
      ],
      "freq_hz": 87.68055184200102,
      "damping_1_over_s": 28.655958362781117,
      "a": [
        -0.21022505016056423,
        0.2710704520264556
      ],
      "amp_abs": 0.3430360938397572
    },
    {
      "i": 2,
      "z": [
        0.48438114849144187,
        -0.8414840155583363
      ],
      "q": [
        -120.80228890218645,
        -4294.61816542572
      ],
      "omega_qnm": [
        4294.61816542572,
        -120.80228890218645
      ],
      "freq_hz": 683.5097097197504,
      "damping_1_over_s": 120.80228890218645,
      "a": [
        0.07593586088764279,
        0.13648112942550006
      ],
      "amp_abs": 0.15618371764690303
    },
    {
      "i": 3,
      "z": [
        0.30318290410774085,
        -0.9074614334650188
      ],
      "q": [
        -181.01751399695644,
        -5113.265734959966
      ],
      "omega_qnm": [
        5113.265734959966,
        -181.01751399695644
      ],
      "freq_hz": 813.8015170612917,
      "damping_1_over_s": 181.01751399695644,
      "a": [
        -0.21117878711581023,
        0.44894320769797014
      ],
      "amp_abs": 0.49613151871842154
    }
  ]
}
