{
  "created_at": "2026-04-17T09:45:13+00:00",
  "script": "01_extract_ringdown_poles.py",
  "script_version": "01_extract_ringdown_poles.py/v1.2",
  "event": "GW170818",
  "ifo": "H1",
  "fs_hz": 4096.0,
  "dt": 0.000244140625,
  "t0_rel": 0.35368368911743164,
  "duration_s": 0.03,
  "preprocess": {
    "detrend": "mean",
    "hp_hz": 30.0,
    "lp_hz": null
  },
  "window": {
    "t0_rel": 0.35368368911743164,
    "duration_s": 0.03,
    "i0": 66986,
    "i1": 67109,
    "n_samples": 123,
    "t_rel_start": 0.35385751724243164,
    "t_rel_end": 0.38364267349243164
  },
  "fit": {
    "method": "esprit_matrix_pencil",
    "L": 61,
    "rank_used": 2,
    "residual_rms": 0.8903943201816671,
    "relative_rms": 0.9529453038744375,
    "singular_values": [
      14.43845779065724,
      14.383442201888164,
      14.210350961559074,
      14.199434551917243,
      13.395079978347809,
      13.236075537215926,
      12.090131256682428,
      12.023272551183128,
      11.915622567434026,
      11.816744893103758,
      10.997441896275483,
      10.871166348544765,
      10.192627621370708,
      10.134210392320531,
      9.366317789063451,
      9.28312201574016,
      8.97429021488503,
      8.777972303301098,
      8.715524412815515,
      8.391794656459197,
      8.08769392999481,
      7.940051519567139,
      7.731166191377328,
      7.4675968537019894,
      7.431959840940817,
      6.886639202939887,
      6.645265436347463,
      6.512821541184752,
      6.251143020578143,
      6.120654608436819,
      5.821500273997477,
      5.531245293301991,
      5.368723413204109,
      5.300388822380001,
      4.759353179423054,
      4.7123561173467445,
      4.279592633131098,
      4.2036416931615115,
      3.918381791033762,
      3.8258009723715056,
      3.4613310927896763,
      3.3379894485064376,
      2.8526470269301147,
      2.6930411357586492,
      2.571099990683827,
      2.3936815903138613,
      2.1893764609015265,
      1.876665482035754,
      1.735423008454771,
      1.103341410150329,
      0.9976700036674004,
      0.7980598027238018,
      0.731399360824523,
      0.5513757839437275,
      0.367471131537908,
      0.22904203428731568,
      0.03012936315824907,
      0.002191739137839597,
      0.001284234346209587,
      3.000466994746073e-06,
      6.406914131240485e-08
    ],
    "singular_values_truncated": false
  },
  "poles": [
    {
      "i": 0,
      "z": [
        0.7293512863726197,
        -0.6803769322997615
      ],
      "q": [
        -10.541373368041906,
        -3074.7518911248517
      ],
      "omega_qnm": [
        3074.7518911248517,
        -10.541373368041906
      ],
      "freq_hz": 489.36196225367337,
      "damping_1_over_s": 10.541373368041906,
      "a": [
        0.14297129056554658,
        0.014425007927185624
      ],
      "amp_abs": 0.14369714951827442
    },
    {
      "i": 1,
      "z": [
        0.30318290410774085,
        -0.9074614334650188
      ],
      "q": [
        -181.01751399695644,
        -5113.265734959966
      ],
      "omega_qnm": [
        5113.265734959966,
        -181.01751399695644
      ],
      "freq_hz": 813.8015170612917,
      "damping_1_over_s": 181.01751399695644,
      "a": [
        -0.21117878711581023,
        0.44894320769797014
      ],
      "amp_abs": 0.49613151871842154
    }
  ]
}
