{
  "created_at": "2026-04-17T09:45:13+00:00",
  "script": "01_extract_ringdown_poles.py",
  "script_version": "01_extract_ringdown_poles.py/v1.2",
  "event": "GW170818",
  "ifo": "L1",
  "fs_hz": 4096.0,
  "dt": 0.000244140625,
  "t0_rel": 0.35368368911743164,
  "duration_s": 0.03,
  "preprocess": {
    "detrend": "mean",
    "hp_hz": 30.0,
    "lp_hz": null
  },
  "window": {
    "t0_rel": 0.35368368911743164,
    "duration_s": 0.03,
    "i0": 66986,
    "i1": 67109,
    "n_samples": 123,
    "t_rel_start": 0.35385751724243164,
    "t_rel_end": 0.38364267349243164
  },
  "fit": {
    "method": "esprit_matrix_pencil",
    "L": 61,
    "rank_used": 2,
    "residual_rms": 0.9703248340808054,
    "relative_rms": 0.9461402190781341,
    "singular_values": [
      18.773797091980317,
      17.04867203443701,
      14.929837302339157,
      14.63957417767067,
      13.63107802989641,
      13.412817003275347,
      12.412362987837808,
      12.361641064237348,
      12.1420742504539,
      12.075440336381387,
      11.666707303839306,
      11.28479255709163,
      10.97476464680298,
      10.773345995805808,
      10.467278267541428,
      10.01951706588218,
      9.95354882835307,
      9.571987622300487,
      9.253334553886225,
      9.18292932716918,
      8.689375685634943,
      8.516894950374352,
      7.678890147793849,
      7.153525379898142,
      7.079223062935301,
      6.652008254831475,
      6.522372534545427,
      6.407215410446621,
      6.322379858742777,
      6.262792878995575,
      6.077984415423631,
      5.837436603735527,
      5.695084999841383,
      5.642957550170979,
      5.521481986757625,
      5.358755214481474,
      5.223843187770432,
      5.181301671795922,
      4.9992322738122,
      4.681351042738971,
      4.602642459505329,
      4.434274722990348,
      4.26913623233009,
      3.9243585734363227,
      3.623250930305252,
      3.527610381867355,
      3.1324041006667955,
      3.009599474565728,
      2.668603484006615,
      2.3940173061069507,
      2.007305252222488,
      1.977100905751196,
      1.8416920690905876,
      1.404987048164783,
      1.0509228405982007,
      0.6700647657933445,
      0.12470938750085066,
      0.011563009360114052,
      0.0003856710047567042,
      1.2907477906815584e-05,
      1.7612922757575652e-08
    ],
    "singular_values_truncated": false
  },
  "poles": [
    {
      "i": 0,
      "z": [
        0.9840597615826765,
        -0.13316025631564984
      ],
      "q": [
        -28.655958362781117,
        -550.9131550590588
      ],
      "omega_qnm": [
        550.9131550590588,
        -28.655958362781117
      ],
      "freq_hz": 87.68055184200102,
      "damping_1_over_s": 28.655958362781117,
      "a": [
        -0.21022505016056423,
        0.2710704520264556
      ],
      "amp_abs": 0.3430360938397572
    },
    {
      "i": 1,
      "z": [
        0.48438114849144187,
        -0.8414840155583363
      ],
      "q": [
        -120.80228890218645,
        -4294.61816542572
      ],
      "omega_qnm": [
        4294.61816542572,
        -120.80228890218645
      ],
      "freq_hz": 683.5097097197504,
      "damping_1_over_s": 120.80228890218645,
      "a": [
        0.07593586088764279,
        0.13648112942550006
      ],
      "amp_abs": 0.15618371764690303
    }
  ]
}
