{
  "created_at": "2026-04-17T10:21:46+00:00",
  "script": "01_extract_ringdown_poles.py",
  "script_version": "01_extract_ringdown_poles.py/v1.2",
  "event": "GW150914",
  "ifo": "L1",
  "fs_hz": 4096.0,
  "dt": 0.000244140625,
  "t0_rel": 0.020956935882568358,
  "duration_s": 0.05,
  "preprocess": {
    "detrend": "mean",
    "hp_hz": 30.0,
    "lp_hz": null
  },
  "window": {
    "t0_rel": 0.020956935882568358,
    "duration_s": 0.05,
    "i0": 65623,
    "i1": 65828,
    "n_samples": 205,
    "t_rel_start": 0.02114248275756836,
    "t_rel_end": 0.07094717025756836
  },
  "fit": {
    "method": "esprit_matrix_pencil",
    "L": 102,
    "rank_used": 1,
    "residual_rms": 0.9796571756643221,
    "relative_rms": 0.9839695563875959,
    "singular_values": [
      19.52220159263901,
      18.443930678039933,
      17.787329125685364,
      17.511970769834555,
      17.28193678671091,
      16.927684086279054,
      16.301610200974334,
      16.256124759245083,
      15.463790398490504,
      15.455728336460396,
      15.177264805390337,
      15.025704774167325,
      14.62969349864991,
      14.157766646631666,
      13.648273163259123,
      13.552498823752906,
      13.272454125192045,
      12.989622236220415,
      12.804019702872594,
      12.711884910132945,
      12.367302646819743,
      12.342975964512885,
      12.132804765722966,
      12.117964303774917,
      11.899383590575614,
      11.774678202964756,
      11.336986538817419,
      11.248587167246454,
      11.127619742928093,
      10.984671167693472,
      10.969126259091905,
      10.792605892998765,
      10.771443655660784,
      10.416984216110997,
      10.34775259238311,
      10.193694662011769,
      10.12839554115874,
      9.971263838190147,
      9.91067281651075,
      9.734768002408233,
      9.22275700148098,
      9.120638794720515,
      8.942821182715043,
      8.821794771262773,
      8.494871779699485,
      8.416565972994327,
      8.291003721878383,
      8.116940953570712,
      7.895965107479176,
      7.818199021569069,
      7.528891948141346,
      7.422289252050419,
      7.060074264095884,
      6.9714373404621846,
      6.809162926123683,
      6.6899995084543145,
      6.6373609923255446,
      6.176154407175726,
      6.022391683069289,
      5.868367968837289,
      5.393195853129023,
      5.182680106880985,
      4.993698150484926,
      4.868343079985583
    ],
    "singular_values_truncated": true
  },
  "poles": [
    {
      "i": 0,
      "z": [
        -0.8304160273574765,
        -0.40482706810739383
      ],
      "q": [
        -324.48136975923234,
        -11010.030315831698
      ],
      "omega_qnm": [
        11010.030315831698,
        -324.48136975923234
      ],
      "freq_hz": 1752.3007483562365,
      "damping_1_over_s": 324.48136975923234,
      "a": [
        -0.23465446925251854,
        0.018797650200782834
      ],
      "amp_abs": 0.2354061842714676
    }
  ]
}
