{
  "created_at": "2026-04-17T10:21:46+00:00",
  "script": "01_extract_ringdown_poles.py",
  "script_version": "01_extract_ringdown_poles.py/v1.2",
  "event": "GW150914",
  "ifo": "H1+L1",
  "fs_hz": 4096.0,
  "dt": 0.000244140625,
  "t0_rel": 0.020956935882568358,
  "duration_s": 0.05,
  "preprocess": {
    "detrend": "mean",
    "hp_hz": 30.0,
    "lp_hz": null
  },
  "window": {
    "t0_rel": 0.020956935882568358,
    "duration_s": 0.05,
    "i0": 65623,
    "i1": 65828,
    "n_samples": 205,
    "t_rel_start": 0.02114248275756836,
    "t_rel_end": 0.07094717025756836
  },
  "fit": {
    "method": "esprit_matrix_pencil",
    "L": 102,
    "rank_used": 3,
    "residual_rms": NaN,
    "relative_rms": NaN,
    "singular_values": [],
    "singular_values_truncated": false
  },
  "poles": [
    {
      "i": 0,
      "z": [
        0.3175410593664093,
        -0.9357853325533996
      ],
      "q": [
        -48.64691810010351,
        -5094.021269382163
      ],
      "omega_qnm": [
        5094.021269382163,
        -48.64691810010351
      ],
      "freq_hz": 810.7386652374227,
      "damping_1_over_s": 48.64691810010351,
      "a": [
        0.11337938646474885,
        0.3270784340549534
      ],
      "amp_abs": 0.34617219313365327
    },
    {
      "i": 1,
      "z": [
        0.9305450735571568,
        -0.29881721926983873
      ],
      "q": [
        -93.85655676772421,
        -1272.7056355654545
      ],
      "omega_qnm": [
        1272.7056355654545,
        -93.85655676772421
      ],
      "freq_hz": 202.5573930011544,
      "damping_1_over_s": 93.85655676772421,
      "a": [
        -1.058379383796909,
        0.8563620303305015
      ],
      "amp_abs": 1.3614414592769326
    },
    {
      "i": 2,
      "z": [
        -0.8304160273574765,
        -0.40482706810739383
      ],
      "q": [
        -324.48136975923234,
        -11010.030315831698
      ],
      "omega_qnm": [
        11010.030315831698,
        -324.48136975923234
      ],
      "freq_hz": 1752.3007483562365,
      "damping_1_over_s": 324.48136975923234,
      "a": [
        -0.23465446925251854,
        0.018797650200782834
      ],
      "amp_abs": 0.2354061842714676
    }
  ]
}
