{
  "created_at": "2026-04-17T10:21:46+00:00",
  "script": "01_extract_ringdown_poles.py",
  "script_version": "01_extract_ringdown_poles.py/v1.2",
  "event": "GW150914",
  "ifo": "H1",
  "fs_hz": 4096.0,
  "dt": 0.000244140625,
  "t0_rel": 0.020956935882568358,
  "duration_s": 0.05,
  "preprocess": {
    "detrend": "mean",
    "hp_hz": 30.0,
    "lp_hz": null
  },
  "window": {
    "t0_rel": 0.020956935882568358,
    "duration_s": 0.05,
    "i0": 65623,
    "i1": 65828,
    "n_samples": 205,
    "t_rel_start": 0.02114248275756836,
    "t_rel_end": 0.07094717025756836
  },
  "fit": {
    "method": "esprit_matrix_pencil",
    "L": 102,
    "rank_used": 2,
    "residual_rms": 1.1383636134158097,
    "relative_rms": 0.8704812575364379,
    "singular_values": [
      37.216156739553746,
      35.78058813688359,
      25.279236138346786,
      25.201647317040145,
      20.87399912119598,
      19.82164979386992,
      19.69552313361945,
      17.977223583821953,
      17.7820448239063,
      17.428931192832366,
      17.22412841852958,
      17.054437928283843,
      16.7864170923285,
      16.393186364570703,
      16.164437092637744,
      16.0313124174638,
      15.338303612703363,
      15.177770508106832,
      14.848344909780861,
      14.766135626181283,
      14.697709225932392,
      14.506279706638953,
      14.37336716422627,
      14.151842267959204,
      13.407051924264483,
      13.230364534824126,
      12.761437265404828,
      12.57411944986757,
      12.369704784395038,
      11.766223310909199,
      11.605992583021688,
      11.581481469123936,
      11.43415834168391,
      11.234691441543125,
      10.756959666678185,
      10.641007656144453,
      10.075923438762969,
      9.782857597623615,
      9.744083887016913,
      9.612872565642705,
      9.505463991302685,
      9.268170354392563,
      8.980674052409714,
      8.96673423595986,
      8.89126943184568,
      8.831994988276321,
      8.56112988960234,
      8.334841245472004,
      8.217570926452106,
      8.036931470875253,
      7.967804466783828,
      7.766715792989574,
      7.623159694822043,
      7.460397428635249,
      7.405697913546049,
      7.152098111655566,
      7.134597887761975,
      6.953905382890133,
      6.759006056540292,
      6.265723332061118,
      5.997607228005796,
      5.928706989819262,
      5.8068271536352105,
      5.614088271849957
    ],
    "singular_values_truncated": true
  },
  "poles": [
    {
      "i": 0,
      "z": [
        0.3175410593664093,
        -0.9357853325533996
      ],
      "q": [
        -48.64691810010351,
        -5094.021269382163
      ],
      "omega_qnm": [
        5094.021269382163,
        -48.64691810010351
      ],
      "freq_hz": 810.7386652374227,
      "damping_1_over_s": 48.64691810010351,
      "a": [
        0.11337938646474885,
        0.3270784340549534
      ],
      "amp_abs": 0.34617219313365327
    },
    {
      "i": 1,
      "z": [
        0.9305450735571568,
        -0.29881721926983873
      ],
      "q": [
        -93.85655676772421,
        -1272.7056355654545
      ],
      "omega_qnm": [
        1272.7056355654545,
        -93.85655676772421
      ],
      "freq_hz": 202.5573930011544,
      "damping_1_over_s": 93.85655676772421,
      "a": [
        -1.058379383796909,
        0.8563620303305015
      ],
      "amp_abs": 1.3614414592769326
    }
  ]
}
