{
  "created_at": "2026-04-18T05:52:23+00:00",
  "script": "01_extract_ringdown_poles.py",
  "script_version": "01_extract_ringdown_poles.py/v1.2",
  "event": "GW190521_030229",
  "ifo": "H1",
  "fs_hz": 4096.0,
  "dt": 0.000244140625,
  "t0_rel": 0.03610537338256836,
  "duration_s": 0.05,
  "preprocess": {
    "detrend": "mean",
    "hp_hz": 30.0,
    "lp_hz": null
  },
  "window": {
    "t0_rel": 0.03610537338256836,
    "duration_s": 0.05,
    "i0": 63227,
    "i1": 63432,
    "n_samples": 205,
    "t_rel_start": 0.03627920150756836,
    "t_rel_end": 0.08608388900756836
  },
  "fit": {
    "method": "esprit_matrix_pencil",
    "L": 102,
    "rank_used": 2,
    "residual_rms": 1.0070375031624528,
    "relative_rms": 0.9065462071307485,
    "singular_values": [
      33.073252073442625,
      32.10670718588714,
      20.969614426592727,
      20.707974973838823,
      20.162106184280702,
      19.972655762806728,
      19.856993584228363,
      19.580056809112136,
      18.356938628129818,
      17.368211343550648,
      16.6151212242733,
      16.57215827450442,
      16.189852869878393,
      16.13667923353645,
      15.908912663913151,
      15.796032285741507,
      14.459520491844422,
      14.15322862708846,
      14.02732038722803,
      13.890897770606534,
      13.214077790628645,
      13.073214097823127,
      13.03514894615279,
      12.638932102351841,
      12.558863189773872,
      12.301149789653675,
      12.24948558794689,
      12.142177094878077,
      12.113304970659678,
      12.101733458800757,
      11.851790586344723,
      11.701689714645523,
      11.678964664948372,
      11.221691275315893,
      10.942095861496911,
      10.893627616400398,
      10.622764778295593,
      10.569887651374115,
      10.28410237750141,
      10.217348642030672,
      10.054348875959827,
      9.728778381178518,
      9.663649613052401,
      9.378159399892118,
      9.182261274737888,
      9.071077728726857,
      8.935566811060898,
      8.780636861764066,
      8.73460732426543,
      8.708457575797954,
      8.500592566808415,
      8.13771236588231,
      8.100261339811718,
      8.020480708215828,
      7.800324636158221,
      7.779375546196017,
      7.64870283567331,
      7.418673640136988,
      7.089818511464023,
      7.0506521649433616,
      6.781749754514904,
      6.6927502057433665,
      6.1963622262335845,
      6.170200535120542
    ],
    "singular_values_truncated": true
  },
  "poles": [
    {
      "i": 0,
      "z": [
        0.986948694698956,
        -0.1060337882875379
      ],
      "q": [
        -30.306433051649012,
        -438.37623419806573
      ],
      "omega_qnm": [
        438.37623419806573,
        -30.306433051649012
      ],
      "freq_hz": 69.76974460663254,
      "damping_1_over_s": 30.306433051649012,
      "a": [
        0.5323246209499094,
        -0.06244179329265542
      ],
      "amp_abs": 0.5359743273880451
    },
    {
      "i": 1,
      "z": [
        -0.1735053962146558,
        -0.9261871164867151
      ],
      "q": [
        -243.43774725345648,
        -7192.506073459442
      ],
      "omega_qnm": [
        7192.506073459442,
        -243.43774725345648
      ],
      "freq_hz": 1144.722894809549,
      "damping_1_over_s": 243.43774725345648,
      "a": [
        -0.5893186906391927,
        0.35174593500243784
      ],
      "amp_abs": 0.6863102228055704
    }
  ]
}
