{
  "created_at": "2026-04-18T05:52:23+00:00",
  "script": "01_extract_ringdown_poles.py",
  "script_version": "01_extract_ringdown_poles.py/v1.2",
  "event": "GW190521_030229",
  "ifo": "H1+L1",
  "fs_hz": 4096.0,
  "dt": 0.000244140625,
  "t0_rel": 0.03610537338256836,
  "duration_s": 0.05,
  "preprocess": {
    "detrend": "mean",
    "hp_hz": 30.0,
    "lp_hz": null
  },
  "window": {
    "t0_rel": 0.03610537338256836,
    "duration_s": 0.05,
    "i0": 63227,
    "i1": 63432,
    "n_samples": 205,
    "t_rel_start": 0.03627920150756836,
    "t_rel_end": 0.08608388900756836
  },
  "fit": {
    "method": "esprit_matrix_pencil",
    "L": 102,
    "rank_used": 3,
    "residual_rms": NaN,
    "relative_rms": NaN,
    "singular_values": [],
    "singular_values_truncated": false
  },
  "poles": [
    {
      "i": 0,
      "z": [
        0.988326026342691,
        -0.0945024266291104
      ],
      "q": [
        -29.458250233760648,
        -390.4669823972013
      ],
      "omega_qnm": [
        390.4669823972013,
        -29.458250233760648
      ],
      "freq_hz": 62.14475036269068,
      "damping_1_over_s": 29.458250233760648,
      "a": [
        -0.0076274559602433345,
        0.872657959628228
      ],
      "amp_abs": 0.872691292833226
    },
    {
      "i": 1,
      "z": [
        0.986948694698956,
        -0.1060337882875379
      ],
      "q": [
        -30.306433051649012,
        -438.37623419806573
      ],
      "omega_qnm": [
        438.37623419806573,
        -30.306433051649012
      ],
      "freq_hz": 69.76974460663254,
      "damping_1_over_s": 30.306433051649012,
      "a": [
        0.5323246209499094,
        -0.06244179329265542
      ],
      "amp_abs": 0.5359743273880451
    },
    {
      "i": 2,
      "z": [
        -0.1735053962146558,
        -0.9261871164867151
      ],
      "q": [
        -243.43774725345648,
        -7192.506073459442
      ],
      "omega_qnm": [
        7192.506073459442,
        -243.43774725345648
      ],
      "freq_hz": 1144.722894809549,
      "damping_1_over_s": 243.43774725345648,
      "a": [
        -0.5893186906391927,
        0.35174593500243784
      ],
      "amp_abs": 0.6863102228055704
    }
  ]
}
