{
  "created_at": "2026-04-18T05:52:23+00:00",
  "script": "01_extract_ringdown_poles.py",
  "script_version": "01_extract_ringdown_poles.py/v1.2",
  "event": "GW190521_030229",
  "ifo": "L1",
  "fs_hz": 4096.0,
  "dt": 0.000244140625,
  "t0_rel": 0.03610537338256836,
  "duration_s": 0.05,
  "preprocess": {
    "detrend": "mean",
    "hp_hz": 30.0,
    "lp_hz": null
  },
  "window": {
    "t0_rel": 0.03610537338256836,
    "duration_s": 0.05,
    "i0": 63227,
    "i1": 63432,
    "n_samples": 205,
    "t_rel_start": 0.03627920150756836,
    "t_rel_end": 0.08608388900756836
  },
  "fit": {
    "method": "esprit_matrix_pencil",
    "L": 102,
    "rank_used": 1,
    "residual_rms": 0.9709023125622789,
    "relative_rms": 0.8262815912954092,
    "singular_values": [
      51.12036347424175,
      44.900753741096004,
      20.27506123252567,
      19.375049921622633,
      19.332524238909958,
      19.17702008507438,
      18.46976731404602,
      18.328235112970322,
      18.02826226146475,
      17.951624143894467,
      17.186921815349745,
      16.96703824515979,
      16.28664437434046,
      16.248542360479686,
      15.302475629275055,
      15.167901040948985,
      14.84014545669818,
      14.127932628627745,
      14.06061662038031,
      13.902618833002842,
      13.873073939716189,
      13.85593676122128,
      12.989411920244091,
      12.74977609254996,
      12.623691247226473,
      12.43422236311129,
      11.954749437122079,
      11.766348550569699,
      11.55651718017724,
      11.467641775670515,
      11.247357810937185,
      11.201232311343231,
      11.060612231353979,
      10.958933724097928,
      10.805284957361764,
      10.62373388778869,
      10.495016558125048,
      10.384077952227623,
      9.7782159311969,
      9.653855814413417,
      9.406643330588325,
      9.336535173421444,
      9.281081451018661,
      9.239967975770073,
      9.205656505360308,
      8.946489588903171,
      8.776807050519142,
      8.669998674632193,
      8.622746637679267,
      8.388285575951649,
      8.221566353175854,
      8.18878582885619,
      7.948037173170656,
      7.887573961473293,
      7.768498791097962,
      7.726940734685041,
      7.635656342199832,
      7.505088894402448,
      7.30333998931569,
      7.264957023211573,
      6.907870942571863,
      6.64312917188925,
      6.201844663007607,
      6.033471325407563
    ],
    "singular_values_truncated": true
  },
  "poles": [
    {
      "i": 0,
      "z": [
        0.988326026342691,
        -0.0945024266291104
      ],
      "q": [
        -29.458250233760648,
        -390.4669823972013
      ],
      "omega_qnm": [
        390.4669823972013,
        -29.458250233760648
      ],
      "freq_hz": 62.14475036269068,
      "damping_1_over_s": 29.458250233760648,
      "a": [
        -0.0076274559602433345,
        0.872657959628228
      ],
      "amp_abs": 0.872691292833226
    }
  ]
}
