{
  "created_at": "2026-04-17T09:45:13+00:00",
  "script": "01_extract_ringdown_poles.py",
  "script_version": "01_extract_ringdown_poles.py/v1.2",
  "event": "GW150914",
  "ifo": "H1",
  "fs_hz": 4096.0,
  "dt": 0.000244140625,
  "t0_rel": 0.02145693588256836,
  "duration_s": 0.08,
  "preprocess": {
    "detrend": "mean",
    "hp_hz": 30.0,
    "lp_hz": null
  },
  "window": {
    "t0_rel": 0.02145693588256836,
    "duration_s": 0.08,
    "i0": 65625,
    "i1": 65952,
    "n_samples": 327,
    "t_rel_start": 0.02163076400756836,
    "t_rel_end": 0.10122060775756836
  },
  "fit": {
    "method": "esprit_matrix_pencil",
    "L": 163,
    "rank_used": 2,
    "residual_rms": 1.0858482484538432,
    "relative_rms": 0.8883330820268454,
    "singular_values": [
      39.843286157131935,
      36.86468768080833,
      29.221490619227605,
      28.988381623990357,
      27.235602548572004,
      27.16592547575087,
      26.403743079803572,
      26.015855461077987,
      25.649105850110736,
      25.33509603681423,
      24.46731489334748,
      24.224733193946847,
      24.004845981030577,
      23.79905887885468,
      23.396689057671573,
      23.375320735828325,
      22.731706257338377,
      22.52677361711473,
      22.239898540609715,
      21.08613516091565,
      21.04809872922555,
      20.43121062875906,
      20.25486825310304,
      20.129461054867566,
      19.914662556576264,
      19.881654042268476,
      19.702951988741045,
      19.602123637948115,
      19.459454180678247,
      18.773149941253084,
      17.6267584348416,
      17.603373560491114,
      17.401151254401576,
      17.306953628830655,
      17.281786608718253,
      17.082847298846907,
      17.02984968162248,
      17.008448574982722,
      16.81238551399857,
      16.779905213568338,
      16.758363738874163,
      16.59797347336157,
      16.587482070170488,
      16.537009767852812,
      16.102001036523347,
      15.860282514779785,
      15.636928299989354,
      15.597707083170446,
      15.497207578411688,
      15.486853498128756,
      15.081640417547636,
      15.061832194901086,
      14.532969054086802,
      14.46055998975338,
      14.250987646280517,
      14.19187419401087,
      14.007924371478493,
      13.925799118800636,
      13.642218043260414,
      13.49840539171037,
      13.337418480865665,
      13.107757993548574,
      12.918079746783038,
      12.908113770468935
    ],
    "singular_values_truncated": true
  },
  "poles": [
    {
      "i": 0,
      "z": [
        -0.8038464246574589,
        -0.5684225522696704
      ],
      "q": [
        -63.91540127174992,
        -10346.899874030825
      ],
      "omega_qnm": [
        10346.899874030825,
        -63.91540127174992
      ],
      "freq_hz": 1646.7602606289151,
      "damping_1_over_s": 63.91540127174992,
      "a": [
        -0.13742328667467463,
        0.1884599559720933
      ],
      "amp_abs": 0.23324303789282363
    },
    {
      "i": 1,
      "z": [
        0.9222755069163306,
        -0.30488790569953017
      ],
      "q": [
        -119.00364953525406,
        -1307.740294948879
      ],
      "omega_qnm": [
        1307.740294948879,
        -119.00364953525406
      ],
      "freq_hz": 208.13333222156726,
      "damping_1_over_s": 119.00364953525406,
      "a": [
        -0.7917175581653179,
        1.5633111106612134
      ],
      "amp_abs": 1.7523579316521072
    }
  ]
}
