{
  "created_at": "2026-04-17T08:55:09+00:00",
  "script": "01_extract_ringdown_poles.py",
  "script_version": "01_extract_ringdown_poles.py/v1.2",
  "event": "GW170818",
  "ifo": "L1",
  "fs_hz": 4096.0,
  "dt": 0.000244140625,
  "t0_rel": 0.35368368911743164,
  "duration_s": 0.05,
  "preprocess": {
    "detrend": "mean",
    "hp_hz": 30.0,
    "lp_hz": null
  },
  "window": {
    "t0_rel": 0.35368368911743164,
    "duration_s": 0.05,
    "i0": 66986,
    "i1": 67191,
    "n_samples": 205,
    "t_rel_start": 0.35385751724243164,
    "t_rel_end": 0.40366220474243164
  },
  "fit": {
    "method": "esprit_matrix_pencil",
    "L": 102,
    "rank_used": 2,
    "residual_rms": 0.9669834345018904,
    "relative_rms": 0.9532720249604186,
    "singular_values": [
      23.316443118039395,
      23.229659437620843,
      20.570681564421538,
      19.691291520377924,
      18.623935525784077,
      18.427644970356493,
      17.18522641179805,
      16.986129227680653,
      16.532794853669525,
      16.451114008103033,
      16.270168579787967,
      16.18026951182224,
      15.517874410186336,
      15.509722087501943,
      15.433650842794428,
      15.302727264959,
      15.09680060281436,
      15.069673348028028,
      14.944749622940881,
      14.912841233446057,
      14.571065815703214,
      14.51205196385539,
      14.269613889917613,
      14.13451473792667,
      13.939568469843417,
      13.776391957834072,
      13.654675054595653,
      13.625741351219354,
      13.548119012813613,
      13.441940511000213,
      13.240944941983686,
      12.98496510282188,
      12.973922040441728,
      12.902250820622145,
      12.24807390761807,
      12.15097512519743,
      11.707573187932462,
      11.61308038560792,
      11.464394883741038,
      11.258105803012134,
      10.770167596737656,
      10.619323578228615,
      10.544712920347537,
      10.32047891784063,
      10.196800250255954,
      10.129783058339996,
      9.52109331915464,
      9.401374598014085,
      9.388761169601999,
      8.556910770281192,
      8.223845251420126,
      8.094651867589402,
      8.010905475339564,
      7.972865905806531,
      7.772451287090492,
      7.449441825834838,
      7.3429282237059645,
      7.28390569390903,
      7.224762708048892,
      7.054090859152324,
      6.982046976362607,
      6.8377075529154245,
      6.741673652152507,
      6.330414351408486
    ],
    "singular_values_truncated": true
  },
  "poles": [
    {
      "i": 0,
      "z": [
        0.5127569475962278,
        -0.8556908612122176
      ],
      "q": [
        -10.005251631871433,
        -4222.738704189398
      ],
      "omega_qnm": [
        4222.738704189398,
        -10.005251631871433
      ],
      "freq_hz": 672.0697381572076,
      "damping_1_over_s": 10.005251631871433,
      "a": [
        0.1528821879368906,
        -0.11258222127946096
      ],
      "amp_abs": 0.18986237103909834
    },
    {
      "i": 1,
      "z": [
        0.9722140283764591,
        -0.1343451290500322
      ],
      "q": [
        -76.68451990081985,
        -562.4427349368699
      ],
      "omega_qnm": [
        562.4427349368699,
        -76.68451990081985
      ],
      "freq_hz": 89.51554147132751,
      "damping_1_over_s": 76.68451990081985,
      "a": [
        -0.34845358936308873,
        0.2927678954974382
      ],
      "amp_abs": 0.45511860495261997
    }
  ]
}
