{
  "created_at": "2026-04-17T09:25:53+00:00",
  "script": "01_extract_ringdown_poles.py",
  "script_version": "01_extract_ringdown_poles.py/v1.2",
  "event": "GW170818",
  "ifo": "H1+L1",
  "fs_hz": 4096.0,
  "dt": 0.000244140625,
  "t0_rel": 0.35368368911743164,
  "duration_s": 0.08,
  "preprocess": {
    "detrend": "mean",
    "hp_hz": 30.0,
    "lp_hz": null
  },
  "window": {
    "t0_rel": 0.35368368911743164,
    "duration_s": 0.08,
    "i0": 66986,
    "i1": 67313,
    "n_samples": 327,
    "t_rel_start": 0.35385751724243164,
    "t_rel_end": 0.43344736099243164
  },
  "fit": {
    "method": "esprit_matrix_pencil",
    "L": 163,
    "rank_used": 4,
    "residual_rms": NaN,
    "relative_rms": NaN,
    "singular_values": [],
    "singular_values_truncated": false
  },
  "poles": [
    {
      "i": 0,
      "z": [
        0.6820825958593205,
        -0.727750244579949
      ],
      "q": [
        -10.559865323024745,
        -3349.6231313354424
      ],
      "omega_qnm": [
        3349.6231313354424,
        -10.559865323024745
      ],
      "freq_hz": 533.1090788469886,
      "damping_1_over_s": 10.559865323024745,
      "a": [
        0.07939337665624183,
        -0.10547763694015014
      ],
      "amp_abs": 0.13201833263360815
    },
    {
      "i": 1,
      "z": [
        0.5127356693492142,
        -0.8516220180077246
      ],
      "q": [
        -24.397307235907032,
        -4214.196230143801
      ],
      "omega_qnm": [
        4214.196230143801,
        -24.397307235907032
      ],
      "freq_hz": 670.7101611866165,
      "damping_1_over_s": 24.397307235907032,
      "a": [
        0.12883076801858523,
        -0.14092789527061733
      ],
      "amp_abs": 0.19093988177870178
    },
    {
      "i": 2,
      "z": [
        -0.638614468526597,
        -0.7451113877017703
      ],
      "q": [
        -77.1721252145982,
        -9336.348794628575
      ],
      "omega_qnm": [
        9336.348794628575,
        -77.1721252145982
      ],
      "freq_hz": 1485.9260610951965,
      "damping_1_over_s": 77.1721252145982,
      "a": [
        -0.2203824355561843,
        -0.07238256908590629
      ],
      "amp_abs": 0.23196476932748156
    },
    {
      "i": 3,
      "z": [
        0.034320665752843114,
        -0.5883328586049527
      ],
      "q": [
        -2165.8164471857144,
        -6195.310215477879
      ],
      "omega_qnm": [
        6195.310215477879,
        -2165.8164471857144
      ],
      "freq_hz": 986.0142447810197,
      "damping_1_over_s": 2165.8164471857144,
      "a": [
        0.2887426810759093,
        0.5618076356176529
      ],
      "amp_abs": 0.6316645908337761
    }
  ]
}
