{
  "created_at": "2026-04-19T20:29:42+00:00",
  "script": "01_extract_ringdown_poles.py",
  "script_version": "01_extract_ringdown_poles.py/v1.3",
  "event": "GW190521_030229",
  "ifo": "H1",
  "fs_hz": 4096.0,
  "dt": 0.000244140625,
  "t0_rel": 0.24446474838256835,
  "duration_s": 0.033,
  "preprocess": {
    "detrend": "mean",
    "hp_hz": 30.0,
    "lp_hz": null
  },
  "window": {
    "t0_rel": 0.24446474838256835,
    "duration_s": 0.033,
    "i0": 64080,
    "i1": 64215,
    "n_samples": 135,
    "t_rel_start": 0.24453115463256836,
    "t_rel_end": 0.27724599838256836
  },
  "fit": {
    "method": "esprit_matrix_pencil",
    "L": 67,
    "rank_used": 1,
    "residual_rms": 1.0046028280813604,
    "relative_rms": 0.9997910036902529,
    "singular_values": [
      15.847879767642288,
      15.789732180912404,
      15.260892027626605,
      15.049852844423631,
      14.424465455007976,
      14.180593987165281,
      14.026906826353011,
      13.544894023781703,
      12.253531946648854,
      11.93110784103615,
      11.792455593819378,
      11.579714067672843,
      11.074782104040224,
      10.945881863755767,
      10.413766355306365,
      10.16036628687063,
      9.509152013162984,
      9.373451108324762,
      9.024689445498483,
      8.949678101280867,
      8.862986106013976,
      8.508634420213989,
      8.435617452474098,
      8.332315201015014,
      8.020757127746203,
      7.991796285729945,
      7.836702240575092,
      7.596640359200197,
      7.457467208082378,
      7.446791308177949,
      7.191633693130967,
      7.070958652974372,
      6.086425799689133,
      6.046299736231449,
      5.990599799984466,
      5.9623584789117565,
      5.910404674532837,
      5.851390146676992,
      5.848659287118866,
      5.638890256119121,
      5.563534161966467,
      5.372225522139503,
      5.111831485481378,
      4.958589157135873,
      4.874372917152664,
      4.766360432788703,
      4.608373763784755,
      4.3185584304663935,
      4.115629828333477,
      4.003987415794211,
      3.221821553910495,
      3.2109862700812943,
      2.350624250338681,
      2.1689538255907364,
      1.949277835812272,
      1.8592430883731093,
      1.6374681392287165,
      1.4245430617386106,
      0.8396870959264036,
      0.7392823324888874,
      0.5290584128240247,
      0.12212825238616595,
      0.012287376532200706,
      0.0017875688114525306
    ],
    "singular_values_truncated": true
  },
  "poles": [
    {
      "i": 0,
      "z": [
        0.45749312408988063,
        -0.8643882969847311
      ],
      "q": [
        -91.15422922340048,
        -4440.102257877073
      ],
      "omega_qnm": [
        4440.102257877073,
        -91.15422922340048
      ],
      "freq_hz": 706.6642221746215,
      "damping_1_over_s": 91.15422922340048,
      "a": [
        0.027904462883456695,
        0.021052699400518966
      ],
      "amp_abs": 0.03495533150840976
    }
  ]
}
