{
  "created_at": "2026-04-19T20:29:42+00:00",
  "script": "01_extract_ringdown_poles.py",
  "script_version": "01_extract_ringdown_poles.py/v1.3",
  "event": "GW190521_030229",
  "ifo": "H1+L1",
  "fs_hz": 4096.0,
  "dt": 0.000244140625,
  "t0_rel": 0.24446474838256835,
  "duration_s": 0.033,
  "preprocess": {
    "detrend": "mean",
    "hp_hz": 30.0,
    "lp_hz": null
  },
  "window": {
    "t0_rel": 0.24446474838256835,
    "duration_s": 0.033,
    "i0": 64080,
    "i1": 64215,
    "n_samples": 135,
    "t_rel_start": 0.24453115463256836,
    "t_rel_end": 0.27724599838256836
  },
  "fit": {
    "method": "esprit_matrix_pencil",
    "L": 67,
    "rank_used": 2,
    "residual_rms": 1.0046028280813604,
    "relative_rms": 0.9997910036902529,
    "singular_values": [],
    "singular_values_truncated": false
  },
  "poles": [
    {
      "i": 0,
      "z": [
        0.982741812935526,
        -0.13142841624684534
      ],
      "q": [
        -35.00095789845437,
        -544.5533761591654
      ],
      "omega_qnm": [
        544.5533761591654,
        -35.00095789845437
      ],
      "freq_hz": 86.66836159311144,
      "damping_1_over_s": 35.00095789845437,
      "a": [
        0.07378089697915607,
        -0.23851430556276387
      ],
      "amp_abs": 0.2496651652055936
    },
    {
      "i": 1,
      "z": [
        0.45749312408988063,
        -0.8643882969847311
      ],
      "q": [
        -91.15422922340048,
        -4440.102257877073
      ],
      "omega_qnm": [
        4440.102257877073,
        -91.15422922340048
      ],
      "freq_hz": 706.6642221746215,
      "damping_1_over_s": 91.15422922340048,
      "a": [
        0.027904462883456695,
        0.021052699400518966
      ],
      "amp_abs": 0.03495533150840976
    }
  ]
}
