{
  "created_at": "2026-04-19T20:29:42+00:00",
  "script": "01_extract_ringdown_poles.py",
  "script_version": "01_extract_ringdown_poles.py/v1.3",
  "event": "GW190521_030229",
  "ifo": "L1",
  "fs_hz": 4096.0,
  "dt": 0.000244140625,
  "t0_rel": 0.24446474838256835,
  "duration_s": 0.033,
  "preprocess": {
    "detrend": "mean",
    "hp_hz": 30.0,
    "lp_hz": null
  },
  "window": {
    "t0_rel": 0.24446474838256835,
    "duration_s": 0.033,
    "i0": 64080,
    "i1": 64215,
    "n_samples": 135,
    "t_rel_start": 0.24453115463256836,
    "t_rel_end": 0.27724599838256836
  },
  "fit": {
    "method": "esprit_matrix_pencil",
    "L": 67,
    "rank_used": 1,
    "residual_rms": 0.9500056270479793,
    "relative_rms": 0.975067397192971,
    "singular_values": [
      18.94143521801569,
      17.992697519043187,
      14.661220207042538,
      14.644436075724377,
      14.566584497546131,
      14.324018480256761,
      13.09361761277947,
      12.930773067284244,
      12.38965044051393,
      12.328798760482135,
      11.784699709570983,
      11.027334401730188,
      10.819148714772412,
      10.712478053698844,
      10.60481319867468,
      10.536149226936622,
      10.385683267789371,
      10.283744979035998,
      10.178505613781583,
      10.134380531650118,
      9.939634418748524,
      9.833265686850016,
      8.57215324237505,
      8.45039265182806,
      7.77957585386279,
      7.742712072057126,
      7.5194972520261025,
      7.275175459304552,
      7.099597453267213,
      6.768407907371475,
      6.660724613358157,
      6.604786594031839,
      6.475927774309882,
      6.213912590470371,
      6.090982917285127,
      6.000460369559505,
      5.810556405549007,
      5.7555107899570945,
      5.085346754216528,
      4.927122831365925,
      4.191616116357137,
      4.147192966996613,
      4.016806073829125,
      3.945694833083999,
      3.7338191831750036,
      3.6781821557925793,
      3.411670181825478,
      3.238807020349537,
      3.003016771537276,
      2.9118068704401385,
      2.502716100640381,
      2.3643568005560156,
      1.9077264240872258,
      1.5504425362895906,
      1.0816240312190932,
      0.9305770193677119,
      0.8372104442444109,
      0.6341742461162311,
      0.4488408495632795,
      0.3124725462502937,
      0.1483524589971466,
      0.02458064800688978,
      0.005657586043926679,
      0.0027487809252567915
    ],
    "singular_values_truncated": true
  },
  "poles": [
    {
      "i": 0,
      "z": [
        0.982741812935526,
        -0.13142841624684534
      ],
      "q": [
        -35.00095789845437,
        -544.5533761591654
      ],
      "omega_qnm": [
        544.5533761591654,
        -35.00095789845437
      ],
      "freq_hz": 86.66836159311144,
      "damping_1_over_s": 35.00095789845437,
      "a": [
        0.07378089697915607,
        -0.23851430556276387
      ],
      "amp_abs": 0.2496651652055936
    }
  ]
}
