{
  "created_at": "2026-04-20T07:36:20+00:00",
  "script": "01_extract_ringdown_poles.py",
  "script_version": "01_extract_ringdown_poles.py/v1.3",
  "event": "GW150914",
  "ifo": "L1",
  "fs_hz": 4096.0,
  "dt": 0.000244140625,
  "t0_rel": 0.02145693588256836,
  "duration_s": 0.05,
  "preprocess": {
    "detrend": "mean",
    "hp_hz": 30.0,
    "lp_hz": null
  },
  "window": {
    "t0_rel": 0.02145693588256836,
    "duration_s": 0.05,
    "i0": 65625,
    "i1": 65830,
    "n_samples": 205,
    "t_rel_start": 0.02163076400756836,
    "t_rel_end": 0.07143545150756836
  },
  "fit": {
    "method": "esprit_matrix_pencil",
    "L": 102,
    "rank_used": 0,
    "residual_rms": 7.396480424931286e-20,
    "relative_rms": 0.9214469714499987,
    "singular_values": [
      3.1879501868821854e-18,
      3.0897133916526796e-18,
      1.5735787784636434e-18,
      1.5556758372033652e-18,
      7.428047416124533e-19,
      7.206203459043975e-19,
      7.115738803298256e-19,
      6.889919515810689e-19,
      2.4084755283546936e-19,
      2.331906230075279e-19,
      1.488334959953136e-19,
      1.4466835846333701e-19,
      1.0270680814299985e-19,
      1.0083331603860289e-19,
      2.6808002226098602e-20,
      2.6199505066596308e-20,
      1.9637323549702497e-20,
      1.9366028017113592e-20,
      1.4625806812830312e-20,
      1.461305712841943e-20,
      1.3456512598894166e-20,
      1.3327644831365026e-20,
      1.3167110481867678e-20,
      1.2629980452536847e-20,
      1.2537591924952307e-20,
      1.2379493557663641e-20,
      1.2128913357577091e-20,
      1.2088076220600622e-20,
      1.173037344023346e-20,
      1.129600146234662e-20,
      1.121526262278495e-20,
      1.0781676932376629e-20,
      9.981536094164074e-21,
      9.872914990691514e-21,
      9.755470301008304e-21,
      9.588323184506713e-21,
      9.277257892728143e-21,
      9.246800966819437e-21,
      8.912673280417818e-21,
      8.78138051367409e-21,
      8.573592761790872e-21,
      7.836611159853978e-21,
      7.71442354277167e-21,
      7.358153028999783e-21,
      7.286487525365776e-21,
      7.035141790064653e-21,
      6.950519640565371e-21,
      6.856541051355266e-21,
      6.662297375792396e-21,
      6.356799512092786e-21,
      6.279273325956841e-21,
      5.886958169495937e-21,
      5.841467358052595e-21,
      5.588500003146791e-21,
      5.351867534768652e-21,
      5.205777684566474e-21,
      5.078432707027102e-21,
      5.036284755761382e-21,
      4.8914000406681665e-21,
      4.437017093514141e-21,
      4.3968573479366885e-21,
      4.3320573875970205e-21,
      4.2864945054977904e-21,
      4.147921600766776e-21
    ],
    "singular_values_truncated": true
  },
  "poles": []
}
