{
  "created_at": "2026-04-20T07:36:20+00:00",
  "script": "01_extract_ringdown_poles.py",
  "script_version": "01_extract_ringdown_poles.py/v1.3",
  "event": "GW150914",
  "ifo": "H1",
  "fs_hz": 4096.0,
  "dt": 0.000244140625,
  "t0_rel": 0.02145693588256836,
  "duration_s": 0.05,
  "preprocess": {
    "detrend": "mean",
    "hp_hz": 30.0,
    "lp_hz": null
  },
  "window": {
    "t0_rel": 0.02145693588256836,
    "duration_s": 0.05,
    "i0": 65625,
    "i1": 65830,
    "n_samples": 205,
    "t_rel_start": 0.02163076400756836,
    "t_rel_end": 0.07143545150756836
  },
  "fit": {
    "method": "esprit_matrix_pencil",
    "L": 102,
    "rank_used": 1,
    "residual_rms": 8.953127346677013e-20,
    "relative_rms": 0.7370479784975401,
    "singular_values": [
      4.864799090191845e-18,
      4.730979439673392e-18,
      1.2189777975299861e-18,
      1.1666846934282415e-18,
      9.24672667697236e-19,
      9.19045123403921e-19,
      4.764153826008175e-19,
      4.692252505855434e-19,
      4.468085966219718e-20,
      4.442047064604398e-20,
      3.043068242742601e-20,
      2.91272037273941e-20,
      2.4431890474647845e-20,
      2.4256631223146215e-20,
      2.2983199135071155e-20,
      2.2835755779714598e-20,
      2.2121791801313416e-20,
      2.1899520423847238e-20,
      2.0148885556484455e-20,
      1.9844167965776692e-20,
      1.831396178252905e-20,
      1.8090022762804795e-20,
      1.6299663311446482e-20,
      1.6273991756155645e-20,
      1.431352958250496e-20,
      1.4076880068649774e-20,
      1.3226159714126067e-20,
      1.2927651759240378e-20,
      1.2896545043365113e-20,
      1.258192552255432e-20,
      1.2201356737983603e-20,
      1.169271695147362e-20,
      1.1327551566749002e-20,
      1.1290619161166089e-20,
      1.0594243051591674e-20,
      1.0020216929042268e-20,
      9.919103336262869e-21,
      8.817937981251184e-21,
      8.75371912040164e-21,
      8.726296720879124e-21,
      8.553089142731614e-21,
      8.245090895032333e-21,
      8.090518085690216e-21,
      7.74695567948402e-21,
      7.709820880066176e-21,
      7.57429763897887e-21,
      6.954131285191062e-21,
      6.935310140328619e-21,
      6.737378264344085e-21,
      6.613606581220157e-21,
      6.564863168807609e-21,
      6.516300175434638e-21,
      6.4498421336313365e-21,
      6.104783871174225e-21,
      6.032558185240907e-21,
      5.735153005361465e-21,
      5.728350327620819e-21,
      5.654682873392512e-21,
      5.548072796784541e-21,
      5.480731265792199e-21,
      4.9745501799537224e-21,
      4.922186313034677e-21,
      4.3987810441898246e-21,
      4.289559526213021e-21
    ],
    "singular_values_truncated": true
  },
  "poles": [
    {
      "i": 0,
      "z": [
        0.9718263788775685,
        -0.0337215124820109
      ],
      "q": [
        -114.59158413321232,
        -142.0705625434942
      ],
      "omega_qnm": [
        142.0705625434942,
        -114.59158413321232
      ],
      "freq_hz": 22.611232296643376,
      "damping_1_over_s": 114.59158413321232,
      "a": [
        -1.7454675799621715e-19,
        3.750508329301359e-20
      ],
      "amp_abs": 1.7853067523483431e-19
    }
  ]
}
