{
  "created_at": "2026-04-17T09:25:55+00:00",
  "script": "01_extract_ringdown_poles.py",
  "script_version": "01_extract_ringdown_poles.py/v1.2",
  "event": "GW170818",
  "ifo": "L1",
  "fs_hz": 4096.0,
  "dt": 0.000244140625,
  "t0_rel": 0.35368368911743164,
  "duration_s": 0.15,
  "preprocess": {
    "detrend": "mean",
    "hp_hz": 30.0,
    "lp_hz": null
  },
  "window": {
    "t0_rel": 0.35368368911743164,
    "duration_s": 0.15,
    "i0": 66986,
    "i1": 67600,
    "n_samples": 614,
    "t_rel_start": 0.35385751724243164,
    "t_rel_end": 0.5035157203674316
  },
  "fit": {
    "method": "esprit_matrix_pencil",
    "L": 307,
    "rank_used": 2,
    "residual_rms": 1.0118944063430686,
    "relative_rms": 0.9903564828819823,
    "singular_values": [
      43.066518902960404,
      42.48679580573366,
      41.69193924474378,
      41.60203956911259,
      39.402783803537886,
      39.326341085446096,
      38.56418712841749,
      38.45343750992079,
      37.90033504181419,
      37.74229636158456,
      37.378106640474996,
      37.23463999316108,
      36.98485931999177,
      36.939448063705235,
      33.502221887603,
      33.29330639572542,
      33.15211600822398,
      32.52041369904559,
      31.417506912051383,
      31.318066620394784,
      30.87245674478219,
      30.856486000766083,
      30.518116904275896,
      30.435680191585465,
      29.26134599703805,
      29.25938335698564,
      29.118016726761425,
      28.935840479030208,
      28.829720811676466,
      28.82652023606121,
      28.792092500184413,
      28.768883683517053,
      28.283470703866442,
      28.218404476157318,
      27.868026589224854,
      27.80822845400333,
      27.79091830917643,
      27.707439180387457,
      27.65668897966815,
      27.572014237442378,
      27.362697918896018,
      27.220789117045577,
      27.21660061125025,
      27.114892811096436,
      26.31870089808711,
      26.303331803133013,
      26.011644664060142,
      25.87811782930641,
      25.69014370908083,
      25.628722203404543,
      25.502292848350862,
      25.38672334709834,
      25.25232204439721,
      25.209017678941034,
      25.103199126592582,
      25.056508796007293,
      24.987346388107483,
      24.986324097582397,
      24.91567409323811,
      24.86287376502622,
      24.81460147777167,
      24.606069632331607,
      24.441371877201867,
      24.423305779983572
    ],
    "singular_values_truncated": true
  },
  "poles": [
    {
      "i": 0,
      "z": [
        0.8110418587311938,
        -0.5802296764345812
      ],
      "q": [
        -11.386991545617121,
        -2543.596996305848
      ],
      "omega_qnm": [
        2543.596996305848,
        -11.386991545617121
      ],
      "freq_hz": 404.82603519577316,
      "damping_1_over_s": 11.386991545617121,
      "a": [
        -0.03543970750204899,
        0.17557797294682145
      ],
      "amp_abs": 0.17911894777478332
    },
    {
      "i": 1,
      "z": [
        0.9443602563757572,
        -0.3181061785033425
      ],
      "q": [
        -14.370253035584714,
        -1330.8342745222722
      ],
      "omega_qnm": [
        1330.8342745222722,
        -14.370253035584714
      ],
      "freq_hz": 211.80885322633605,
      "damping_1_over_s": 14.370253035584714,
      "a": [
        -0.04951895004855664,
        0.04641948882618496
      ],
      "amp_abs": 0.06787411404059546
    }
  ]
}
