{
  "created_at": "2026-04-17T09:25:55+00:00",
  "script": "01_extract_ringdown_poles.py",
  "script_version": "01_extract_ringdown_poles.py/v1.2",
  "event": "GW170818",
  "ifo": "H1",
  "fs_hz": 4096.0,
  "dt": 0.000244140625,
  "t0_rel": 0.35368368911743164,
  "duration_s": 0.15,
  "preprocess": {
    "detrend": "mean",
    "hp_hz": 30.0,
    "lp_hz": null
  },
  "window": {
    "t0_rel": 0.35368368911743164,
    "duration_s": 0.15,
    "i0": 66986,
    "i1": 67600,
    "n_samples": 614,
    "t_rel_start": 0.35385751724243164,
    "t_rel_end": 0.5035157203674316
  },
  "fit": {
    "method": "esprit_matrix_pencil",
    "L": 307,
    "rank_used": 2,
    "residual_rms": 1.012980781610983,
    "relative_rms": 0.9866479799390853,
    "singular_values": [
      41.52776416178347,
      41.37047155589573,
      38.84720764615312,
      38.73446520737097,
      37.78555529484809,
      37.440795126995056,
      37.238062145935324,
      37.2114593640259,
      37.11929648311886,
      37.09722587781302,
      35.36855210425269,
      35.28358921833999,
      34.811591339861856,
      34.74498006545785,
      34.517473927811885,
      34.31086352358529,
      33.08535314467305,
      33.081981521511686,
      32.93626294819577,
      32.906872575831265,
      32.78807953004404,
      32.72589621733541,
      32.70377019425553,
      32.67794456445154,
      32.42679330385081,
      32.26817131200548,
      31.94733161516852,
      31.70565133318608,
      30.80185652465678,
      30.790303915839495,
      30.731243786373593,
      30.686545918514323,
      29.926692602627767,
      29.818852909267175,
      29.81171993759733,
      29.663871174025576,
      29.643779267092658,
      29.56723034866461,
      29.474425999164925,
      29.405923740668207,
      29.191826560558766,
      28.9086606648965,
      28.786876738326576,
      28.773649417085483,
      28.665132166418477,
      28.59718743628335,
      28.461937765382025,
      28.458873088105094,
      28.293037027135302,
      28.211575221362708,
      27.87692042993988,
      27.83710955691501,
      27.801977471286612,
      27.69211609322957,
      27.163193588901574,
      27.11479366156395,
      26.876727661514447,
      26.844285066557294,
      26.74315914629915,
      26.675196264318686,
      26.252727592618072,
      26.233784952349247,
      25.972625875781933,
      25.956525504762688
    ],
    "singular_values_truncated": true
  },
  "poles": [
    {
      "i": 0,
      "z": [
        -0.0913129078950997,
        -0.9907862910688593
      ],
      "q": [
        -20.59235201158448,
        -6810.414178819241
      ],
      "omega_qnm": [
        6810.414178819241,
        -20.59235201158448
      ],
      "freq_hz": 1083.9110810622135,
      "damping_1_over_s": 20.59235201158448,
      "a": [
        0.27536490702507344,
        0.002541937512219955
      ],
      "amp_abs": 0.27537663929106876
    },
    {
      "i": 1,
      "z": [
        -0.8384381575396619,
        -0.5027023809434437
      ],
      "q": [
        -92.8226112352126,
        -10655.700487220858
      ],
      "omega_qnm": [
        10655.700487220858,
        -92.8226112352126
      ],
      "freq_hz": 1695.9074046479172,
      "damping_1_over_s": 92.8226112352126,
      "a": [
        -0.1550777633194942,
        -0.16770631548264225
      ],
      "amp_abs": 0.22841742693792125
    }
  ]
}
