{
  "created_at": "2026-04-17T09:25:55+00:00",
  "script": "01_extract_ringdown_poles.py",
  "script_version": "01_extract_ringdown_poles.py/v1.2",
  "event": "GW170818",
  "ifo": "H1+L1",
  "fs_hz": 4096.0,
  "dt": 0.000244140625,
  "t0_rel": 0.35368368911743164,
  "duration_s": 0.15,
  "preprocess": {
    "detrend": "mean",
    "hp_hz": 30.0,
    "lp_hz": null
  },
  "window": {
    "t0_rel": 0.35368368911743164,
    "duration_s": 0.15,
    "i0": 66986,
    "i1": 67600,
    "n_samples": 614,
    "t_rel_start": 0.35385751724243164,
    "t_rel_end": 0.5035157203674316
  },
  "fit": {
    "method": "esprit_matrix_pencil",
    "L": 307,
    "rank_used": 4,
    "residual_rms": NaN,
    "relative_rms": NaN,
    "singular_values": [],
    "singular_values_truncated": false
  },
  "poles": [
    {
      "i": 0,
      "z": [
        0.8110418587311938,
        -0.5802296764345812
      ],
      "q": [
        -11.386991545617121,
        -2543.596996305848
      ],
      "omega_qnm": [
        2543.596996305848,
        -11.386991545617121
      ],
      "freq_hz": 404.82603519577316,
      "damping_1_over_s": 11.386991545617121,
      "a": [
        -0.03543970750204899,
        0.17557797294682145
      ],
      "amp_abs": 0.17911894777478332
    },
    {
      "i": 1,
      "z": [
        0.9443602563757572,
        -0.3181061785033425
      ],
      "q": [
        -14.370253035584714,
        -1330.8342745222722
      ],
      "omega_qnm": [
        1330.8342745222722,
        -14.370253035584714
      ],
      "freq_hz": 211.80885322633605,
      "damping_1_over_s": 14.370253035584714,
      "a": [
        -0.04951895004855664,
        0.04641948882618496
      ],
      "amp_abs": 0.06787411404059546
    },
    {
      "i": 2,
      "z": [
        -0.0913129078950997,
        -0.9907862910688593
      ],
      "q": [
        -20.59235201158448,
        -6810.414178819241
      ],
      "omega_qnm": [
        6810.414178819241,
        -20.59235201158448
      ],
      "freq_hz": 1083.9110810622135,
      "damping_1_over_s": 20.59235201158448,
      "a": [
        0.27536490702507344,
        0.002541937512219955
      ],
      "amp_abs": 0.27537663929106876
    },
    {
      "i": 3,
      "z": [
        -0.8384381575396619,
        -0.5027023809434437
      ],
      "q": [
        -92.8226112352126,
        -10655.700487220858
      ],
      "omega_qnm": [
        10655.700487220858,
        -92.8226112352126
      ],
      "freq_hz": 1695.9074046479172,
      "damping_1_over_s": 92.8226112352126,
      "a": [
        -0.1550777633194942,
        -0.16770631548264225
      ],
      "amp_abs": 0.22841742693792125
    }
  ]
}
