{
  "created_at": "2026-04-17T09:25:55+00:00",
  "script": "01_extract_ringdown_poles.py",
  "script_version": "01_extract_ringdown_poles.py/v1.2",
  "event": "GW170104",
  "ifo": "H1+L1",
  "fs_hz": 4096.0,
  "dt": 0.000244140625,
  "t0_rel": 0.13932822036743164,
  "duration_s": 0.15,
  "preprocess": {
    "detrend": "mean",
    "hp_hz": 30.0,
    "lp_hz": null
  },
  "window": {
    "t0_rel": 0.13932822036743164,
    "duration_s": 0.15,
    "i0": 66108,
    "i1": 66722,
    "n_samples": 614,
    "t_rel_start": 0.13950204849243164,
    "t_rel_end": 0.28916025161743164
  },
  "fit": {
    "method": "esprit_matrix_pencil",
    "L": 307,
    "rank_used": 3,
    "residual_rms": NaN,
    "relative_rms": NaN,
    "singular_values": [],
    "singular_values_truncated": false
  },
  "poles": [
    {
      "i": 0,
      "z": [
        0.9797801277938976,
        -0.1924603208037021
      ],
      "q": [
        -6.132541143053918,
        -794.4707956368285
      ],
      "omega_qnm": [
        794.4707956368285,
        -6.132541143053918
      ],
      "freq_hz": 126.44395426775225,
      "damping_1_over_s": 6.132541143053918,
      "a": [
        -0.0619053840210011,
        -0.12359049229563976
      ],
      "amp_abs": 0.13822766132965647
    },
    {
      "i": 1,
      "z": [
        -0.0641288050447569,
        -0.9953741174014916
      ],
      "q": [
        -10.50829595824185,
        -6697.509858628129
      ],
      "omega_qnm": [
        6697.509858628129,
        -10.50829595824185
      ],
      "freq_hz": 1065.941800407368,
      "damping_1_over_s": 10.50829595824185,
      "a": [
        0.16768857459577935,
        0.07061532350515423
      ],
      "amp_abs": 0.18195049316696518
    },
    {
      "i": 2,
      "z": [
        0.967313140656326,
        -0.24288599944398992
      ],
      "q": [
        -10.907312762675026,
        -1007.6468553134963
      ],
      "omega_qnm": [
        1007.6468553134963,
        -10.907312762675026
      ],
      "freq_hz": 160.3719779141468,
      "damping_1_over_s": 10.907312762675026,
      "a": [
        0.13859558577439132,
        -0.045922160713798746
      ],
      "amp_abs": 0.14600541510769602
    }
  ]
}
