{
  "created_at": "2026-04-17T09:25:55+00:00",
  "script": "01_extract_ringdown_poles.py",
  "script_version": "01_extract_ringdown_poles.py/v1.2",
  "event": "GW170104",
  "ifo": "L1",
  "fs_hz": 4096.0,
  "dt": 0.000244140625,
  "t0_rel": 0.13932822036743164,
  "duration_s": 0.15,
  "preprocess": {
    "detrend": "mean",
    "hp_hz": 30.0,
    "lp_hz": null
  },
  "window": {
    "t0_rel": 0.13932822036743164,
    "duration_s": 0.15,
    "i0": 66108,
    "i1": 66722,
    "n_samples": 614,
    "t_rel_start": 0.13950204849243164,
    "t_rel_end": 0.28916025161743164
  },
  "fit": {
    "method": "esprit_matrix_pencil",
    "L": 307,
    "rank_used": 2,
    "residual_rms": 0.9321431074232596,
    "relative_rms": 0.9815599905258476,
    "singular_values": [
      43.37210038761286,
      43.254777744237295,
      40.75151289187265,
      40.7428977371228,
      39.118451382597776,
      38.99688684607074,
      35.79246901885599,
      35.7294958915251,
      35.57118600568538,
      35.56034778922239,
      34.293612020109045,
      34.18513948623605,
      31.845631769479855,
      31.81490693060399,
      30.715994924010882,
      30.702853724459015,
      29.55985937759139,
      29.49058392285267,
      29.27019107893241,
      29.129114504198434,
      29.061384949138585,
      29.047354159001202,
      28.526975039438735,
      28.509728435553047,
      28.374720619827475,
      28.279428344058132,
      28.216085592943198,
      28.211106342933277,
      27.990498165967363,
      27.91010171277603,
      27.41188428425271,
      27.3599702794765,
      26.951910082076115,
      26.840859254605995,
      26.67954892475891,
      26.636776477391734,
      26.199157183630675,
      25.828640391557705,
      25.82044792579708,
      25.806843754556805,
      25.689766726507266,
      25.369847510313154,
      25.08811263877026,
      25.020934388657057,
      24.593849501529448,
      24.572875186945176,
      24.30369013531661,
      24.233017691851185,
      23.583274728069654,
      23.51946231761297,
      23.47702395101697,
      23.418243938920515,
      23.04420362262274,
      23.03254843126752,
      22.720399694646982,
      22.56615259342632,
      22.49558505398606,
      22.46813189631241,
      22.39032083760647,
      22.215757738878704,
      22.19447450349688,
      22.168921041683824,
      22.11856983811858,
      22.02989056259771
    ],
    "singular_values_truncated": true
  },
  "poles": [
    {
      "i": 0,
      "z": [
        -0.0641288050447569,
        -0.9953741174014916
      ],
      "q": [
        -10.50829595824185,
        -6697.509858628129
      ],
      "omega_qnm": [
        6697.509858628129,
        -10.50829595824185
      ],
      "freq_hz": 1065.941800407368,
      "damping_1_over_s": 10.50829595824185,
      "a": [
        0.16768857459577935,
        0.07061532350515423
      ],
      "amp_abs": 0.18195049316696518
    },
    {
      "i": 1,
      "z": [
        0.967313140656326,
        -0.24288599944398992
      ],
      "q": [
        -10.907312762675026,
        -1007.6468553134963
      ],
      "omega_qnm": [
        1007.6468553134963,
        -10.907312762675026
      ],
      "freq_hz": 160.3719779141468,
      "damping_1_over_s": 10.907312762675026,
      "a": [
        0.13859558577439132,
        -0.045922160713798746
      ],
      "amp_abs": 0.14600541510769602
    }
  ]
}
