{
  "created_at": "2026-04-17T09:25:55+00:00",
  "script": "01_extract_ringdown_poles.py",
  "script_version": "01_extract_ringdown_poles.py/v1.2",
  "event": "GW170104",
  "ifo": "H1",
  "fs_hz": 4096.0,
  "dt": 0.000244140625,
  "t0_rel": 0.13932822036743164,
  "duration_s": 0.15,
  "preprocess": {
    "detrend": "mean",
    "hp_hz": 30.0,
    "lp_hz": null
  },
  "window": {
    "t0_rel": 0.13932822036743164,
    "duration_s": 0.15,
    "i0": 66108,
    "i1": 66722,
    "n_samples": 614,
    "t_rel_start": 0.13950204849243164,
    "t_rel_end": 0.28916025161743164
  },
  "fit": {
    "method": "esprit_matrix_pencil",
    "L": 307,
    "rank_used": 1,
    "residual_rms": 0.9735249611946081,
    "relative_rms": 0.9908377781970324,
    "singular_values": [
      48.751101926530694,
      48.722144721914,
      44.77432394661765,
      44.738202669363645,
      40.235966587757616,
      39.87797835699838,
      34.50853892179456,
      34.48373520385086,
      34.37040689442316,
      34.16132427348989,
      33.93086081692891,
      33.90267030460184,
      33.08594171796873,
      33.03727115027816,
      31.67985433144659,
      31.669776427488973,
      31.434207961374753,
      31.41040137918058,
      30.892403469899293,
      30.843878130702514,
      29.89879725591622,
      29.81946418464484,
      29.58888047554421,
      29.57623488752368,
      29.2416548158138,
      29.215296030821712,
      28.57608146760576,
      28.51090279823001,
      27.52150198288781,
      27.445974335201754,
      27.24319628849908,
      27.12915207808916,
      26.993662388398295,
      26.30749071634553,
      26.13929180435881,
      26.012290094482427,
      25.86300371547491,
      25.707171970395276,
      25.228602098984176,
      25.116661727168704,
      25.057161395289345,
      25.04915251939539,
      24.96642143417034,
      24.96156203381054,
      24.887492778585973,
      24.84860865068084,
      24.722659479083784,
      24.603154907050275,
      24.590987478657794,
      24.483702951157657,
      24.345139072378387,
      24.331859555135974,
      24.270401704168584,
      24.252753112628383,
      24.225213457353732,
      24.19889790633085,
      23.977853229376407,
      23.916374790733727,
      23.73042224685203,
      23.652432454125407,
      23.451666750776415,
      23.43100440429396,
      23.310186055013602,
      23.302335909354973
    ],
    "singular_values_truncated": true
  },
  "poles": [
    {
      "i": 0,
      "z": [
        0.9797801277938976,
        -0.1924603208037021
      ],
      "q": [
        -6.132541143053918,
        -794.4707956368285
      ],
      "omega_qnm": [
        794.4707956368285,
        -6.132541143053918
      ],
      "freq_hz": 126.44395426775225,
      "damping_1_over_s": 6.132541143053918,
      "a": [
        -0.0619053840210011,
        -0.12359049229563976
      ],
      "amp_abs": 0.13822766132965647
    }
  ]
}
