{
  "created_at": "2026-04-17T09:45:14+00:00",
  "script": "01_extract_ringdown_poles.py",
  "script_version": "01_extract_ringdown_poles.py/v1.2",
  "event": "GW170814",
  "ifo": "H1",
  "fs_hz": 4096.0,
  "dt": 0.000244140625,
  "t0_rel": -0.454763671875,
  "duration_s": 0.08,
  "preprocess": {
    "detrend": "mean",
    "hp_hz": 30.0,
    "lp_hz": null
  },
  "window": {
    "t0_rel": -0.454763671875,
    "duration_s": 0.08,
    "i0": 63674,
    "i1": 64001,
    "n_samples": 327,
    "t_rel_start": -0.45458984375,
    "t_rel_end": -0.375
  },
  "fit": {
    "method": "esprit_matrix_pencil",
    "L": 163,
    "rank_used": 2,
    "residual_rms": 0.9818634474214677,
    "relative_rms": 0.9867089695650643,
    "singular_values": [
      25.280595365688217,
      25.149075476498606,
      24.148844166312717,
      24.040263990550862,
      23.531998053556727,
      23.433821358386044,
      23.24005124972752,
      23.137860196996954,
      23.050418213181796,
      22.471965243027935,
      22.385400483772983,
      22.259649039809226,
      21.77645053729082,
      21.766555937334,
      21.359964453247393,
      21.253083099035006,
      20.90844984891735,
      20.70002045191304,
      19.96425134778025,
      19.851377194373487,
      19.68831156247663,
      19.634986514963177,
      19.487480766901445,
      19.40336535598921,
      19.284734791533666,
      19.233308509730243,
      19.061779213393887,
      19.00847673574225,
      18.781193935472597,
      18.72156604963151,
      18.281620157147486,
      18.164234993168876,
      17.675264494351254,
      17.561712853904325,
      17.098956508074885,
      17.075753524797822,
      16.924783136017982,
      16.552666725335115,
      16.348965088153264,
      16.09672732916487,
      15.897710522716517,
      15.846715312046177,
      15.727437645387223,
      15.70351711173564,
      15.0899884982586,
      14.969636688510404,
      14.851756486473079,
      14.751856724276623,
      14.370950333495335,
      14.349527771958401,
      14.016353993140275,
      13.843595653556793,
      13.725281125529177,
      13.652856467203538,
      13.621682991190477,
      13.599455323609563,
      13.448710322285962,
      13.340111572189079,
      13.282889887519381,
      13.182460643588671,
      13.158580098966773,
      12.73854414672538,
      12.653497248871245,
      12.586178139373777
    ],
    "singular_values_truncated": true
  },
  "poles": [
    {
      "i": 0,
      "z": [
        -0.7492068943082323,
        -0.6380811179743627
      ],
      "q": [
        -65.63771138203029,
        -9978.374999314332
      ],
      "omega_qnm": [
        9978.374999314332,
        -65.63771138203029
      ],
      "freq_hz": 1588.1077051654638,
      "damping_1_over_s": 65.63771138203029,
      "a": [
        0.020236682718005716,
        0.20053878992366403
      ],
      "amp_abs": 0.20155726132163207
    },
    {
      "i": 1,
      "z": [
        0.549598289463204,
        -0.7945216315266038
      ],
      "q": [
        -141.32028862507113,
        -3955.2574208033143
      ],
      "omega_qnm": [
        3955.2574208033143,
        -141.32028862507113
      ],
      "freq_hz": 629.4987697217482,
      "damping_1_over_s": 141.32028862507113,
      "a": [
        -0.3962484552338714,
        -0.20516124921439352
      ],
      "amp_abs": 0.44621068617239534
    }
  ]
}
