{
  "created_at": "2026-04-18T05:52:22+00:00",
  "script": "01_extract_ringdown_poles.py",
  "script_version": "01_extract_ringdown_poles.py/v1.2",
  "event": "GW150914",
  "ifo": "L1",
  "fs_hz": 4096.0,
  "dt": 0.000244140625,
  "t0_rel": 0.02145693588256836,
  "duration_s": 0.05,
  "preprocess": {
    "detrend": "mean",
    "hp_hz": 30.0,
    "lp_hz": null
  },
  "window": {
    "t0_rel": 0.02145693588256836,
    "duration_s": 0.05,
    "i0": 65625,
    "i1": 65830,
    "n_samples": 205,
    "t_rel_start": 0.02163076400756836,
    "t_rel_end": 0.07143545150756836
  },
  "fit": {
    "method": "esprit_matrix_pencil",
    "L": 102,
    "rank_used": 1,
    "residual_rms": 0.9716607248431878,
    "relative_rms": 0.9861693985744381,
    "singular_values": [
      19.227096014399958,
      18.134156941283997,
      18.069559564122383,
      17.870445461565236,
      17.534628894300706,
      16.46169866323639,
      16.376772161549237,
      16.3246622205138,
      15.461143560274543,
      15.391502310632811,
      15.01053654603865,
      14.870170483222209,
      14.359962644363101,
      14.116053818683087,
      13.751073829925753,
      13.675235165176185,
      13.16319110316093,
      12.978258446405704,
      12.76590159957938,
      12.735078061967918,
      12.540622262096235,
      12.351155764662392,
      12.315087647722299,
      12.215085841485708,
      12.108561694069206,
      11.917001090199681,
      11.849195151797332,
      11.388410478080512,
      11.334554631568666,
      11.004492788523116,
      10.973119739785671,
      10.860349038259649,
      10.829909854186715,
      10.565164214971341,
      10.396345099164932,
      10.080373020070994,
      10.04037711794298,
      9.912047493608931,
      9.804223494122843,
      9.624382772088977,
      9.164530403138906,
      9.022537585931948,
      8.914416257824286,
      8.898935525546829,
      8.844754782750767,
      8.614358021365728,
      8.258374824166438,
      8.14785223173735,
      8.050026050876074,
      7.932719390726034,
      7.411534620228744,
      7.259150971669056,
      7.146706667417589,
      6.98822290335933,
      6.84978001629738,
      6.810492089498751,
      6.681954482376161,
      6.19225349888397,
      5.9442085022482285,
      5.369280672468907,
      5.356835261374308,
      5.288739339715455,
      4.909629392283179,
      4.651163867273388
    ],
    "singular_values_truncated": true
  },
  "poles": [
    {
      "i": 0,
      "z": [
        -0.8525169052519729,
        -0.42033882605004225
      ],
      "q": [
        -207.89778921688526,
        -10991.679174241772
      ],
      "omega_qnm": [
        10991.679174241772,
        -207.89778921688526
      ],
      "freq_hz": 1749.3800734608203,
      "damping_1_over_s": 207.89778921688526,
      "a": [
        -0.3513457849139908,
        -0.20310285247355264
      ],
      "amp_abs": 0.4058258607576925
    }
  ]
}
