{
  "created_at": "2026-04-18T05:52:22+00:00",
  "script": "01_extract_ringdown_poles.py",
  "script_version": "01_extract_ringdown_poles.py/v1.2",
  "event": "GW150914",
  "ifo": "H1",
  "fs_hz": 4096.0,
  "dt": 0.000244140625,
  "t0_rel": 0.02145693588256836,
  "duration_s": 0.05,
  "preprocess": {
    "detrend": "mean",
    "hp_hz": 30.0,
    "lp_hz": null
  },
  "window": {
    "t0_rel": 0.02145693588256836,
    "duration_s": 0.05,
    "i0": 65625,
    "i1": 65830,
    "n_samples": 205,
    "t_rel_start": 0.02163076400756836,
    "t_rel_end": 0.07143545150756836
  },
  "fit": {
    "method": "esprit_matrix_pencil",
    "L": 102,
    "rank_used": 2,
    "residual_rms": 1.0781044294228188,
    "relative_rms": 0.8249749362977231,
    "singular_values": [
      36.98358529237839,
      33.66186125181843,
      25.16556563870108,
      24.949603014341914,
      19.917037569402826,
      19.775440118505095,
      18.765758735331804,
      17.925470445459784,
      17.87955139724909,
      17.394733526526757,
      17.243180125753263,
      16.907536429082473,
      16.625133626665818,
      16.42106055214971,
      16.22107590287522,
      16.005661326469472,
      15.41380804333388,
      15.348364878836854,
      14.981485991640481,
      14.84877719186877,
      14.684536240779352,
      14.42220223073252,
      14.366034257981259,
      14.091641279302642,
      13.520267602195915,
      13.292506223862704,
      12.765396727764587,
      12.743463420810192,
      12.456203196747946,
      11.822671197103608,
      11.708195300823977,
      11.587794441418525,
      11.493305340901653,
      11.295876988116737,
      10.710641380046614,
      9.825736943778105,
      9.800069305178676,
      9.71884089126318,
      9.667515910443145,
      9.64441672275453,
      9.532554336275727,
      9.438992510214492,
      9.079211205977455,
      8.97398239782202,
      8.84877181992747,
      8.75192410476233,
      8.582027975646032,
      8.313001104921348,
      8.166446090074183,
      8.048460220610922,
      8.01426877272477,
      7.933394146084782,
      7.599170295685569,
      7.569810489505866,
      7.317748208050199,
      7.173240426114891,
      7.151024994847637,
      7.056356460656386,
      6.663028567110162,
      6.445293974161741,
      5.965614454486061,
      5.888030521831289,
      5.821598498673703,
      5.385839183474097
    ],
    "singular_values_truncated": true
  },
  "poles": [
    {
      "i": 0,
      "z": [
        0.3090149318112211,
        -0.9428097971140718
      ],
      "q": [
        -32.241105725945104,
        -5136.672854049412
      ],
      "omega_qnm": [
        5136.672854049412,
        -32.241105725945104
      ],
      "freq_hz": 817.5268757679179,
      "damping_1_over_s": 32.241105725945104,
      "a": [
        0.2920817795800278,
        -0.07790969543820903
      ],
      "amp_abs": 0.3022940399774869
    },
    {
      "i": 1,
      "z": [
        0.9216698048742447,
        -0.30343029532718224
      ],
      "q": [
        -123.3570854014058,
        -1302.7008447354071
      ],
      "omega_qnm": [
        1302.7008447354071,
        -123.3570854014058
      ],
      "freq_hz": 207.33127880962772,
      "damping_1_over_s": 123.3570854014058,
      "a": [
        -0.8060872195292216,
        1.625070571768662
      ],
      "amp_abs": 1.814009638540236
    }
  ]
}
