{
  "created_at": "2026-04-18T05:52:22+00:00",
  "script": "01_extract_ringdown_poles.py",
  "script_version": "01_extract_ringdown_poles.py/v1.2",
  "event": "GW150914",
  "ifo": "H1+L1",
  "fs_hz": 4096.0,
  "dt": 0.000244140625,
  "t0_rel": 0.02145693588256836,
  "duration_s": 0.05,
  "preprocess": {
    "detrend": "mean",
    "hp_hz": 30.0,
    "lp_hz": null
  },
  "window": {
    "t0_rel": 0.02145693588256836,
    "duration_s": 0.05,
    "i0": 65625,
    "i1": 65830,
    "n_samples": 205,
    "t_rel_start": 0.02163076400756836,
    "t_rel_end": 0.07143545150756836
  },
  "fit": {
    "method": "esprit_matrix_pencil",
    "L": 102,
    "rank_used": 3,
    "residual_rms": NaN,
    "relative_rms": NaN,
    "singular_values": [],
    "singular_values_truncated": false
  },
  "poles": [
    {
      "i": 0,
      "z": [
        0.3090149318112211,
        -0.9428097971140718
      ],
      "q": [
        -32.241105725945104,
        -5136.672854049412
      ],
      "omega_qnm": [
        5136.672854049412,
        -32.241105725945104
      ],
      "freq_hz": 817.5268757679179,
      "damping_1_over_s": 32.241105725945104,
      "a": [
        0.2920817795800278,
        -0.07790969543820903
      ],
      "amp_abs": 0.3022940399774869
    },
    {
      "i": 1,
      "z": [
        0.9216698048742447,
        -0.30343029532718224
      ],
      "q": [
        -123.3570854014058,
        -1302.7008447354071
      ],
      "omega_qnm": [
        1302.7008447354071,
        -123.3570854014058
      ],
      "freq_hz": 207.33127880962772,
      "damping_1_over_s": 123.3570854014058,
      "a": [
        -0.8060872195292216,
        1.625070571768662
      ],
      "amp_abs": 1.814009638540236
    },
    {
      "i": 2,
      "z": [
        -0.8525169052519729,
        -0.42033882605004225
      ],
      "q": [
        -207.89778921688526,
        -10991.679174241772
      ],
      "omega_qnm": [
        10991.679174241772,
        -207.89778921688526
      ],
      "freq_hz": 1749.3800734608203,
      "damping_1_over_s": 207.89778921688526,
      "a": [
        -0.3513457849139908,
        -0.20310285247355264
      ],
      "amp_abs": 0.4058258607576925
    }
  ]
}
