{
  "created_at": "2026-04-15T11:51:07+00:00",
  "script": "01_extract_ringdown_poles.py",
  "script_version": "01_extract_ringdown_poles.py/v1.1",
  "event": "GW190521_030229",
  "ifo": "H1+L1",
  "fs_hz": 4096.0,
  "dt": 0.000244140625,
  "t0_rel": 0.03310537338256836,
  "duration_s": 0.25,
  "preprocess": {
    "detrend": "mean",
    "hp_hz": null,
    "lp_hz": null
  },
  "window": {
    "t0_rel": 0.03310537338256836,
    "duration_s": 0.25,
    "i0": 63214,
    "i1": 64239,
    "n_samples": 1025,
    "t_rel_start": 0.03310537338256836,
    "t_rel_end": 0.28310537338256836
  },
  "fit": {
    "method": "esprit_matrix_pencil",
    "L": 512,
    "rank_used": 8,
    "residual_rms": NaN,
    "relative_rms": NaN,
    "singular_values": [],
    "singular_values_truncated": false
  },
  "poles": [
    {
      "i": 0,
      "z": [
        0.9822978170211691,
        -0.18730828432958962
      ],
      "q": [
        -0.013527692833569967,
        -771.7758662924919
      ],
      "omega_qnm": [
        771.7758662924919,
        -0.013527692833569967
      ],
      "freq_hz": 122.83194407947977,
      "damping_1_over_s": 0.013527692833569967,
      "a": [
        0.0012013347937285812,
        0.011082281116028603
      ],
      "amp_abs": 0.011147204134728451
    },
    {
      "i": 1,
      "z": [
        0.04416879068942597,
        -0.9990188954078503
      ],
      "q": [
        -0.02122670248895978,
        -6253.006573619518
      ],
      "omega_qnm": [
        6253.006573619518,
        -0.02122670248895978
      ],
      "freq_hz": 995.1969053776619,
      "damping_1_over_s": 0.02122670248895978,
      "a": [
        -0.06266239118668447,
        0.04160585178842921
      ],
      "amp_abs": 0.07521716673920795
    },
    {
      "i": 2,
      "z": [
        0.8388709634131731,
        -0.5443194070673206
      ],
      "q": [
        -0.024350520975080052,
        -2357.5815993757556
      ],
      "omega_qnm": [
        2357.5815993757556,
        -0.024350520975080052
      ],
      "freq_hz": 375.22076528314795,
      "damping_1_over_s": 0.024350520975080052,
      "a": [
        0.01574823169919591,
        -0.01438257545529853
      ],
      "amp_abs": 0.021327570850401944
    },
    {
      "i": 3,
      "z": [
        0.5370223883982979,
        -0.8435581584293089
      ],
      "q": [
        -0.03397190434445621,
        -4111.924027970264
      ],
      "omega_qnm": [
        4111.924027970264,
        -0.03397190434445621
      ],
      "freq_hz": 654.4330346698046,
      "damping_1_over_s": 0.03397190434445621,
      "a": [
        0.041784996420760334,
        -0.02775681200130775
      ],
      "amp_abs": 0.050163996435281105
    },
    {
      "i": 4,
      "z": [
        -0.44063651360780287,
        -0.8976704246956106
      ],
      "q": [
        -0.055852798436867176,
        -8303.045144532874
      ],
      "omega_qnm": [
        8303.045144532874,
        -0.055852798436867176
      ],
      "freq_hz": 1321.4706774675676,
      "damping_1_over_s": 0.055852798436867176,
      "a": [
        -0.021430301411674152,
        0.021750149992843026
      ],
      "amp_abs": 0.030534027629947096
    },
    {
      "i": 5,
      "z": [
        0.4084099030427405,
        -0.9127826612112329
      ],
      "q": [
        -0.05972974397639416,
        -4710.721217177837
      ],
      "omega_qnm": [
        4710.721217177837,
        -0.05972974397639416
      ],
      "freq_hz": 749.7345672417226,
      "damping_1_over_s": 0.05972974397639416,
      "a": [
        -0.01208374265899266,
        -0.009788774827805657
      ],
      "amp_abs": 0.015551107654384002
    },
    {
      "i": 6,
      "z": [
        -0.7530182851716845,
        -0.657939896123084
      ],
      "q": [
        -0.16088754640743447,
        -9926.567773797346
      ],
      "omega_qnm": [
        9926.567773797346,
        -0.16088754640743447
      ],
      "freq_hz": 1579.8623291365589,
      "damping_1_over_s": 0.16088754640743447,
      "a": [
        -0.011525059990595832,
        0.027692229296922388
      ],
      "amp_abs": 0.02999477573211974
    },
    {
      "i": 7,
      "z": [
        0.6845821614955006,
        -0.728879573937961
      ],
      "q": [
        -0.16759645489602626,
        -3345.3161295069276
      ],
      "omega_qnm": [
        3345.3161295069276,
        -0.16759645489602626
      ],
      "freq_hz": 532.4235982160747,
      "damping_1_over_s": 0.16759645489602626,
      "a": [
        -0.07911350906381721,
        -0.03613566325538142
      ],
      "amp_abs": 0.0869754762866925
    }
  ]
}
