{
  "created_at": "2026-04-18T06:28:00+00:00",
  "script": "01_extract_ringdown_poles.py",
  "script_version": "01_extract_ringdown_poles.py/v1.3",
  "event": "GW190521_030229",
  "ifo": "H1+L1",
  "fs_hz": 4096.0,
  "dt": 0.000244140625,
  "t0_rel": 0.22646474838256836,
  "duration_s": 0.05,
  "preprocess": {
    "detrend": "mean",
    "hp_hz": 30.0,
    "lp_hz": null
  },
  "window": {
    "t0_rel": 0.22646474838256836,
    "duration_s": 0.05,
    "i0": 64006,
    "i1": 64211,
    "n_samples": 205,
    "t_rel_start": 0.22646474838256836,
    "t_rel_end": 0.27626943588256836
  },
  "fit": {
    "method": "esprit_matrix_pencil",
    "L": 102,
    "rank_used": 3,
    "residual_rms": 0.9998143524980624,
    "relative_rms": 0.9806540490453712,
    "singular_values": [],
    "singular_values_truncated": false
  },
  "poles": [
    {
      "i": 0,
      "z": [
        0.40362461083849227,
        -0.8998196255330353
      ],
      "q": [
        -56.92319532912108,
        -4706.873938037124
      ],
      "omega_qnm": [
        4706.873938037124,
        -56.92319532912108
      ],
      "freq_hz": 749.1222537490238,
      "damping_1_over_s": 56.92319532912108,
      "a": [
        -0.23482325675263122,
        -0.0840901645181246
      ],
      "amp_abs": 0.24942557543403085
    },
    {
      "i": 1,
      "z": [
        0.9401596056687771,
        -0.2841848885352344
      ],
      "q": [
        -73.68375244781335,
        -1202.343248888548
      ],
      "omega_qnm": [
        1202.343248888548,
        -73.68375244781335
      ],
      "freq_hz": 191.3588713537814,
      "damping_1_over_s": 73.68375244781335,
      "a": [
        0.014276163245413588,
        -0.19554016846213707
      ],
      "amp_abs": 0.19606061899119526
    },
    {
      "i": 2,
      "z": [
        0.9065858167173579,
        -0.37410480125892376
      ],
      "q": [
        -79.65579504651402,
        -1603.0343168433076
      ],
      "omega_qnm": [
        1603.0343168433076,
        -79.65579504651402
      ],
      "freq_hz": 255.13083547155193,
      "damping_1_over_s": 79.65579504651402,
      "a": [
        0.27435906161609075,
        -0.029384647767317085
      ],
      "amp_abs": 0.2759281649547055
    }
  ]
}
