{
  "created_at": "2026-04-15T11:51:07+00:00",
  "script": "01_extract_ringdown_poles.py",
  "script_version": "01_extract_ringdown_poles.py/v1.1",
  "event": "GW190521_030229",
  "ifo": "L1",
  "fs_hz": 4096.0,
  "dt": 0.000244140625,
  "t0_rel": 0.03310537338256836,
  "duration_s": 0.25,
  "preprocess": {
    "detrend": "mean",
    "hp_hz": null,
    "lp_hz": null
  },
  "window": {
    "t0_rel": 0.03310537338256836,
    "duration_s": 0.25,
    "i0": 63214,
    "i1": 64239,
    "n_samples": 1025,
    "t_rel_start": 0.03310537338256836,
    "t_rel_end": 0.28310537338256836
  },
  "fit": {
    "method": "esprit_matrix_pencil",
    "L": 512,
    "rank_used": 8,
    "residual_rms": 0.7480430552027446,
    "relative_rms": 0.7174089186194006,
    "singular_values": [
      70.9556444519515,
      70.17831823685363,
      60.13020799259031,
      60.11348710955316,
      54.48961451364229,
      54.45456178198516,
      51.252921874502135,
      51.19267594165985,
      49.77291050059981,
      49.74819890511671,
      46.18862281474215,
      46.12192118940278,
      45.87979717212855,
      45.86411328501579,
      45.570375372062244,
      45.47179696554547,
      43.3282070251043,
      43.1739635137281,
      42.962233806857824,
      42.93821195336748,
      42.447560625138664,
      42.32555802826757,
      40.77901197144885,
      40.741468062894185,
      40.714055189892,
      40.645555190159676,
      40.545721191905116,
      40.30398748304009,
      40.275401426295396,
      40.14036080311659,
      39.82861024556389,
      39.740207026481585,
      39.49023864063025,
      39.37447624095417,
      39.27975840136341,
      38.82082598815354,
      38.75199010952815,
      38.72556396969665,
      38.3579180749446,
      38.26621032659155,
      38.0313542536948,
      37.995110138129256,
      37.74558341999926,
      37.68816677363798,
      37.57603303835329,
      37.57180822077837,
      37.48125814659004,
      37.33148889458495,
      37.094818739921955,
      36.96212910680024,
      36.9317673011865,
      36.86912209543124,
      35.63506495960116,
      35.618292351695516,
      35.21554844960036,
      35.1259939954795,
      34.75061656077766,
      34.655126685881974,
      34.572530940220815,
      34.13494887710783,
      34.108939845828,
      34.005416041730385,
      33.621226976111565,
      33.56125366393965
    ],
    "singular_values_truncated": true
  },
  "poles": [
    {
      "i": 0,
      "z": [
        0.04416879068942597,
        -0.9990188954078503
      ],
      "q": [
        -0.02122670248895978,
        -6253.006573619518
      ],
      "omega_qnm": [
        6253.006573619518,
        -0.02122670248895978
      ],
      "freq_hz": 995.1969053776619,
      "damping_1_over_s": 0.02122670248895978,
      "a": [
        -0.06266239118668447,
        0.04160585178842921
      ],
      "amp_abs": 0.07521716673920795
    },
    {
      "i": 1,
      "z": [
        0.8388709634131731,
        -0.5443194070673206
      ],
      "q": [
        -0.024350520975080052,
        -2357.5815993757556
      ],
      "omega_qnm": [
        2357.5815993757556,
        -0.024350520975080052
      ],
      "freq_hz": 375.22076528314795,
      "damping_1_over_s": 0.024350520975080052,
      "a": [
        0.01574823169919591,
        -0.01438257545529853
      ],
      "amp_abs": 0.021327570850401944
    },
    {
      "i": 2,
      "z": [
        0.4084099030427405,
        -0.9127826612112329
      ],
      "q": [
        -0.05972974397639416,
        -4710.721217177837
      ],
      "omega_qnm": [
        4710.721217177837,
        -0.05972974397639416
      ],
      "freq_hz": 749.7345672417226,
      "damping_1_over_s": 0.05972974397639416,
      "a": [
        -0.01208374265899266,
        -0.009788774827805657
      ],
      "amp_abs": 0.015551107654384002
    },
    {
      "i": 3,
      "z": [
        0.22006901839428838,
        -0.9754167784250237
      ],
      "q": [
        -0.2698120966286443,
        -5525.0790099682445
      ],
      "omega_qnm": [
        5525.0790099682445,
        -0.2698120966286443
      ],
      "freq_hz": 879.3436354097214,
      "damping_1_over_s": 0.2698120966286443,
      "a": [
        -0.03559767373083822,
        0.06186997066832569
      ],
      "amp_abs": 0.07137988263892489
    },
    {
      "i": 4,
      "z": [
        0.6881711511442488,
        -0.7254314993609512
      ],
      "q": [
        -0.34738350597175294,
        -3324.9300186134583
      ],
      "omega_qnm": [
        3324.9300186134583,
        -0.34738350597175294
      ],
      "freq_hz": 529.1790478969594,
      "damping_1_over_s": 0.34738350597175294,
      "a": [
        0.04540825534660267,
        -0.013313011321331059
      ],
      "amp_abs": 0.04731961458068059
    },
    {
      "i": 5,
      "z": [
        -0.7416331530224733,
        -0.6705893622491655
      ],
      "q": [
        -0.5943617222661594,
        -9856.85397059044
      ],
      "omega_qnm": [
        9856.85397059044,
        -0.5943617222661594
      ],
      "freq_hz": 1568.7670327544442,
      "damping_1_over_s": 0.5943617222661594,
      "a": [
        0.0316512956864774,
        0.04310429842387761
      ],
      "amp_abs": 0.053476958227329285
    },
    {
      "i": 6,
      "z": [
        0.6639539074437095,
        -0.7475278573685102
      ],
      "q": [
        -0.7523916258800358,
        -3459.2325477539407
      ],
      "omega_qnm": [
        3459.2325477539407,
        -0.7523916258800358
      ],
      "freq_hz": 550.5539592794106,
      "damping_1_over_s": 0.7523916258800358,
      "a": [
        -0.049790386276813474,
        0.028219499197500046
      ],
      "amp_abs": 0.0572313087440083
    },
    {
      "i": 7,
      "z": [
        -0.32330762348846376,
        -0.9460667927334154
      ],
      "q": [
        -0.8804283877076132,
        -7782.77899754413
      ],
      "omega_qnm": [
        7782.77899754413,
        -0.8804283877076132
      ],
      "freq_hz": 1238.6677484509344,
      "damping_1_over_s": 0.8804283877076132,
      "a": [
        -0.03472408785322691,
        -0.04190836468261621
      ],
      "amp_abs": 0.054424932775427246
    }
  ]
}
