{
  "created_at": "2026-04-17T07:51:21+00:00",
  "script": "01_extract_ringdown_poles.py",
  "script_version": "01_extract_ringdown_poles.py/v1.2",
  "event": "GW190521_030229",
  "ifo": "H1+L1",
  "fs_hz": 4096.0,
  "dt": 0.000244140625,
  "t0_rel": 0.03310537338256836,
  "duration_s": 0.25,
  "preprocess": {
    "detrend": "mean",
    "hp_hz": 30.0,
    "lp_hz": null
  },
  "window": {
    "t0_rel": 0.03310537338256836,
    "duration_s": 0.25,
    "i0": 63214,
    "i1": 64239,
    "n_samples": 1025,
    "t_rel_start": 0.03310537338256836,
    "t_rel_end": 0.28310537338256836
  },
  "fit": {
    "method": "esprit_matrix_pencil",
    "L": 512,
    "rank_used": 3,
    "residual_rms": NaN,
    "relative_rms": NaN,
    "singular_values": [],
    "singular_values_truncated": false
  },
  "poles": [
    {
      "i": 0,
      "z": [
        0.6923982631214958,
        -0.7182290208597113
      ],
      "q": [
        -9.713559227612143,
        -3291.986562961781
      ],
      "omega_qnm": [
        3291.986562961781,
        -9.713559227612143
      ],
      "freq_hz": 523.9359340874664,
      "damping_1_over_s": 9.713559227612143,
      "a": [
        -0.035112990998623805,
        0.08663424392585792
      ],
      "amp_abs": 0.09347948629231169
    },
    {
      "i": 1,
      "z": [
        0.9881688440500668,
        -0.09629715401225392
      ],
      "q": [
        -29.392257736468277,
        -397.89923611162544
      ],
      "omega_qnm": [
        397.89923611162544,
        -29.392257736468277
      ],
      "freq_hz": 63.32763027965437,
      "damping_1_over_s": 29.392257736468277,
      "a": [
        -0.8701543454433733,
        0.26013138822670345
      ],
      "amp_abs": 0.908205331428272
    },
    {
      "i": 2,
      "z": [
        0.5961988637375637,
        -0.6851676588327728
      ],
      "q": [
        -394.20651396763174,
        -3500.931702151855
      ],
      "omega_qnm": [
        3500.931702151855,
        -394.20651396763174
      ],
      "freq_hz": 557.1905858245908,
      "damping_1_over_s": 394.20651396763174,
      "a": [
        0.43904886256311465,
        0.15046168695598802
      ],
      "amp_abs": 0.4641148812089594
    }
  ]
}
