i,omega_re,omega_im,freq_hz,damping_1_over_s,amp_abs,a_re,a_im,z_re,z_im,q_re,q_im
0,7.717758662924918553e+02,-1.352769283356996741e-02,1.228319440794797686e+02,1.352769283356996741e-02,1.114720413472845145e-02,1.201334793728581207e-03,1.108228111602860277e-02,9.822978170211691396e-01,-1.873082843295896249e-01,-1.352769283356996741e-02,-7.717758662924918553e+02
1,6.253006573619518349e+03,-2.122670248895977899e-02,9.951969053776618921e+02,2.122670248895977899e-02,7.521716673920794682e-02,-6.266239118668447128e-02,4.160585178842921006e-02,4.416879068942596714e-02,-9.990188954078502714e-01,-2.122670248895977899e-02,-6.253006573619518349e+03
2,2.357581599375755559e+03,-2.435052097508005192e-02,3.752207652831479550e+02,2.435052097508005192e-02,2.132757085040194386e-02,1.574823169919591093e-02,-1.438257545529852965e-02,8.388709634131731319e-01,-5.443194070673206264e-01,-2.435052097508005192e-02,-2.357581599375755559e+03
3,4.111924027970264433e+03,-3.397190434445621077e-02,6.544330346698045560e+02,3.397190434445621077e-02,5.016399643528110519e-02,4.178499642076033416e-02,-2.775681200130775128e-02,5.370223883982978563e-01,-8.435581584293089241e-01,-3.397190434445621077e-02,-4.111924027970264433e+03
4,8.303045144532874474e+03,-5.585279843686717649e-02,1.321470677467567612e+03,5.585279843686717649e-02,3.053402762994709627e-02,-2.143030141167415192e-02,2.175014999284302641e-02,-4.406365136078028710e-01,-8.976704246956106470e-01,-5.585279843686717649e-02,-8.303045144532874474e+03
5,4.710721217177837389e+03,-5.972974397639416178e-02,7.497345672417226297e+02,5.972974397639416178e-02,1.555110765438400162e-02,-1.208374265899266053e-02,-9.788774827805657441e-03,4.084099030427404964e-01,-9.127826612112328597e-01,-5.972974397639416178e-02,-4.710721217177837389e+03
6,9.926567773797345581e+03,-1.608875464074344674e-01,1.579862329136558856e+03,1.608875464074344674e-01,2.999477573211974113e-02,-1.152505999059583175e-02,2.769222929692238822e-02,-7.530182851716844539e-01,-6.579398961230840115e-01,-1.608875464074344674e-01,-9.926567773797345581e+03
7,3.345316129506927609e+03,-1.675964548960262590e-01,5.324235982160746516e+02,1.675964548960262590e-01,8.697547628669249908e-02,-7.911350906381721393e-02,-3.613566325538142276e-02,6.845821614955005519e-01,-7.288795739379609895e-01,-1.675964548960262590e-01,-3.345316129506927609e+03
