{
  "created_at": "2026-04-17T07:51:21+00:00",
  "script": "01_extract_ringdown_poles.py",
  "script_version": "01_extract_ringdown_poles.py/v1.2",
  "event": "GW190521_030229",
  "ifo": "L1",
  "fs_hz": 4096.0,
  "dt": 0.000244140625,
  "t0_rel": 0.03310537338256836,
  "duration_s": 0.25,
  "preprocess": {
    "detrend": "mean",
    "hp_hz": 30.0,
    "lp_hz": null
  },
  "window": {
    "t0_rel": 0.03310537338256836,
    "duration_s": 0.25,
    "i0": 63214,
    "i1": 64239,
    "n_samples": 1025,
    "t_rel_start": 0.03310537338256836,
    "t_rel_end": 0.28310537338256836
  },
  "fit": {
    "method": "esprit_matrix_pencil",
    "L": 512,
    "rank_used": 1,
    "residual_rms": 0.982363136566277,
    "relative_rms": 0.9476240635295791,
    "singular_values": [
      71.10619928070665,
      70.2261388736396,
      60.12983030162978,
      60.113481913776575,
      54.48966382658749,
      54.45453029369603,
      51.25039655437272,
      51.19269734315355,
      49.77278603154036,
      49.74805884384707,
      46.18858383784762,
      46.12091457007022,
      45.87971331396501,
      45.86408152867874,
      45.570031821483404,
      45.47121047506899,
      43.328070290399275,
      43.17385144806501,
      42.962208365806646,
      42.937660778617584,
      42.439183425075235,
      42.32448499240219,
      40.821698199922714,
      40.76539917795843,
      40.71585674880789,
      40.64516056691744,
      40.54566360034778,
      40.30378582216241,
      40.270356625339275,
      40.13083387035209,
      39.82820343726576,
      39.740229081086774,
      39.48318114036252,
      39.37431656496568,
      39.27935750103033,
      38.80182216603923,
      38.75091566200425,
      38.677780375067016,
      38.34916262277877,
      38.26572755324225,
      38.0278683019378,
      37.99432925726493,
      37.74339765062241,
      37.660584341003926,
      37.575993857746546,
      37.56546765123181,
      37.44155998741278,
      37.14659596527818,
      36.96103583715201,
      36.93222961798898,
      36.87398962911788,
      36.81525858598378,
      35.63478568692702,
      35.618182936963386,
      35.17648490933611,
      35.12589897030972,
      34.68467367179987,
      34.648193434881335,
      34.49811621648976,
      34.12385075185578,
      33.999017041999515,
      33.705401359269366,
      33.5665409504375,
      33.54944498429327
    ],
    "singular_values_truncated": true
  },
  "poles": [
    {
      "i": 0,
      "z": [
        0.9881688440500668,
        -0.09629715401225392
      ],
      "q": [
        -29.392257736468277,
        -397.89923611162544
      ],
      "omega_qnm": [
        397.89923611162544,
        -29.392257736468277
      ],
      "freq_hz": 63.32763027965437,
      "damping_1_over_s": 29.392257736468277,
      "a": [
        -0.8701543454433733,
        0.26013138822670345
      ],
      "amp_abs": 0.908205331428272
    }
  ]
}
