{
  "created_at": "2026-04-17T07:51:21+00:00",
  "script": "01_extract_ringdown_poles.py",
  "script_version": "01_extract_ringdown_poles.py/v1.2",
  "event": "GW190521_030229",
  "ifo": "H1",
  "fs_hz": 4096.0,
  "dt": 0.000244140625,
  "t0_rel": 0.03310537338256836,
  "duration_s": 0.25,
  "preprocess": {
    "detrend": "mean",
    "hp_hz": 30.0,
    "lp_hz": null
  },
  "window": {
    "t0_rel": 0.03310537338256836,
    "duration_s": 0.25,
    "i0": 63214,
    "i1": 64239,
    "n_samples": 1025,
    "t_rel_start": 0.03310537338256836,
    "t_rel_end": 0.28310537338256836
  },
  "fit": {
    "method": "esprit_matrix_pencil",
    "L": 512,
    "rank_used": 2,
    "residual_rms": 1.0213018637698896,
    "relative_rms": 0.9973795646862315,
    "singular_values": [
      51.78931669833665,
      51.70561407302796,
      50.848740241962744,
      50.62553718271257,
      50.46525469388507,
      49.762967890381525,
      49.499220436496266,
      47.75677678401275,
      47.73409232546187,
      47.172722809480476,
      47.160690199981175,
      47.12564307391468,
      46.90336689440371,
      46.48279214366891,
      45.11413485194818,
      45.09276504847937,
      44.828555355620914,
      43.85766613807623,
      42.91437652667767,
      42.89323530097878,
      42.86421254908934,
      42.82882741952315,
      42.119357328335106,
      41.98930124082385,
      41.88250239310588,
      41.82329733047572,
      41.27418738093134,
      41.26603432776225,
      41.11877944235253,
      40.99887279623109,
      40.93489991702076,
      40.75736299203417,
      40.137236467429915,
      40.11356292006104,
      39.5884410952271,
      39.56533091372087,
      38.91984349636028,
      38.894147549746236,
      38.75505501553768,
      38.74132270796722,
      38.41788536271575,
      38.39142450603517,
      38.17427474746273,
      38.05916260231314,
      37.30426048557406,
      37.13591738126538,
      37.09733372980435,
      37.026280466164316,
      37.016612985668274,
      36.98818765488748,
      36.92050301748811,
      36.85859624360487,
      36.78063136028267,
      36.74700451517965,
      36.64943786998185,
      36.579161213888774,
      36.32221546373688,
      36.22228884664409,
      36.157749187476334,
      36.02611747493635,
      35.92446971703604,
      35.72780471467147,
      35.687807590488674,
      35.64677352218711
    ],
    "singular_values_truncated": true
  },
  "poles": [
    {
      "i": 0,
      "z": [
        0.6923982631214958,
        -0.7182290208597113
      ],
      "q": [
        -9.713559227612143,
        -3291.986562961781
      ],
      "omega_qnm": [
        3291.986562961781,
        -9.713559227612143
      ],
      "freq_hz": 523.9359340874664,
      "damping_1_over_s": 9.713559227612143,
      "a": [
        -0.035112990998623805,
        0.08663424392585792
      ],
      "amp_abs": 0.09347948629231169
    },
    {
      "i": 1,
      "z": [
        0.5961988637375637,
        -0.6851676588327728
      ],
      "q": [
        -394.20651396763174,
        -3500.931702151855
      ],
      "omega_qnm": [
        3500.931702151855,
        -394.20651396763174
      ],
      "freq_hz": 557.1905858245908,
      "damping_1_over_s": 394.20651396763174,
      "a": [
        0.43904886256311465,
        0.15046168695598802
      ],
      "amp_abs": 0.4641148812089594
    }
  ]
}
