{
  "created_at": "2026-04-18T06:28:00+00:00",
  "script": "01_extract_ringdown_poles.py",
  "script_version": "01_extract_ringdown_poles.py/v1.3",
  "event": "GW190521_030229",
  "ifo": "H1",
  "fs_hz": 4096.0,
  "dt": 0.000244140625,
  "t0_rel": 0.22646474838256836,
  "duration_s": 0.05,
  "preprocess": {
    "detrend": "mean",
    "hp_hz": 30.0,
    "lp_hz": null
  },
  "window": {
    "t0_rel": 0.22646474838256836,
    "duration_s": 0.05,
    "i0": 64006,
    "i1": 64211,
    "n_samples": 205,
    "t_rel_start": 0.22646474838256836,
    "t_rel_end": 0.27626943588256836
  },
  "fit": {
    "method": "esprit_matrix_pencil",
    "L": 102,
    "rank_used": 2,
    "residual_rms": 0.9998143524980624,
    "relative_rms": 0.9806540490453712,
    "singular_values": [
      19.855349547357104,
      19.67933880619467,
      18.89404375107079,
      18.786567312086493,
      17.488455298168248,
      17.41521605542244,
      17.203104046174882,
      16.848376616260463,
      16.358844279031736,
      16.319001555124203,
      16.223204871880363,
      16.119339283494867,
      16.066713948744468,
      15.808063945837464,
      15.430874124430964,
      15.398762509425673,
      15.296304463807358,
      15.157145174977812,
      14.826192365815173,
      14.729306900641157,
      13.864115081834886,
      13.82402321390942,
      13.613187421926622,
      13.24875223604778,
      12.95202278436127,
      12.932546255553154,
      12.886362095488542,
      12.832712976948267,
      12.787097174666757,
      12.654621325184014,
      12.26605976326955,
      12.081972639896735,
      11.88842136419787,
      11.592957378665565,
      9.984936169425684,
      9.820588000048197,
      9.6464856296373,
      9.379846265418923,
      9.205506075891593,
      9.195620627123986,
      9.09274061359276,
      8.980178743031598,
      8.96958157252548,
      8.733146213724915,
      8.66464196810366,
      8.616501649299945,
      8.535564761954312,
      8.37887675952441,
      8.21958829408594,
      8.18710613714838,
      8.079966114638989,
      8.057250038679493,
      7.554335529224403,
      7.498348898346061,
      7.390099797831955,
      7.233774401295592,
      7.164818400374467,
      6.954947614413738,
      6.751222401512164,
      6.262466046578731,
      6.207463742985569,
      5.988453908013348,
      5.893696922384501,
      5.649435333958087
    ],
    "singular_values_truncated": true
  },
  "poles": [
    {
      "i": 0,
      "z": [
        0.40362461083849227,
        -0.8998196255330353
      ],
      "q": [
        -56.92319532912108,
        -4706.873938037124
      ],
      "omega_qnm": [
        4706.873938037124,
        -56.92319532912108
      ],
      "freq_hz": 749.1222537490238,
      "damping_1_over_s": 56.92319532912108,
      "a": [
        -0.23482325675263122,
        -0.0840901645181246
      ],
      "amp_abs": 0.24942557543403085
    },
    {
      "i": 1,
      "z": [
        0.9065858167173579,
        -0.37410480125892376
      ],
      "q": [
        -79.65579504651402,
        -1603.0343168433076
      ],
      "omega_qnm": [
        1603.0343168433076,
        -79.65579504651402
      ],
      "freq_hz": 255.13083547155193,
      "damping_1_over_s": 79.65579504651402,
      "a": [
        0.27435906161609075,
        -0.029384647767317085
      ],
      "amp_abs": 0.2759281649547055
    }
  ]
}
