i,omega_re,omega_im,freq_hz,damping_1_over_s,amp_abs,a_re,a_im,z_re,z_im,q_re,q_im
0,1.202343248888548032e+03,-7.368375244781334743e+01,1.913588713537814101e+02,7.368375244781334743e+01,1.960606189911952568e-01,1.427616324541358846e-02,-1.955401684621370650e-01,9.401596056687770986e-01,-2.841848885352343812e-01,-7.368375244781334743e+01,-1.202343248888548032e+03
