i,omega_re,omega_im,freq_hz,damping_1_over_s,amp_abs,a_re,a_im,z_re,z_im,q_re,q_im
0,6.253006573619518349e+03,-2.122670248895977899e-02,9.951969053776618921e+02,2.122670248895977899e-02,7.521716673920794682e-02,-6.266239118668447128e-02,4.160585178842921006e-02,4.416879068942596714e-02,-9.990188954078502714e-01,-2.122670248895977899e-02,-6.253006573619518349e+03
1,2.357581599375755559e+03,-2.435052097508005192e-02,3.752207652831479550e+02,2.435052097508005192e-02,2.132757085040194386e-02,1.574823169919591093e-02,-1.438257545529852965e-02,8.388709634131731319e-01,-5.443194070673206264e-01,-2.435052097508005192e-02,-2.357581599375755559e+03
2,4.710721217177837389e+03,-5.972974397639416178e-02,7.497345672417226297e+02,5.972974397639416178e-02,1.555110765438400162e-02,-1.208374265899266053e-02,-9.788774827805657441e-03,4.084099030427404964e-01,-9.127826612112328597e-01,-5.972974397639416178e-02,-4.710721217177837389e+03
3,5.525079009968244463e+03,-2.698120966286443045e-01,8.793436354097214007e+02,2.698120966286443045e-01,7.137988263892489083e-02,-3.559767373083821962e-02,6.186997066832568976e-02,2.200690183942883849e-01,-9.754167784250237228e-01,-2.698120966286443045e-01,-5.525079009968244463e+03
4,3.324930018613458287e+03,-3.473835059717529372e-01,5.291790478969594460e+02,3.473835059717529372e-01,4.731961458068058984e-02,4.540825534660267171e-02,-1.331301132133105858e-02,6.881711511442487605e-01,-7.254314993609511930e-01,-3.473835059717529372e-01,-3.324930018613458287e+03
5,9.856853970590440440e+03,-5.943617222661593535e-01,1.568767032754444244e+03,5.943617222661593535e-01,5.347695822732928539e-02,3.165129568647739866e-02,4.310429842387761279e-02,-7.416331530224733459e-01,-6.705893622491655437e-01,-5.943617222661593535e-01,-9.856853970590440440e+03
6,3.459232547753940707e+03,-7.523916258800358303e-01,5.505539592794106056e+02,7.523916258800358303e-01,5.723130874400830098e-02,-4.979038627681347390e-02,2.821949919750004615e-02,6.639539074437095234e-01,-7.475278573685102401e-01,-7.523916258800358303e-01,-3.459232547753940707e+03
7,7.782778997544130107e+03,-8.804283877076132248e-01,1.238667748450934369e+03,8.804283877076132248e-01,5.442493277542724550e-02,-3.472408785322691344e-02,-4.190836468261621012e-02,-3.233076234884637579e-01,-9.460667927334154292e-01,-8.804283877076132248e-01,-7.782778997544130107e+03
