{
  "created_at": "2026-04-15T11:51:07+00:00",
  "script": "01_extract_ringdown_poles.py",
  "script_version": "01_extract_ringdown_poles.py/v1.1",
  "event": "GW190521_030229",
  "ifo": "H1",
  "fs_hz": 4096.0,
  "dt": 0.000244140625,
  "t0_rel": 0.03310537338256836,
  "duration_s": 0.25,
  "preprocess": {
    "detrend": "mean",
    "hp_hz": null,
    "lp_hz": null
  },
  "window": {
    "t0_rel": 0.03310537338256836,
    "duration_s": 0.25,
    "i0": 63214,
    "i1": 64239,
    "n_samples": 1025,
    "t_rel_start": 0.03310537338256836,
    "t_rel_end": 0.28310537338256836
  },
  "fit": {
    "method": "esprit_matrix_pencil",
    "L": 512,
    "rank_used": 8,
    "residual_rms": 0.7319734048210842,
    "relative_rms": 0.713826688814469,
    "singular_values": [
      51.79617242756774,
      51.70635213520476,
      50.9126309802766,
      50.62927854265351,
      50.55348823631541,
      49.76885066881278,
      49.499797581637885,
      47.75728766919937,
      47.73465144504437,
      47.17282335474501,
      47.160696204352135,
      47.12762455884143,
      46.90353323694275,
      46.53712817655757,
      45.1141363580697,
      45.09278131176634,
      44.829519179500686,
      43.87524553938732,
      42.914374317925414,
      42.89331067085887,
      42.86529399616331,
      42.82902369636379,
      42.11939700527253,
      41.98929140339951,
      41.882548417805225,
      41.823198564745105,
      41.274425228742565,
      41.26606069388497,
      41.11909751613974,
      40.99891891268551,
      40.93487223465628,
      40.767409811275115,
      40.137334622300635,
      40.11460595838995,
      39.58844360967612,
      39.565374488573916,
      38.919850928079384,
      38.89419193522326,
      38.75505556497219,
      38.741321434527286,
      38.41790235689109,
      38.39141789753764,
      38.1745047568942,
      38.06268353967867,
      37.305470473013905,
      37.140567127296606,
      37.09883467279635,
      37.02680502941533,
      37.017856947810216,
      36.98901039427778,
      36.92055035270558,
      36.85853443711243,
      36.789087315836305,
      36.74850140372448,
      36.64954580150258,
      36.579927307824924,
      36.32203756702174,
      36.223626875160164,
      36.1607961379642,
      36.026127253487154,
      35.92524004913302,
      35.72796417639783,
      35.6889190822662,
      35.64948253235861
    ],
    "singular_values_truncated": true
  },
  "poles": [
    {
      "i": 0,
      "z": [
        0.9822978170211691,
        -0.18730828432958962
      ],
      "q": [
        -0.013527692833569967,
        -771.7758662924919
      ],
      "omega_qnm": [
        771.7758662924919,
        -0.013527692833569967
      ],
      "freq_hz": 122.83194407947977,
      "damping_1_over_s": 0.013527692833569967,
      "a": [
        0.0012013347937285812,
        0.011082281116028603
      ],
      "amp_abs": 0.011147204134728451
    },
    {
      "i": 1,
      "z": [
        0.5370223883982979,
        -0.8435581584293089
      ],
      "q": [
        -0.03397190434445621,
        -4111.924027970264
      ],
      "omega_qnm": [
        4111.924027970264,
        -0.03397190434445621
      ],
      "freq_hz": 654.4330346698046,
      "damping_1_over_s": 0.03397190434445621,
      "a": [
        0.041784996420760334,
        -0.02775681200130775
      ],
      "amp_abs": 0.050163996435281105
    },
    {
      "i": 2,
      "z": [
        -0.44063651360780287,
        -0.8976704246956106
      ],
      "q": [
        -0.055852798436867176,
        -8303.045144532874
      ],
      "omega_qnm": [
        8303.045144532874,
        -0.055852798436867176
      ],
      "freq_hz": 1321.4706774675676,
      "damping_1_over_s": 0.055852798436867176,
      "a": [
        -0.021430301411674152,
        0.021750149992843026
      ],
      "amp_abs": 0.030534027629947096
    },
    {
      "i": 3,
      "z": [
        -0.7530182851716845,
        -0.657939896123084
      ],
      "q": [
        -0.16088754640743447,
        -9926.567773797346
      ],
      "omega_qnm": [
        9926.567773797346,
        -0.16088754640743447
      ],
      "freq_hz": 1579.8623291365589,
      "damping_1_over_s": 0.16088754640743447,
      "a": [
        -0.011525059990595832,
        0.027692229296922388
      ],
      "amp_abs": 0.02999477573211974
    },
    {
      "i": 4,
      "z": [
        0.6845821614955006,
        -0.728879573937961
      ],
      "q": [
        -0.16759645489602626,
        -3345.3161295069276
      ],
      "omega_qnm": [
        3345.3161295069276,
        -0.16759645489602626
      ],
      "freq_hz": 532.4235982160747,
      "damping_1_over_s": 0.16759645489602626,
      "a": [
        -0.07911350906381721,
        -0.03613566325538142
      ],
      "amp_abs": 0.0869754762866925
    },
    {
      "i": 5,
      "z": [
        0.5517541204462475,
        -0.8339403459412756
      ],
      "q": [
        -0.2271152756365836,
        -4039.8586661420045
      ],
      "omega_qnm": [
        4039.8586661420045,
        -0.2271152756365836
      ],
      "freq_hz": 642.963476109131,
      "damping_1_over_s": 0.2271152756365836,
      "a": [
        -0.05083097554005067,
        -0.014250889636470976
      ],
      "amp_abs": 0.0527908697577915
    },
    {
      "i": 6,
      "z": [
        0.07791604228452986,
        -0.9968824705912193
      ],
      "q": [
        -0.3162974376564182,
        -6114.489123379891
      ],
      "omega_qnm": [
        6114.489123379891,
        -0.3162974376564182
      ],
      "freq_hz": 973.1511684675396,
      "damping_1_over_s": 0.3162974376564182,
      "a": [
        0.05661012870631818,
        0.0092336337440736
      ],
      "amp_abs": 0.05735823100711532
    },
    {
      "i": 7,
      "z": [
        0.9976892212022654,
        -0.06662708620840994
      ],
      "q": [
        -0.3626290283892251,
        -273.1310768696962
      ],
      "omega_qnm": [
        273.1310768696962,
        -0.3626290283892251
      ],
      "freq_hz": 43.470160995824585,
      "damping_1_over_s": 0.3626290283892251,
      "a": [
        -0.023828023956213973,
        0.03828299734274543
      ],
      "amp_abs": 0.04509282216941584
    }
  ]
}
