{
  "created_at": "2026-04-18T06:28:00+00:00",
  "script": "01_extract_ringdown_poles.py",
  "script_version": "01_extract_ringdown_poles.py/v1.3",
  "event": "GW190521_030229",
  "ifo": "L1",
  "fs_hz": 4096.0,
  "dt": 0.000244140625,
  "t0_rel": 0.22646474838256836,
  "duration_s": 0.05,
  "preprocess": {
    "detrend": "mean",
    "hp_hz": 30.0,
    "lp_hz": null
  },
  "window": {
    "t0_rel": 0.22646474838256836,
    "duration_s": 0.05,
    "i0": 64006,
    "i1": 64211,
    "n_samples": 205,
    "t_rel_start": 0.22646474838256836,
    "t_rel_end": 0.27626943588256836
  },
  "fit": {
    "method": "esprit_matrix_pencil",
    "L": 102,
    "rank_used": 1,
    "residual_rms": 0.9843935825052657,
    "relative_rms": 0.9933455367776924,
    "singular_values": [
      20.97846730751029,
      20.603138597016063,
      19.626661197589094,
      19.023469750678377,
      18.977479320352256,
      18.678989547020866,
      17.984096990045135,
      17.389265783367623,
      16.842658165506627,
      16.379190376333714,
      16.16165652243542,
      15.873460830741621,
      15.656692065579145,
      15.512640607941282,
      14.961780810180333,
      14.857319954069773,
      14.754689227314433,
      14.208050737574721,
      13.973170130688835,
      13.618489814441725,
      13.332506334891622,
      13.19064874868205,
      12.82899621085932,
      12.826287180220687,
      12.626016765674617,
      12.52589298890448,
      12.4005216701218,
      11.904363982979698,
      11.490463630921212,
      11.261389569647454,
      11.216822266474637,
      11.066124152689039,
      11.053055911351727,
      10.739163035404909,
      10.67278814788208,
      10.627574556048064,
      10.37116715682429,
      10.348230443388651,
      9.795888991147391,
      9.537499746393927,
      9.421492799546192,
      9.324950003345181,
      9.23586240803074,
      9.139768117891855,
      9.079641169873897,
      8.778221047073135,
      8.494193071645796,
      8.261705376838606,
      8.153164876150175,
      8.086991048762446,
      7.617505047279101,
      7.458905652020887,
      7.263882865522828,
      7.010390417058917,
      6.816677716068555,
      6.743054065789704,
      6.659787659465771,
      6.465307643217689,
      6.361756458442749,
      6.282691089336564,
      6.118683776571762,
      6.071775705418507,
      5.855076405958035,
      5.819217681953374
    ],
    "singular_values_truncated": true
  },
  "poles": [
    {
      "i": 0,
      "z": [
        0.9401596056687771,
        -0.2841848885352344
      ],
      "q": [
        -73.68375244781335,
        -1202.343248888548
      ],
      "omega_qnm": [
        1202.343248888548,
        -73.68375244781335
      ],
      "freq_hz": 191.3588713537814,
      "damping_1_over_s": 73.68375244781335,
      "a": [
        0.014276163245413588,
        -0.19554016846213707
      ],
      "amp_abs": 0.19606061899119526
    }
  ]
}
