i,omega_re,omega_im,freq_hz,damping_1_over_s,amp_abs,a_re,a_im,z_re,z_im,q_re,q_im
0,3.291986562961781146e+03,-9.713559227612142521e+00,5.239359340874664213e+02,9.713559227612142521e+00,9.347948629231168927e-02,-3.511299099862380535e-02,8.663424392585791778e-02,6.923982631214957717e-01,-7.182290208597112979e-01,-9.713559227612142521e+00,-3.291986562961781146e+03
1,3.500931702151855006e+03,-3.942065139676317358e+02,5.571905858245908121e+02,3.942065139676317358e+02,4.641148812089593845e-01,4.390488625631146502e-01,1.504616869559880221e-01,5.961988637375637001e-01,-6.851676588327727524e-01,-3.942065139676317358e+02,-3.500931702151855006e+03
