{
  "created_at": "2026-04-17T10:21:46+00:00",
  "script": "01_extract_ringdown_poles.py",
  "script_version": "01_extract_ringdown_poles.py/v1.2",
  "event": "GW190521_030229",
  "ifo": "H1+L1",
  "fs_hz": 4096.0,
  "dt": 0.000244140625,
  "t0_rel": 0.03560537338256836,
  "duration_s": 0.05,
  "preprocess": {
    "detrend": "mean",
    "hp_hz": 30.0,
    "lp_hz": null
  },
  "window": {
    "t0_rel": 0.03560537338256836,
    "duration_s": 0.05,
    "i0": 63225,
    "i1": 63430,
    "n_samples": 205,
    "t_rel_start": 0.03579092025756836,
    "t_rel_end": 0.08559560775756836
  },
  "fit": {
    "method": "esprit_matrix_pencil",
    "L": 102,
    "rank_used": 4,
    "residual_rms": NaN,
    "relative_rms": NaN,
    "singular_values": [],
    "singular_values_truncated": false
  },
  "poles": [
    {
      "i": 0,
      "z": [
        0.9881313480153346,
        -0.10648822298764056
      ],
      "q": [
        -25.25681706808405,
        -439.71773709978663
      ],
      "omega_qnm": [
        439.71773709978663,
        -25.25681706808405
      ],
      "freq_hz": 69.98325142461354,
      "damping_1_over_s": 25.25681706808405,
      "a": [
        0.47182767520612995,
        0.07133206601626652
      ],
      "amp_abs": 0.4771892902534279
    },
    {
      "i": 1,
      "z": [
        0.9887087530333423,
        -0.09422089648789995
      ],
      "q": [
        -27.99706208673087,
        -389.16095819828746
      ],
      "omega_qnm": [
        389.16095819828746,
        -27.99706208673087
      ],
      "freq_hz": 61.9368901556359,
      "damping_1_over_s": 27.99706208673087,
      "a": [
        -0.11809061743533994,
        0.8149011835845367
      ],
      "amp_abs": 0.8234132212526943
    },
    {
      "i": 2,
      "z": [
        -0.189370350584806,
        -0.9421983322484504
      ],
      "q": [
        -162.76986176067794,
        -7246.403558978613
      ],
      "omega_qnm": [
        7246.403558978613,
        -162.76986176067794
      ],
      "freq_hz": 1153.300946050149,
      "damping_1_over_s": 162.76986176067794,
      "a": [
        0.5405672394490875,
        0.01231933072036024
      ],
      "amp_abs": 0.5407075977596437
    },
    {
      "i": 3,
      "z": [
        0.902449937567636,
        -0.23092888511212561
      ],
      "q": [
        -290.52619333176295,
        -1026.1113788413247
      ],
      "omega_qnm": [
        1026.1113788413247,
        -290.52619333176295
      ],
      "freq_hz": 163.3106981054373,
      "damping_1_over_s": 290.52619333176295,
      "a": [
        0.4688358241931132,
        -0.13817950005675958
      ],
      "amp_abs": 0.48877459455537553
    }
  ]
}
