{
  "created_at": "2026-04-17T10:21:46+00:00",
  "script": "01_extract_ringdown_poles.py",
  "script_version": "01_extract_ringdown_poles.py/v1.2",
  "event": "GW190521_030229",
  "ifo": "L1",
  "fs_hz": 4096.0,
  "dt": 0.000244140625,
  "t0_rel": 0.03560537338256836,
  "duration_s": 0.05,
  "preprocess": {
    "detrend": "mean",
    "hp_hz": 30.0,
    "lp_hz": null
  },
  "window": {
    "t0_rel": 0.03560537338256836,
    "duration_s": 0.05,
    "i0": 63225,
    "i1": 63430,
    "n_samples": 205,
    "t_rel_start": 0.03579092025756836,
    "t_rel_end": 0.08559560775756836
  },
  "fit": {
    "method": "esprit_matrix_pencil",
    "L": 102,
    "rank_used": 2,
    "residual_rms": 0.9758672454747735,
    "relative_rms": 0.8288656021861135,
    "singular_values": [
      51.510149996828694,
      45.66601017311043,
      19.836670345823638,
      19.34202699493386,
      19.24809187025691,
      19.06623204087901,
      18.363739317858915,
      18.285125857531185,
      17.974780275373902,
      17.892306518606077,
      17.398601301602014,
      17.182689919642346,
      16.30387451814454,
      16.245077711973853,
      15.507169668733509,
      15.341184697178932,
      15.16812800361638,
      14.535797514534678,
      14.103176656027898,
      13.955003660845673,
      13.814226830234842,
      13.7911022993394,
      12.790229176073538,
      12.741590963507635,
      12.504220676247177,
      12.164942816020426,
      11.996292224710546,
      11.877560961477425,
      11.571083057489217,
      11.421301333592613,
      11.21161277372881,
      11.160000434570591,
      11.037245191825585,
      11.0213974059094,
      10.878166458965168,
      10.635151695477647,
      10.510167224828553,
      10.353623499682993,
      9.896090333124128,
      9.853336642252838,
      9.460063764875883,
      9.372756333141457,
      9.328831124448374,
      9.262795051902177,
      9.071484291284161,
      9.009591101606471,
      8.75756314881654,
      8.729108332108456,
      8.376064198221183,
      8.291407855261792,
      8.250112287378485,
      8.204508788210765,
      8.062263666351312,
      7.900208519863652,
      7.7683476538751846,
      7.746372860687806,
      7.7084133831778745,
      7.406712250825942,
      7.3000964633975824,
      7.187161006247627,
      6.7573878590859175,
      6.516856150132695,
      6.237410356984999,
      6.176659517201597
    ],
    "singular_values_truncated": true
  },
  "poles": [
    {
      "i": 0,
      "z": [
        0.9887087530333423,
        -0.09422089648789995
      ],
      "q": [
        -27.99706208673087,
        -389.16095819828746
      ],
      "omega_qnm": [
        389.16095819828746,
        -27.99706208673087
      ],
      "freq_hz": 61.9368901556359,
      "damping_1_over_s": 27.99706208673087,
      "a": [
        -0.11809061743533994,
        0.8149011835845367
      ],
      "amp_abs": 0.8234132212526943
    },
    {
      "i": 1,
      "z": [
        0.902449937567636,
        -0.23092888511212561
      ],
      "q": [
        -290.52619333176295,
        -1026.1113788413247
      ],
      "omega_qnm": [
        1026.1113788413247,
        -290.52619333176295
      ],
      "freq_hz": 163.3106981054373,
      "damping_1_over_s": 290.52619333176295,
      "a": [
        0.4688358241931132,
        -0.13817950005675958
      ],
      "amp_abs": 0.48877459455537553
    }
  ]
}
