{
  "created_at": "2026-04-17T10:21:46+00:00",
  "script": "01_extract_ringdown_poles.py",
  "script_version": "01_extract_ringdown_poles.py/v1.2",
  "event": "GW190521_030229",
  "ifo": "H1",
  "fs_hz": 4096.0,
  "dt": 0.000244140625,
  "t0_rel": 0.03560537338256836,
  "duration_s": 0.05,
  "preprocess": {
    "detrend": "mean",
    "hp_hz": 30.0,
    "lp_hz": null
  },
  "window": {
    "t0_rel": 0.03560537338256836,
    "duration_s": 0.05,
    "i0": 63225,
    "i1": 63430,
    "n_samples": 205,
    "t_rel_start": 0.03579092025756836,
    "t_rel_end": 0.08559560775756836
  },
  "fit": {
    "method": "esprit_matrix_pencil",
    "L": 102,
    "rank_used": 2,
    "residual_rms": 1.0099460781003504,
    "relative_rms": 0.9087572437516246,
    "singular_values": [
      33.881770693406985,
      31.94899517966127,
      20.86718871346591,
      20.684789916152518,
      20.088519366432493,
      20.010651300752986,
      19.901101585151405,
      19.6912807076111,
      18.73662862817616,
      17.58926907815799,
      16.704673043679502,
      16.599303819221063,
      16.42180535270675,
      16.189070499118603,
      15.875633356767793,
      15.818438972708556,
      14.434919718549622,
      14.309151995644465,
      14.270366189436277,
      13.926920048648414,
      13.232072498617791,
      12.880409371314839,
      12.742516816218803,
      12.633416332285579,
      12.591003741067572,
      12.55722314543306,
      12.201960251915395,
      12.139052618951737,
      12.06308892517862,
      11.774582156916065,
      11.752266458049844,
      11.71017891859176,
      11.509910233647798,
      10.996991142684749,
      10.941703459580253,
      10.875291937625029,
      10.580412232832915,
      10.35554332677441,
      10.286042562482722,
      10.207192593498608,
      10.035300059348616,
      9.85608160358462,
      9.35036176875616,
      9.308012946155939,
      9.162436479032053,
      8.948418092168222,
      8.90302023316008,
      8.770964461586754,
      8.626446485436226,
      8.578684030796392,
      8.330136958613929,
      8.171001626151194,
      8.0515055273043,
      7.986185988220537,
      7.801114745719929,
      7.7865022977909115,
      7.4681189334948614,
      7.378227506525773,
      7.20851870005573,
      7.0143718610915915,
      6.976365570641133,
      6.66231578096961,
      6.277302042855346,
      6.257445754950669
    ],
    "singular_values_truncated": true
  },
  "poles": [
    {
      "i": 0,
      "z": [
        0.9881313480153346,
        -0.10648822298764056
      ],
      "q": [
        -25.25681706808405,
        -439.71773709978663
      ],
      "omega_qnm": [
        439.71773709978663,
        -25.25681706808405
      ],
      "freq_hz": 69.98325142461354,
      "damping_1_over_s": 25.25681706808405,
      "a": [
        0.47182767520612995,
        0.07133206601626652
      ],
      "amp_abs": 0.4771892902534279
    },
    {
      "i": 1,
      "z": [
        -0.189370350584806,
        -0.9421983322484504
      ],
      "q": [
        -162.76986176067794,
        -7246.403558978613
      ],
      "omega_qnm": [
        7246.403558978613,
        -162.76986176067794
      ],
      "freq_hz": 1153.300946050149,
      "damping_1_over_s": 162.76986176067794,
      "a": [
        0.5405672394490875,
        0.01231933072036024
      ],
      "amp_abs": 0.5407075977596437
    }
  ]
}
