{
  "created_at": "2026-04-17T08:55:09+00:00",
  "script": "01_extract_ringdown_poles.py",
  "script_version": "01_extract_ringdown_poles.py/v1.2",
  "event": "GW170814",
  "ifo": "H1+L1",
  "fs_hz": 4096.0,
  "dt": 0.000244140625,
  "t0_rel": -0.454763671875,
  "duration_s": 0.05,
  "preprocess": {
    "detrend": "mean",
    "hp_hz": 30.0,
    "lp_hz": null
  },
  "window": {
    "t0_rel": -0.454763671875,
    "duration_s": 0.05,
    "i0": 63674,
    "i1": 63879,
    "n_samples": 205,
    "t_rel_start": -0.45458984375,
    "t_rel_end": -0.40478515625
  },
  "fit": {
    "method": "esprit_matrix_pencil",
    "L": 102,
    "rank_used": 3,
    "residual_rms": NaN,
    "relative_rms": NaN,
    "singular_values": [],
    "singular_values_truncated": false
  },
  "poles": [
    {
      "i": 0,
      "z": [
        -0.28235489002817515,
        -0.9567769355803436
      ],
      "q": [
        -9.964397862658446,
        -7609.390277407122
      ],
      "omega_qnm": [
        7609.390277407122,
        -9.964397862658446
      ],
      "freq_hz": 1211.0720765647523,
      "damping_1_over_s": 9.964397862658446,
      "a": [
        0.03496433446176734,
        0.1489763850523255
      ],
      "amp_abs": 0.15302440324214006
    },
    {
      "i": 1,
      "z": [
        -0.7398895773629304,
        -0.6618908750911526
      ],
      "q": [
        -29.838345086212062,
        -9878.649925006484
      ],
      "omega_qnm": [
        9878.649925006484,
        -29.838345086212062
      ],
      "freq_hz": 1572.2359666391633,
      "damping_1_over_s": 29.838345086212062,
      "a": [
        0.15502243681048147,
        0.1819892012375092
      ],
      "amp_abs": 0.23906489763603175
    },
    {
      "i": 2,
      "z": [
        0.5850134153413378,
        -0.7998425022968936
      ],
      "q": [
        -37.223327254342784,
        -3847.368148749396
      ],
      "omega_qnm": [
        3847.368148749396,
        -37.223327254342784
      ],
      "freq_hz": 612.3276587677808,
      "damping_1_over_s": 37.223327254342784,
      "a": [
        -0.3358684190883799,
        0.0639141120917949
      ],
      "amp_abs": 0.34189561077236735
    }
  ]
}
