{
  "created_at": "2026-04-17T08:55:09+00:00",
  "script": "01_extract_ringdown_poles.py",
  "script_version": "01_extract_ringdown_poles.py/v1.2",
  "event": "GW170814",
  "ifo": "L1",
  "fs_hz": 4096.0,
  "dt": 0.000244140625,
  "t0_rel": -0.454763671875,
  "duration_s": 0.05,
  "preprocess": {
    "detrend": "mean",
    "hp_hz": 30.0,
    "lp_hz": null
  },
  "window": {
    "t0_rel": -0.454763671875,
    "duration_s": 0.05,
    "i0": 63674,
    "i1": 63879,
    "n_samples": 205,
    "t_rel_start": -0.45458984375,
    "t_rel_end": -0.40478515625
  },
  "fit": {
    "method": "esprit_matrix_pencil",
    "L": 102,
    "rank_used": 1,
    "residual_rms": 0.8792372528713999,
    "relative_rms": 0.9514509793941933,
    "singular_values": [
      23.354109969601826,
      23.26376064234283,
      21.14464907147286,
      21.060900997135942,
      17.450042345569642,
      17.262641754510927,
      16.997335529360367,
      16.94994303940983,
      15.376781285897767,
      15.247819782603377,
      14.355190207194262,
      14.11623842966318,
      13.863113587134556,
      13.701794435087553,
      13.597246512675005,
      13.383005352107885,
      12.870421843906211,
      12.81033678864648,
      12.66642289462939,
      12.393435377006007,
      11.729784602463235,
      11.499868427957566,
      11.429340704841485,
      10.870351438115076,
      10.58555403443681,
      10.418003305313661,
      10.397585462770401,
      10.315194244202758,
      9.998071831832926,
      9.888723659110338,
      9.615314653102672,
      9.302548794620765,
      9.257518061030538,
      9.207712441661492,
      9.162448351674454,
      9.009502002489834,
      8.992862957503576,
      8.884953004106416,
      8.690950084408769,
      8.659504384695776,
      8.536154311595304,
      8.511864389112795,
      8.486873719846262,
      8.220523445814395,
      7.696747482546798,
      7.6401499748997725,
      7.4860607604012,
      7.342725144101554,
      6.954616638035965,
      6.836223546730217,
      6.789863779175039,
      6.717719529447792,
      6.600461804279186,
      6.523440736401463,
      6.4103902945703135,
      6.159938086773104,
      6.042412960978973,
      5.979263364494121,
      5.794848300480179,
      5.618913860046442,
      5.537686935134777,
      5.514161618269563,
      5.388462354201911,
      5.246902517561615
    ],
    "singular_values_truncated": true
  },
  "poles": [
    {
      "i": 0,
      "z": [
        -0.28235489002817515,
        -0.9567769355803436
      ],
      "q": [
        -9.964397862658446,
        -7609.390277407122
      ],
      "omega_qnm": [
        7609.390277407122,
        -9.964397862658446
      ],
      "freq_hz": 1211.0720765647523,
      "damping_1_over_s": 9.964397862658446,
      "a": [
        0.03496433446176734,
        0.1489763850523255
      ],
      "amp_abs": 0.15302440324214006
    }
  ]
}
