{
  "created_at": "2026-04-18T05:52:22+00:00",
  "script": "01_extract_ringdown_poles.py",
  "script_version": "01_extract_ringdown_poles.py/v1.2",
  "event": "GW150914",
  "ifo": "L1",
  "fs_hz": 4096.0,
  "dt": 0.000244140625,
  "t0_rel": 0.02121279525756836,
  "duration_s": 0.05,
  "preprocess": {
    "detrend": "mean",
    "hp_hz": 30.0,
    "lp_hz": null
  },
  "window": {
    "t0_rel": 0.02121279525756836,
    "duration_s": 0.05,
    "i0": 65624,
    "i1": 65829,
    "n_samples": 205,
    "t_rel_start": 0.02138662338256836,
    "t_rel_end": 0.07119131088256836
  },
  "fit": {
    "method": "esprit_matrix_pencil",
    "L": 102,
    "rank_used": 1,
    "residual_rms": 0.980380301388613,
    "relative_rms": 0.9893030235288083,
    "singular_values": [
      19.431228655303585,
      18.204022603260107,
      18.02356591459669,
      17.548976020127082,
      17.420868991542783,
      16.470455631256446,
      16.350160942148676,
      16.265898065528365,
      15.461404471491194,
      15.404613563393083,
      15.150917762225841,
      14.971975406658077,
      14.456474986108324,
      14.091184027030518,
      13.701569942887954,
      13.560871132442648,
      13.232186776733023,
      12.968216837941569,
      12.807982747228195,
      12.675487535704862,
      12.375468848944159,
      12.370113721732551,
      12.23124732905111,
      12.117822784045591,
      11.997177987070724,
      11.913610663729465,
      11.774846439639013,
      11.383325282955706,
      11.234494657580843,
      11.007528297885846,
      10.969289781158297,
      10.846655173131774,
      10.673067750175434,
      10.655201797036499,
      10.450213847402694,
      10.146465655177547,
      10.060878595204963,
      9.952271184856707,
      9.80722006446507,
      9.74334037578209,
      9.191820266220093,
      9.042237966992527,
      8.92075844641746,
      8.888084501002675,
      8.653990323660098,
      8.447427226576707,
      8.281965060815548,
      8.077962600020394,
      8.0605919017671,
      7.887179422341346,
      7.5267653013898945,
      7.260269842603156,
      7.01514757801998,
      6.976601248383976,
      6.900636718435728,
      6.792030665193136,
      6.7681509412946665,
      6.1854296733263086,
      5.914947418510557,
      5.459955280452698,
      5.336038428076135,
      5.176187644369026,
      4.98532020390967,
      4.864217322117372
    ],
    "singular_values_truncated": true
  },
  "poles": [
    {
      "i": 0,
      "z": [
        -0.6836750422895741,
        -0.3395905785354406
      ],
      "q": [
        -1105.972462995799,
        -10979.646470997362
      ],
      "omega_qnm": [
        10979.646470997362,
        -1105.972462995799
      ],
      "freq_hz": 1747.4650092607149,
      "damping_1_over_s": 1105.972462995799,
      "a": [
        -0.43253525680855254,
        -0.6578531203849695
      ],
      "amp_abs": 0.7873102796119721
    }
  ]
}
