{
  "created_at": "2026-04-18T05:52:22+00:00",
  "script": "01_extract_ringdown_poles.py",
  "script_version": "01_extract_ringdown_poles.py/v1.2",
  "event": "GW150914",
  "ifo": "H1",
  "fs_hz": 4096.0,
  "dt": 0.000244140625,
  "t0_rel": 0.02121279525756836,
  "duration_s": 0.05,
  "preprocess": {
    "detrend": "mean",
    "hp_hz": 30.0,
    "lp_hz": null
  },
  "window": {
    "t0_rel": 0.02121279525756836,
    "duration_s": 0.05,
    "i0": 65624,
    "i1": 65829,
    "n_samples": 205,
    "t_rel_start": 0.02138662338256836,
    "t_rel_end": 0.07119131088256836
  },
  "fit": {
    "method": "esprit_matrix_pencil",
    "L": 102,
    "rank_used": 2,
    "residual_rms": 1.0997004944828905,
    "relative_rms": 0.8413324315451808,
    "singular_values": [
      37.144927876090186,
      34.77739029275397,
      25.26929291800447,
      25.060331935287234,
      19.87230990147868,
      19.763743513348057,
      19.627224470992296,
      17.983669777180477,
      17.809025023979967,
      17.373082876859012,
      17.163163314792463,
      17.112400374555364,
      16.602861599814563,
      16.41179743422834,
      16.11731758844451,
      16.051159127573726,
      15.388560109488221,
      15.169001013469211,
      15.11630166522562,
      14.778078324830329,
      14.717930348200289,
      14.397083203087838,
      14.35859615332085,
      14.167779502507248,
      13.451096966717072,
      13.262298382266366,
      12.764768972221244,
      12.608424993490027,
      12.465401897349162,
      11.831991417103318,
      11.65826234102148,
      11.577071604886228,
      11.497551813880156,
      11.164468388096399,
      10.777656889361582,
      10.313648491411596,
      9.800434951131386,
      9.778445152457337,
      9.663697817449826,
      9.614706279774257,
      9.53858694851099,
      9.343614406673275,
      9.074905912591175,
      8.963666391365393,
      8.847877129141441,
      8.8269679368141,
      8.554939970902975,
      8.309319445478074,
      8.184343777795913,
      8.034993674815992,
      8.022223835470816,
      7.828444909926707,
      7.658063389805571,
      7.474218822005403,
      7.326291345095337,
      7.199392977129857,
      7.140542765066615,
      7.121778496689576,
      6.643043551121487,
      6.276268550711717,
      6.055180001502423,
      5.902630765225545,
      5.80647422935199,
      5.55000404978362
    ],
    "singular_values_truncated": true
  },
  "poles": [
    {
      "i": 0,
      "z": [
        0.3110900834599357,
        -0.9391586121256702
      ],
      "q": [
        -43.89293389511899,
        -5123.800671227121
      ],
      "omega_qnm": [
        5123.800671227121,
        -43.89293389511899
      ],
      "freq_hz": 815.4782042433676,
      "damping_1_over_s": 43.89293389511899,
      "a": [
        0.27067437549320195,
        0.2251637447937722
      ],
      "amp_abs": 0.35208426479777516
    },
    {
      "i": 1,
      "z": [
        0.9251913755312712,
        -0.30107486381610016
      ],
      "q": [
        -112.3370758766574,
        -1288.6459796919276
      ],
      "omega_qnm": [
        1288.6459796919276,
        -112.3370758766574
      ],
      "freq_hz": 205.09437756346844,
      "damping_1_over_s": 112.3370758766574,
      "a": [
        -1.044965565483286,
        1.2859717244393212
      ],
      "amp_abs": 1.657008240505534
    }
  ]
}
