{
  "created_at": "2026-04-18T05:52:22+00:00",
  "script": "01_extract_ringdown_poles.py",
  "script_version": "01_extract_ringdown_poles.py/v1.2",
  "event": "GW150914",
  "ifo": "H1+L1",
  "fs_hz": 4096.0,
  "dt": 0.000244140625,
  "t0_rel": 0.02121279525756836,
  "duration_s": 0.05,
  "preprocess": {
    "detrend": "mean",
    "hp_hz": 30.0,
    "lp_hz": null
  },
  "window": {
    "t0_rel": 0.02121279525756836,
    "duration_s": 0.05,
    "i0": 65624,
    "i1": 65829,
    "n_samples": 205,
    "t_rel_start": 0.02138662338256836,
    "t_rel_end": 0.07119131088256836
  },
  "fit": {
    "method": "esprit_matrix_pencil",
    "L": 102,
    "rank_used": 3,
    "residual_rms": NaN,
    "relative_rms": NaN,
    "singular_values": [],
    "singular_values_truncated": false
  },
  "poles": [
    {
      "i": 0,
      "z": [
        0.3110900834599357,
        -0.9391586121256702
      ],
      "q": [
        -43.89293389511899,
        -5123.800671227121
      ],
      "omega_qnm": [
        5123.800671227121,
        -43.89293389511899
      ],
      "freq_hz": 815.4782042433676,
      "damping_1_over_s": 43.89293389511899,
      "a": [
        0.27067437549320195,
        0.2251637447937722
      ],
      "amp_abs": 0.35208426479777516
    },
    {
      "i": 1,
      "z": [
        0.9251913755312712,
        -0.30107486381610016
      ],
      "q": [
        -112.3370758766574,
        -1288.6459796919276
      ],
      "omega_qnm": [
        1288.6459796919276,
        -112.3370758766574
      ],
      "freq_hz": 205.09437756346844,
      "damping_1_over_s": 112.3370758766574,
      "a": [
        -1.044965565483286,
        1.2859717244393212
      ],
      "amp_abs": 1.657008240505534
    },
    {
      "i": 2,
      "z": [
        -0.6836750422895741,
        -0.3395905785354406
      ],
      "q": [
        -1105.972462995799,
        -10979.646470997362
      ],
      "omega_qnm": [
        10979.646470997362,
        -1105.972462995799
      ],
      "freq_hz": 1747.4650092607149,
      "damping_1_over_s": 1105.972462995799,
      "a": [
        -0.43253525680855254,
        -0.6578531203849695
      ],
      "amp_abs": 0.7873102796119721
    }
  ]
}
