{
  "created_at": "2026-04-17T08:06:54+00:00",
  "script": "01_extract_ringdown_poles.py",
  "script_version": "01_extract_ringdown_poles.py/v1.2",
  "event": "GW190521_030229",
  "ifo": "L1",
  "fs_hz": 4096.0,
  "dt": 0.000244140625,
  "t0_rel": 0.03610537338256836,
  "duration_s": 0.25,
  "preprocess": {
    "detrend": "mean",
    "hp_hz": 30.0,
    "lp_hz": null
  },
  "window": {
    "t0_rel": 0.03610537338256836,
    "duration_s": 0.25,
    "i0": 63227,
    "i1": 64251,
    "n_samples": 1024,
    "t_rel_start": 0.03627920150756836,
    "t_rel_end": 0.28603506088256836
  },
  "fit": {
    "method": "esprit_matrix_pencil",
    "L": 512,
    "rank_used": 1,
    "residual_rms": 0.9827708364670864,
    "relative_rms": 0.9591920225576961,
    "singular_values": [
      69.33402062826698,
      62.92247797642481,
      61.10732395550201,
      60.962435459557,
      54.249494963769116,
      54.21314302604843,
      51.654097122415195,
      51.61471918082232,
      49.4520291903641,
      49.447090998670355,
      46.505948316098646,
      46.47801471311015,
      45.730226845542695,
      45.663209738016654,
      45.347908107897304,
      45.205546618647155,
      43.287616151000876,
      43.232650570494506,
      42.93587761380954,
      42.773792972371695,
      42.55769928076481,
      42.49156253325543,
      41.03943305654713,
      40.924730971296746,
      40.762914573836774,
      40.6848190340232,
      40.383947163762016,
      40.29776803911437,
      40.211784625659135,
      39.922055997144035,
      39.92070990141754,
      39.7331140883886,
      39.51563453676477,
      39.27730776264963,
      38.94715272755104,
      38.81653852590702,
      38.816086332339,
      38.72302406402668,
      38.24475249623366,
      38.18874226646947,
      38.08836741814992,
      38.080206123354,
      37.436572080984135,
      37.3609763867276,
      37.28847802882037,
      37.272630085266115,
      37.155308237100755,
      36.9438558240014,
      36.73409102039974,
      36.61894305778932,
      36.36890004537614,
      36.36427365945537,
      35.964425685439124,
      35.900337149681505,
      34.9947640593588,
      34.934559776645415,
      34.65132413252162,
      34.625664876136796,
      34.50815247460853,
      34.41256767953193,
      34.24383656618408,
      34.16888082904756,
      34.099819179579335,
      34.087197307741214
    ],
    "singular_values_truncated": true
  },
  "poles": [
    {
      "i": 0,
      "z": [
        0.9881386259816265,
        -0.09773366377639232
      ],
      "q": [
        -28.937298477229163,
        -403.80905025330406
      ],
      "omega_qnm": [
        403.80905025330406,
        -28.937298477229163
      ],
      "freq_hz": 64.26820641305692,
      "damping_1_over_s": 28.937298477229163,
      "a": [
        -0.12927329460438142,
        0.779465386533351
      ],
      "amp_abs": 0.7901125701452024
    }
  ]
}
