{
  "created_at": "2026-04-17T08:06:54+00:00",
  "script": "01_extract_ringdown_poles.py",
  "script_version": "01_extract_ringdown_poles.py/v1.2",
  "event": "GW190521_030229",
  "ifo": "H1+L1",
  "fs_hz": 4096.0,
  "dt": 0.000244140625,
  "t0_rel": 0.03610537338256836,
  "duration_s": 0.25,
  "preprocess": {
    "detrend": "mean",
    "hp_hz": 30.0,
    "lp_hz": null
  },
  "window": {
    "t0_rel": 0.03610537338256836,
    "duration_s": 0.25,
    "i0": 63227,
    "i1": 64251,
    "n_samples": 1024,
    "t_rel_start": 0.03627920150756836,
    "t_rel_end": 0.28603506088256836
  },
  "fit": {
    "method": "esprit_matrix_pencil",
    "L": 512,
    "rank_used": 3,
    "residual_rms": NaN,
    "relative_rms": NaN,
    "singular_values": [],
    "singular_values_truncated": false
  },
  "poles": [
    {
      "i": 0,
      "z": [
        0.6927899961557001,
        -0.7166883259255824
      ],
      "q": [
        -13.149043998844487,
        -3286.4337188954582
      ],
      "omega_qnm": [
        3286.4337188954582,
        -13.149043998844487
      ],
      "freq_hz": 523.0521715060926,
      "damping_1_over_s": 13.149043998844487,
      "a": [
        -0.09506358305569065,
        -0.020892739513570277
      ],
      "amp_abs": 0.09733237584569739
    },
    {
      "i": 1,
      "z": [
        0.524826538318308,
        -0.8439847589038
      ],
      "q": [
        -25.23636083537598,
        -4155.269070274497
      ],
      "omega_qnm": [
        4155.269070274497,
        -25.23636083537598
      ],
      "freq_hz": 661.3316124110504,
      "damping_1_over_s": 25.23636083537598,
      "a": [
        -0.08164940241354346,
        -0.011337343275732888
      ],
      "amp_abs": 0.08243276209760633
    },
    {
      "i": 2,
      "z": [
        0.9881386259816265,
        -0.09773366377639232
      ],
      "q": [
        -28.937298477229163,
        -403.80905025330406
      ],
      "omega_qnm": [
        403.80905025330406,
        -28.937298477229163
      ],
      "freq_hz": 64.26820641305692,
      "damping_1_over_s": 28.937298477229163,
      "a": [
        -0.12927329460438142,
        0.779465386533351
      ],
      "amp_abs": 0.7901125701452024
    }
  ]
}
