{
  "created_at": "2026-04-17T08:06:54+00:00",
  "script": "01_extract_ringdown_poles.py",
  "script_version": "01_extract_ringdown_poles.py/v1.2",
  "event": "GW190521_030229",
  "ifo": "H1",
  "fs_hz": 4096.0,
  "dt": 0.000244140625,
  "t0_rel": 0.03610537338256836,
  "duration_s": 0.25,
  "preprocess": {
    "detrend": "mean",
    "hp_hz": 30.0,
    "lp_hz": null
  },
  "window": {
    "t0_rel": 0.03610537338256836,
    "duration_s": 0.25,
    "i0": 63227,
    "i1": 64251,
    "n_samples": 1024,
    "t_rel_start": 0.03627920150756836,
    "t_rel_end": 0.28603506088256836
  },
  "fit": {
    "method": "esprit_matrix_pencil",
    "L": 512,
    "rank_used": 2,
    "residual_rms": 1.0184722559654944,
    "relative_rms": 0.9980677250187492,
    "singular_values": [
      52.38857664123182,
      52.222224875210664,
      50.74825566772006,
      50.684955403132015,
      49.975036967062145,
      49.93343761970714,
      47.9716736540873,
      47.65788093541524,
      47.48533618474099,
      47.31213643447441,
      47.28950330782405,
      46.58221885095222,
      46.012715035394756,
      45.981380576545575,
      45.071521495713704,
      45.0617732142673,
      43.27905095679507,
      43.02900355954322,
      42.940244825608055,
      42.87880706434393,
      42.776017208099525,
      42.55260470086193,
      42.528053552980595,
      42.33304381911624,
      42.10293875839585,
      42.050230086266765,
      41.126174490688264,
      41.10303594649284,
      40.99360385403129,
      40.93498088407282,
      40.607944407879316,
      40.044630172507134,
      39.71111480425547,
      39.70798440674723,
      39.6591127513645,
      39.59193975155363,
      38.87430206481136,
      38.837787147878906,
      38.678532643934254,
      38.636680386152506,
      38.43212704178379,
      38.42671907484183,
      38.30134553104357,
      38.250202135388186,
      37.37898322033508,
      37.24431903378724,
      37.026364730413164,
      36.97427684288495,
      36.85592076218944,
      36.79771048936991,
      36.75672063286978,
      36.73398566886492,
      36.49683841623033,
      36.382941175908066,
      36.35645270691412,
      36.3195369661291,
      36.25747559182192,
      36.092160460365356,
      36.056762800365625,
      36.01725666234033,
      35.86892312267857,
      35.718769511261755,
      35.66570148874661,
      35.61846549868473
    ],
    "singular_values_truncated": true
  },
  "poles": [
    {
      "i": 0,
      "z": [
        0.6927899961557001,
        -0.7166883259255824
      ],
      "q": [
        -13.149043998844487,
        -3286.4337188954582
      ],
      "omega_qnm": [
        3286.4337188954582,
        -13.149043998844487
      ],
      "freq_hz": 523.0521715060926,
      "damping_1_over_s": 13.149043998844487,
      "a": [
        -0.09506358305569065,
        -0.020892739513570277
      ],
      "amp_abs": 0.09733237584569739
    },
    {
      "i": 1,
      "z": [
        0.524826538318308,
        -0.8439847589038
      ],
      "q": [
        -25.23636083537598,
        -4155.269070274497
      ],
      "omega_qnm": [
        4155.269070274497,
        -25.23636083537598
      ],
      "freq_hz": 661.3316124110504,
      "damping_1_over_s": 25.23636083537598,
      "a": [
        -0.08164940241354346,
        -0.011337343275732888
      ],
      "amp_abs": 0.08243276209760633
    }
  ]
}
