{
  "created_at": "2026-04-17T09:45:13+00:00",
  "script": "01_extract_ringdown_poles.py",
  "script_version": "01_extract_ringdown_poles.py/v1.2",
  "event": "GW170104",
  "ifo": "L1",
  "fs_hz": 4096.0,
  "dt": 0.000244140625,
  "t0_rel": 0.13932822036743164,
  "duration_s": 0.03,
  "preprocess": {
    "detrend": "mean",
    "hp_hz": 30.0,
    "lp_hz": null
  },
  "window": {
    "t0_rel": 0.13932822036743164,
    "duration_s": 0.03,
    "i0": 66108,
    "i1": 66231,
    "n_samples": 123,
    "t_rel_start": 0.13950204849243164,
    "t_rel_end": 0.16928720474243164
  },
  "fit": {
    "method": "esprit_matrix_pencil",
    "L": 61,
    "rank_used": 2,
    "residual_rms": 0.8690499242387238,
    "relative_rms": 0.9709659129726501,
    "singular_values": [
      14.16063233587872,
      13.983499675322,
      13.07249936284333,
      12.994842798767047,
      12.334580250361109,
      12.09699938317835,
      11.628568884027967,
      11.551119622816989,
      11.377586764700025,
      11.01629040609809,
      10.689899470971639,
      10.518525365003264,
      10.064293339836047,
      9.775498208329152,
      9.659889345505828,
      9.372558918180692,
      7.399514245850584,
      7.3200849942057635,
      6.813843269036268,
      6.726543327179299,
      6.600757919951844,
      6.580224608268247,
      6.44009260117951,
      6.405837155679808,
      6.210901192349532,
      6.114145180339717,
      5.962571357081081,
      5.88645200970119,
      5.736554460004152,
      5.600883716009233,
      5.24426797063491,
      4.930185724824029,
      4.800172602597814,
      4.567546667396306,
      4.4473021463565585,
      4.22927846270104,
      3.974086909644981,
      3.839679699689955,
      3.6655847199995995,
      3.611858749346896,
      3.392133228256572,
      3.231419804492502,
      2.911443552087293,
      2.785172120090615,
      2.6925841248795774,
      2.44729703967279,
      2.3096433040301543,
      2.2157346016007393,
      2.0502126941781325,
      1.4238879543933456,
      1.3526652987375272,
      1.2445884092044184,
      0.9515225013839006,
      0.6523208171359391,
      0.6019191742140395,
      0.18215871896640218,
      0.09439955923209647,
      0.008453385109788115,
      0.0013032226246704503,
      1.0907560717392877e-05,
      5.821454575376174e-07
    ],
    "singular_values_truncated": false
  },
  "poles": [
    {
      "i": 0,
      "z": [
        0.28778435286769166,
        -0.9361359090071633
      ],
      "q": [
        -85.37429252984144,
        -5212.359303506035
      ],
      "omega_qnm": [
        5212.359303506035,
        -85.37429252984144
      ],
      "freq_hz": 829.5727483240142,
      "damping_1_over_s": 85.37429252984144,
      "a": [
        -0.10226735402268053,
        -0.29136380729869527
      ],
      "amp_abs": 0.30879034943208883
    },
    {
      "i": 1,
      "z": [
        -0.7471376738631832,
        -0.6000295818497098
      ],
      "q": [
        -174.66444477856555,
        -10096.482819069151
      ],
      "omega_qnm": [
        10096.482819069151,
        -174.66444477856555
      ],
      "freq_hz": 1606.90514849725,
      "damping_1_over_s": 174.66444477856555,
      "a": [
        -0.0019377286019219009,
        -0.20668911026120462
      ],
      "amp_abs": 0.2066981932497309
    }
  ]
}
