{
  "created_at": "2026-04-17T09:45:13+00:00",
  "script": "01_extract_ringdown_poles.py",
  "script_version": "01_extract_ringdown_poles.py/v1.2",
  "event": "GW170104",
  "ifo": "H1",
  "fs_hz": 4096.0,
  "dt": 0.000244140625,
  "t0_rel": 0.13932822036743164,
  "duration_s": 0.03,
  "preprocess": {
    "detrend": "mean",
    "hp_hz": 30.0,
    "lp_hz": null
  },
  "window": {
    "t0_rel": 0.13932822036743164,
    "duration_s": 0.03,
    "i0": 66108,
    "i1": 66231,
    "n_samples": 123,
    "t_rel_start": 0.13950204849243164,
    "t_rel_end": 0.16928720474243164
  },
  "fit": {
    "method": "esprit_matrix_pencil",
    "L": 61,
    "rank_used": 2,
    "residual_rms": 0.9852793844742387,
    "relative_rms": 0.9712767543263798,
    "singular_values": [
      14.823095915825,
      14.749425698634818,
      13.9033498015216,
      13.740544490767336,
      13.619180228667654,
      13.451189533450002,
      13.253314501430767,
      13.187959086077713,
      12.606145596230872,
      12.326086196719922,
      11.776992306638993,
      11.64862455977853,
      11.408949473750157,
      11.144685485342048,
      10.78071997849747,
      10.388934741098575,
      9.99030318325957,
      9.700558488855302,
      9.304698904024223,
      8.999035099359327,
      8.539253003183672,
      8.384434512627957,
      8.059112992322385,
      7.8717139976710255,
      7.365997312548735,
      7.191815920618418,
      7.013615667710491,
      6.76625753234221,
      6.608932616785542,
      5.99529680407998,
      5.550256445147764,
      5.228202615562086,
      5.1734831866783395,
      5.010276715918107,
      4.792431060753014,
      4.356176673916472,
      4.3165067438439415,
      3.997179067754129,
      3.979252007419588,
      3.945465752391928,
      3.679911888860861,
      3.5338791922136994,
      3.4682871262965214,
      3.378099768711108,
      3.220129004029272,
      2.878496783874502,
      2.741397392676779,
      2.4208963774809593,
      2.1022730711787174,
      1.6195148948885463,
      1.3562963035696034,
      1.3162941509275228,
      0.8378303549879772,
      0.3055660065144751,
      0.24563577519099156,
      0.19085997134173727,
      0.08699016677063347,
      0.009133652457283457,
      0.0018779051997322293,
      2.4791827253146804e-05,
      1.8430275774919694e-08
    ],
    "singular_values_truncated": false
  },
  "poles": [
    {
      "i": 0,
      "z": [
        0.4831606235617387,
        -0.850302611827054
      ],
      "q": [
        -91.17214421893871,
        -4317.474148542184
      ],
      "omega_qnm": [
        4317.474148542184,
        -91.17214421893871
      ],
      "freq_hz": 687.1473524119606,
      "damping_1_over_s": 91.17214421893871,
      "a": [
        0.29203522238985297,
        0.22689159060461062
      ],
      "amp_abs": 0.36981666404230773
    },
    {
      "i": 1,
      "z": [
        -0.14580745351836744,
        -0.8653346722655065
      ],
      "q": [
        -535.1050639203801,
        -7117.728314115479
      ],
      "omega_qnm": [
        7117.728314115479,
        -535.1050639203801
      ],
      "freq_hz": 1132.8216447766213,
      "damping_1_over_s": 535.1050639203801,
      "a": [
        0.054616394126121064,
        0.21264064618000017
      ],
      "amp_abs": 0.21954269497113268
    }
  ]
}
