{
  "created_at": "2026-04-17T09:45:13+00:00",
  "script": "01_extract_ringdown_poles.py",
  "script_version": "01_extract_ringdown_poles.py/v1.2",
  "event": "GW170104",
  "ifo": "H1+L1",
  "fs_hz": 4096.0,
  "dt": 0.000244140625,
  "t0_rel": 0.13932822036743164,
  "duration_s": 0.03,
  "preprocess": {
    "detrend": "mean",
    "hp_hz": 30.0,
    "lp_hz": null
  },
  "window": {
    "t0_rel": 0.13932822036743164,
    "duration_s": 0.03,
    "i0": 66108,
    "i1": 66231,
    "n_samples": 123,
    "t_rel_start": 0.13950204849243164,
    "t_rel_end": 0.16928720474243164
  },
  "fit": {
    "method": "esprit_matrix_pencil",
    "L": 61,
    "rank_used": 4,
    "residual_rms": NaN,
    "relative_rms": NaN,
    "singular_values": [],
    "singular_values_truncated": false
  },
  "poles": [
    {
      "i": 0,
      "z": [
        0.28778435286769166,
        -0.9361359090071633
      ],
      "q": [
        -85.37429252984144,
        -5212.359303506035
      ],
      "omega_qnm": [
        5212.359303506035,
        -85.37429252984144
      ],
      "freq_hz": 829.5727483240142,
      "damping_1_over_s": 85.37429252984144,
      "a": [
        -0.10226735402268053,
        -0.29136380729869527
      ],
      "amp_abs": 0.30879034943208883
    },
    {
      "i": 1,
      "z": [
        0.4831606235617387,
        -0.850302611827054
      ],
      "q": [
        -91.17214421893871,
        -4317.474148542184
      ],
      "omega_qnm": [
        4317.474148542184,
        -91.17214421893871
      ],
      "freq_hz": 687.1473524119606,
      "damping_1_over_s": 91.17214421893871,
      "a": [
        0.29203522238985297,
        0.22689159060461062
      ],
      "amp_abs": 0.36981666404230773
    },
    {
      "i": 2,
      "z": [
        -0.7471376738631832,
        -0.6000295818497098
      ],
      "q": [
        -174.66444477856555,
        -10096.482819069151
      ],
      "omega_qnm": [
        10096.482819069151,
        -174.66444477856555
      ],
      "freq_hz": 1606.90514849725,
      "damping_1_over_s": 174.66444477856555,
      "a": [
        -0.0019377286019219009,
        -0.20668911026120462
      ],
      "amp_abs": 0.2066981932497309
    },
    {
      "i": 3,
      "z": [
        -0.14580745351836744,
        -0.8653346722655065
      ],
      "q": [
        -535.1050639203801,
        -7117.728314115479
      ],
      "omega_qnm": [
        7117.728314115479,
        -535.1050639203801
      ],
      "freq_hz": 1132.8216447766213,
      "damping_1_over_s": 535.1050639203801,
      "a": [
        0.054616394126121064,
        0.21264064618000017
      ],
      "amp_abs": 0.21954269497113268
    }
  ]
}
