{
  "created_at": "2026-04-18T05:52:23+00:00",
  "script": "01_extract_ringdown_poles.py",
  "script_version": "01_extract_ringdown_poles.py/v1.2",
  "event": "GW191109_010717",
  "ifo": "H1+L1",
  "fs_hz": 4096.0,
  "dt": 0.000244140625,
  "t0_rel": 0.02126167106628418,
  "duration_s": 0.05,
  "preprocess": {
    "detrend": "mean",
    "hp_hz": 30.0,
    "lp_hz": null
  },
  "window": {
    "t0_rel": 0.02126167106628418,
    "duration_s": 0.05,
    "i0": 62347,
    "i1": 62552,
    "n_samples": 205,
    "t_rel_start": 0.02143549919128418,
    "t_rel_end": 0.07124018669128418
  },
  "fit": {
    "method": "esprit_matrix_pencil",
    "L": 102,
    "rank_used": 4,
    "residual_rms": NaN,
    "relative_rms": NaN,
    "singular_values": [],
    "singular_values_truncated": false
  },
  "poles": [
    {
      "i": 0,
      "z": [
        -0.8714827483726815,
        -0.4849534570280298
      ],
      "q": [
        -10.961431834063983,
        -10788.02893614871
      ],
      "omega_qnm": [
        10788.02893614871,
        -10.961431834063983
      ],
      "freq_hz": 1716.9681314064683,
      "damping_1_over_s": 10.961431834063983,
      "a": [
        0.11784718889870036,
        0.043252313556924826
      ],
      "amp_abs": 0.12553375067826383
    },
    {
      "i": 1,
      "z": [
        -0.636108244973616,
        -0.7622877826809077
      ],
      "q": [
        -29.46381847711934,
        -9282.382080841331
      ],
      "omega_qnm": [
        9282.382080841331,
        -29.46381847711934
      ],
      "freq_hz": 1477.336991833531,
      "damping_1_over_s": 29.46381847711934,
      "a": [
        -0.08692599149523678,
        -0.23979717685925586
      ],
      "amp_abs": 0.25506629339663683
    },
    {
      "i": 2,
      "z": [
        0.6590427725931265,
        -0.7281576289247603
      ],
      "q": [
        -73.91777911587293,
        -3420.89836767442
      ],
      "omega_qnm": [
        3420.89836767442,
        -73.91777911587293
      ],
      "freq_hz": 544.45288503038,
      "damping_1_over_s": 73.91777911587293,
      "a": [
        0.1197397968216112,
        0.021194449423344378
      ],
      "amp_abs": 0.12160108399697528
    },
    {
      "i": 3,
      "z": [
        -0.10617047897191408,
        -0.9338383551111087
      ],
      "q": [
        -254.07626090499627,
        -6897.675444455376
      ],
      "omega_qnm": [
        6897.675444455376,
        -254.07626090499627
      ],
      "freq_hz": 1097.7991428286593,
      "damping_1_over_s": 254.07626090499627,
      "a": [
        -0.09363157646759321,
        0.1847741296921747
      ],
      "amp_abs": 0.20714331057339833
    }
  ]
}
