{
  "created_at": "2026-04-18T05:52:23+00:00",
  "script": "01_extract_ringdown_poles.py",
  "script_version": "01_extract_ringdown_poles.py/v1.2",
  "event": "GW191109_010717",
  "ifo": "H1",
  "fs_hz": 4096.0,
  "dt": 0.000244140625,
  "t0_rel": 0.02126167106628418,
  "duration_s": 0.05,
  "preprocess": {
    "detrend": "mean",
    "hp_hz": 30.0,
    "lp_hz": null
  },
  "window": {
    "t0_rel": 0.02126167106628418,
    "duration_s": 0.05,
    "i0": 62347,
    "i1": 62552,
    "n_samples": 205,
    "t_rel_start": 0.02143549919128418,
    "t_rel_end": 0.07124018669128418
  },
  "fit": {
    "method": "esprit_matrix_pencil",
    "L": 102,
    "rank_used": 2,
    "residual_rms": 1.004087708241869,
    "relative_rms": 0.9960697867854098,
    "singular_values": [
      20.09760633556127,
      19.99309006022807,
      18.03785565387583,
      17.882086353929843,
      17.06635964343915,
      17.034193015316994,
      16.795624318786675,
      16.46301424954369,
      16.05136214771482,
      15.786564214780427,
      15.71161166868393,
      15.701745599685923,
      15.21700531794297,
      15.155368425426053,
      15.144247439152183,
      15.109281953421002,
      14.91971002748274,
      14.56646357814557,
      14.420795275982005,
      14.254031593703603,
      13.370902209887605,
      13.215767336887504,
      12.966913451279186,
      12.653803599831962,
      12.558269940796894,
      12.442867835009158,
      12.088619351689461,
      12.06302922792291,
      11.952731319280371,
      11.823837686248675,
      11.729526616052844,
      11.71166016007779,
      11.161260291726629,
      10.978967626722296,
      10.756424601756883,
      10.602929296606689,
      10.567287566420564,
      10.485114527048017,
      10.047132827543075,
      10.014472056767675,
      9.943511476836402,
      9.910796041849256,
      9.692969863289472,
      9.5678155719356,
      9.480750363343104,
      9.450155024478654,
      9.343402768877064,
      9.145550609201024,
      9.017401339989934,
      8.744013311259993,
      8.651711170052327,
      8.60654437259232,
      8.539597739578422,
      8.472519043572502,
      8.133572428112448,
      8.12024311815403,
      7.87589962721026,
      7.697988164621085,
      7.632929007055773,
      7.3086048184969785,
      7.251693358979098,
      7.117105053296518,
      6.916237864930052,
      6.687800967795919
    ],
    "singular_values_truncated": true
  },
  "poles": [
    {
      "i": 0,
      "z": [
        0.6590427725931265,
        -0.7281576289247603
      ],
      "q": [
        -73.91777911587293,
        -3420.89836767442
      ],
      "omega_qnm": [
        3420.89836767442,
        -73.91777911587293
      ],
      "freq_hz": 544.45288503038,
      "damping_1_over_s": 73.91777911587293,
      "a": [
        0.1197397968216112,
        0.021194449423344378
      ],
      "amp_abs": 0.12160108399697528
    },
    {
      "i": 1,
      "z": [
        -0.10617047897191408,
        -0.9338383551111087
      ],
      "q": [
        -254.07626090499627,
        -6897.675444455376
      ],
      "omega_qnm": [
        6897.675444455376,
        -254.07626090499627
      ],
      "freq_hz": 1097.7991428286593,
      "damping_1_over_s": 254.07626090499627,
      "a": [
        -0.09363157646759321,
        0.1847741296921747
      ],
      "amp_abs": 0.20714331057339833
    }
  ]
}
