{
  "created_at": "2026-04-18T05:52:23+00:00",
  "script": "01_extract_ringdown_poles.py",
  "script_version": "01_extract_ringdown_poles.py/v1.2",
  "event": "GW191109_010717",
  "ifo": "L1",
  "fs_hz": 4096.0,
  "dt": 0.000244140625,
  "t0_rel": 0.02126167106628418,
  "duration_s": 0.05,
  "preprocess": {
    "detrend": "mean",
    "hp_hz": 30.0,
    "lp_hz": null
  },
  "window": {
    "t0_rel": 0.02126167106628418,
    "duration_s": 0.05,
    "i0": 62347,
    "i1": 62552,
    "n_samples": 205,
    "t_rel_start": 0.02143549919128418,
    "t_rel_end": 0.07124018669128418
  },
  "fit": {
    "method": "esprit_matrix_pencil",
    "L": 102,
    "rank_used": 2,
    "residual_rms": 0.8906470089876439,
    "relative_rms": 0.9629879022256344,
    "singular_values": [
      20.5051926982402,
      20.49858683584312,
      19.549719722355192,
      19.39041171011871,
      16.195020193431027,
      15.429987585489924,
      15.415760291650995,
      15.079275119733689,
      15.014805160876643,
      14.708078862156052,
      14.383018484504825,
      14.372632628518732,
      13.993450613292836,
      13.954851256596134,
      13.758179150391747,
      13.56164997001721,
      13.4652040250588,
      13.14512226948591,
      12.886581526017215,
      12.720470877061235,
      12.336846371813081,
      12.038147021124344,
      11.428778957873732,
      11.400020005955511,
      11.354279417814068,
      11.226775258898082,
      11.093546419065412,
      11.054332125530507,
      11.000023805523876,
      10.844883878954592,
      10.814591404821185,
      10.632063741287224,
      10.313790236296558,
      10.242987066857884,
      9.878496187325423,
      9.737749778059518,
      9.522466034206236,
      9.280621828500438,
      9.256943272122633,
      9.179041154980633,
      8.323147663621743,
      8.059151443412912,
      8.008514788092793,
      7.962101257251174,
      7.926378709469494,
      7.878521709364787,
      7.423781580230423,
      7.195668042114431,
      7.106960406861779,
      7.094640391182982,
      6.96249349592854,
      6.853975318573752,
      6.809384482817529,
      6.735982620792113,
      6.699235284640792,
      6.664831402521578,
      6.48024446003779,
      6.263197487041445,
      6.203790961585303,
      6.036526609005912,
      5.704026338293342,
      5.627321485875015,
      5.600236427343597,
      5.411132809987131
    ],
    "singular_values_truncated": true
  },
  "poles": [
    {
      "i": 0,
      "z": [
        -0.8714827483726815,
        -0.4849534570280298
      ],
      "q": [
        -10.961431834063983,
        -10788.02893614871
      ],
      "omega_qnm": [
        10788.02893614871,
        -10.961431834063983
      ],
      "freq_hz": 1716.9681314064683,
      "damping_1_over_s": 10.961431834063983,
      "a": [
        0.11784718889870036,
        0.043252313556924826
      ],
      "amp_abs": 0.12553375067826383
    },
    {
      "i": 1,
      "z": [
        -0.636108244973616,
        -0.7622877826809077
      ],
      "q": [
        -29.46381847711934,
        -9282.382080841331
      ],
      "omega_qnm": [
        9282.382080841331,
        -29.46381847711934
      ],
      "freq_hz": 1477.336991833531,
      "damping_1_over_s": 29.46381847711934,
      "a": [
        -0.08692599149523678,
        -0.23979717685925586
      ],
      "amp_abs": 0.25506629339663683
    }
  ]
}
