{
  "created_at": "2026-04-17T08:06:53+00:00",
  "script": "01_extract_ringdown_poles.py",
  "script_version": "01_extract_ringdown_poles.py/v1.2",
  "event": "GW150914",
  "ifo": "H1",
  "fs_hz": 4096.0,
  "dt": 0.000244140625,
  "t0_rel": 0.02145693588256836,
  "duration_s": 0.25,
  "preprocess": {
    "detrend": "mean",
    "hp_hz": 30.0,
    "lp_hz": null
  },
  "window": {
    "t0_rel": 0.02145693588256836,
    "duration_s": 0.25,
    "i0": 65625,
    "i1": 66649,
    "n_samples": 1024,
    "t_rel_start": 0.02163076400756836,
    "t_rel_end": 0.27138662338256836
  },
  "fit": {
    "method": "esprit_matrix_pencil",
    "L": 512,
    "rank_used": 2,
    "residual_rms": 1.0240230066160194,
    "relative_rms": 0.9888384034161912,
    "singular_values": [
      58.05437655706037,
      58.009788727868866,
      50.09203474038053,
      50.069940107336855,
      47.36390632803897,
      46.644923243236306,
      46.13357549380726,
      45.94204877226709,
      45.01697733592961,
      44.95881045433334,
      44.35523841426228,
      44.352631594661666,
      44.13576990215203,
      43.82567263470853,
      43.2963775801819,
      43.29352560018065,
      43.04870770859434,
      42.850035531635385,
      42.817331058845085,
      42.72625772198767,
      42.11345577983346,
      42.08407066035082,
      41.8732950398955,
      40.9523311959969,
      40.41636779885434,
      40.413644581086125,
      39.96867319520335,
      39.96323846993221,
      39.89878064934973,
      39.882557456921106,
      39.57231251128576,
      39.20756070143204,
      39.19699087076598,
      39.0198277453963,
      38.97368615153198,
      38.723757373580014,
      38.45309318562492,
      38.441866878698164,
      37.55399388197352,
      37.46955185897075,
      37.45164884519321,
      37.21554474600698,
      37.05298844203984,
      36.923656170450926,
      36.70573923038946,
      36.35463398011223,
      36.13872898099189,
      36.12194691331194,
      35.656694581431225,
      35.47772572795541,
      35.22210027200039,
      35.02651563636235,
      34.87027693539751,
      34.83928340371782,
      34.6982745490416,
      34.68974115034253,
      34.061010749080104,
      33.92901858016031,
      33.7042466734008,
      33.692743641836714,
      33.444083213101955,
      33.02222654327673,
      32.90241536143074,
      32.902400110882816
    ],
    "singular_values_truncated": true
  },
  "poles": [
    {
      "i": 0,
      "z": [
        -0.02350374378235201,
        -0.9972741287122274
      ],
      "q": [
        -10.043168093177437,
        -6530.498362234073
      ],
      "omega_qnm": [
        6530.498362234073,
        -10.043168093177437
      ],
      "freq_hz": 1039.3610952030797,
      "damping_1_over_s": 10.043168093177437,
      "a": [
        0.08244399685536613,
        -0.21453754752367846
      ],
      "amp_abs": 0.2298333568369966
    },
    {
      "i": 1,
      "z": [
        0.12597914824167122,
        -0.989292496647142
      ],
      "q": [
        -11.15013978992827,
        -5915.1784836372035
      ],
      "omega_qnm": [
        5915.1784836372035,
        -11.15013978992827
      ],
      "freq_hz": 941.429894941683,
      "damping_1_over_s": 11.15013978992827,
      "a": [
        -0.07097098954667114,
        0.0481032061215024
      ],
      "amp_abs": 0.08573680537786237
    }
  ]
}
