{
  "created_at": "2026-04-17T08:06:53+00:00",
  "script": "01_extract_ringdown_poles.py",
  "script_version": "01_extract_ringdown_poles.py/v1.2",
  "event": "GW150914",
  "ifo": "H1+L1",
  "fs_hz": 4096.0,
  "dt": 0.000244140625,
  "t0_rel": 0.02145693588256836,
  "duration_s": 0.25,
  "preprocess": {
    "detrend": "mean",
    "hp_hz": 30.0,
    "lp_hz": null
  },
  "window": {
    "t0_rel": 0.02145693588256836,
    "duration_s": 0.25,
    "i0": 65625,
    "i1": 66649,
    "n_samples": 1024,
    "t_rel_start": 0.02163076400756836,
    "t_rel_end": 0.27138662338256836
  },
  "fit": {
    "method": "esprit_matrix_pencil",
    "L": 512,
    "rank_used": 4,
    "residual_rms": NaN,
    "relative_rms": NaN,
    "singular_values": [],
    "singular_values_truncated": false
  },
  "poles": [
    {
      "i": 0,
      "z": [
        -0.02350374378235201,
        -0.9972741287122274
      ],
      "q": [
        -10.043168093177437,
        -6530.498362234073
      ],
      "omega_qnm": [
        6530.498362234073,
        -10.043168093177437
      ],
      "freq_hz": 1039.3610952030797,
      "damping_1_over_s": 10.043168093177437,
      "a": [
        0.08244399685536613,
        -0.21453754752367846
      ],
      "amp_abs": 0.2298333568369966
    },
    {
      "i": 1,
      "z": [
        0.12597914824167122,
        -0.989292496647142
      ],
      "q": [
        -11.15013978992827,
        -5915.1784836372035
      ],
      "omega_qnm": [
        5915.1784836372035,
        -11.15013978992827
      ],
      "freq_hz": 941.429894941683,
      "damping_1_over_s": 11.15013978992827,
      "a": [
        -0.07097098954667114,
        0.0481032061215024
      ],
      "amp_abs": 0.08573680537786237
    },
    {
      "i": 2,
      "z": [
        0.9774806105702025,
        -0.18057071565266483
      ],
      "q": [
        -24.570995351552508,
        -748.2220679132698
      ],
      "omega_qnm": [
        748.2220679132698,
        -24.570995351552508
      ],
      "freq_hz": 119.08324063883671,
      "damping_1_over_s": 24.570995351552508,
      "a": [
        0.11369092828898386,
        0.23590630054841696
      ],
      "amp_abs": 0.2618728886571707
    },
    {
      "i": 3,
      "z": [
        0.7728942843398787,
        -0.6214310042267052
      ],
      "q": [
        -33.98629073891823,
        -2773.7869182726977
      ],
      "omega_qnm": [
        2773.7869182726977,
        -33.98629073891823
      ],
      "freq_hz": 441.461899126735,
      "damping_1_over_s": 33.98629073891823,
      "a": [
        -0.08130817153405431,
        0.06579904290130784
      ],
      "amp_abs": 0.10459700189268978
    }
  ]
}
