{
  "created_at": "2026-04-17T08:06:53+00:00",
  "script": "01_extract_ringdown_poles.py",
  "script_version": "01_extract_ringdown_poles.py/v1.2",
  "event": "GW150914",
  "ifo": "L1",
  "fs_hz": 4096.0,
  "dt": 0.000244140625,
  "t0_rel": 0.02145693588256836,
  "duration_s": 0.25,
  "preprocess": {
    "detrend": "mean",
    "hp_hz": 30.0,
    "lp_hz": null
  },
  "window": {
    "t0_rel": 0.02145693588256836,
    "duration_s": 0.25,
    "i0": 65625,
    "i1": 66649,
    "n_samples": 1024,
    "t_rel_start": 0.02163076400756836,
    "t_rel_end": 0.27138662338256836
  },
  "fit": {
    "method": "esprit_matrix_pencil",
    "L": 512,
    "rank_used": 2,
    "residual_rms": 0.9845764389423874,
    "relative_rms": 0.9934260399218454,
    "singular_values": [
      50.25356399192533,
      49.65510779688228,
      49.64304817361104,
      49.610791328544174,
      48.477055177007585,
      48.43487694040965,
      48.07454010554272,
      48.00796804891365,
      47.810823082376196,
      46.92567039582438,
      45.68133329212878,
      45.67742344339894,
      45.591906866489595,
      45.409197873057494,
      45.38052312389026,
      45.14549870706685,
      45.01603236840309,
      44.99933551763915,
      44.92531471698425,
      44.24973483161915,
      44.16301954328916,
      43.97596202449188,
      43.79761584982404,
      43.79626550475397,
      42.971187324667206,
      42.8893812552476,
      42.87801792412099,
      42.832470849828184,
      42.06962902199418,
      41.955367871788155,
      40.839727900521524,
      40.65849446416055,
      40.429300936331764,
      40.13867626251267,
      40.0077651562007,
      39.87189030086226,
      39.59157586748091,
      39.48200269130316,
      39.133722337755216,
      39.095357070951174,
      38.88871780973771,
      38.88663594600149,
      38.62775542743349,
      38.590832030053335,
      37.6509255641995,
      37.64575992349237,
      37.58365860572576,
      37.57484822983777,
      37.36662304268346,
      37.312529222016565,
      37.30192606308488,
      37.23534897808507,
      37.028721602651544,
      37.027512775170294,
      36.473040271670925,
      36.467746826870446,
      36.37566344314893,
      36.19780015541462,
      35.9560517881496,
      35.90232550083427,
      35.817050604175,
      35.815882518867916,
      35.77302990699589,
      35.75230709255526
    ],
    "singular_values_truncated": true
  },
  "poles": [
    {
      "i": 0,
      "z": [
        0.9774806105702025,
        -0.18057071565266483
      ],
      "q": [
        -24.570995351552508,
        -748.2220679132698
      ],
      "omega_qnm": [
        748.2220679132698,
        -24.570995351552508
      ],
      "freq_hz": 119.08324063883671,
      "damping_1_over_s": 24.570995351552508,
      "a": [
        0.11369092828898386,
        0.23590630054841696
      ],
      "amp_abs": 0.2618728886571707
    },
    {
      "i": 1,
      "z": [
        0.7728942843398787,
        -0.6214310042267052
      ],
      "q": [
        -33.98629073891823,
        -2773.7869182726977
      ],
      "omega_qnm": [
        2773.7869182726977,
        -33.98629073891823
      ],
      "freq_hz": 441.461899126735,
      "damping_1_over_s": 33.98629073891823,
      "a": [
        -0.08130817153405431,
        0.06579904290130784
      ],
      "amp_abs": 0.10459700189268978
    }
  ]
}
