{
  "created_at": "2026-04-17T08:07:25+00:00",
  "script": "01_extract_ringdown_poles.py",
  "script_version": "01_extract_ringdown_poles.py/v1.2",
  "event": "GW190521_030229",
  "ifo": "H1+L1",
  "fs_hz": 4096.0,
  "dt": 0.000244140625,
  "t0_rel": 0.03610537338256836,
  "duration_s": 0.05,
  "preprocess": {
    "detrend": "mean",
    "hp_hz": 30.0,
    "lp_hz": null
  },
  "window": {
    "t0_rel": 0.03610537338256836,
    "duration_s": 0.05,
    "i0": 63227,
    "i1": 63432,
    "n_samples": 205,
    "t_rel_start": 0.03627920150756836,
    "t_rel_end": 0.08608388900756836
  },
  "fit": {
    "method": "esprit_matrix_pencil",
    "L": 102,
    "rank_used": 3,
    "residual_rms": NaN,
    "relative_rms": NaN,
    "singular_values": [],
    "singular_values_truncated": false
  },
  "poles": [
    {
      "i": 0,
      "z": [
        0.9883260263426903,
        -0.09450242662911057
      ],
      "q": [
        -29.45825023376332,
        -390.4669823972023
      ],
      "omega_qnm": [
        390.4669823972023,
        -29.45825023376332
      ],
      "freq_hz": 62.14475036269083,
      "damping_1_over_s": 29.45825023376332,
      "a": [
        -0.007627455960256913,
        0.8726579596282676
      ],
      "amp_abs": 0.8726912928332659
    },
    {
      "i": 1,
      "z": [
        0.9869486946989565,
        -0.10603378828753818
      ],
      "q": [
        -30.30643305164661,
        -438.37623419806664
      ],
      "omega_qnm": [
        438.37623419806664,
        -30.30643305164661
      ],
      "freq_hz": 69.76974460663268,
      "damping_1_over_s": 30.30643305164661,
      "a": [
        0.5323246209498914,
        -0.062441793292639436
      ],
      "amp_abs": 0.5359743273880254
    },
    {
      "i": 2,
      "z": [
        -0.1735053962146552,
        -0.9261871164867158
      ],
      "q": [
        -243.43774725345412,
        -7192.506073459439
      ],
      "omega_qnm": [
        7192.506073459439,
        -243.43774725345412
      ],
      "freq_hz": 1144.7228948095487,
      "damping_1_over_s": 243.43774725345412,
      "a": [
        -0.5893186906391842,
        0.3517459350024474
      ],
      "amp_abs": 0.686310222805568
    }
  ]
}
