{
  "created_at": "2026-04-17T08:07:25+00:00",
  "script": "01_extract_ringdown_poles.py",
  "script_version": "01_extract_ringdown_poles.py/v1.2",
  "event": "GW190521_030229",
  "ifo": "H1",
  "fs_hz": 4096.0,
  "dt": 0.000244140625,
  "t0_rel": 0.03610537338256836,
  "duration_s": 0.05,
  "preprocess": {
    "detrend": "mean",
    "hp_hz": 30.0,
    "lp_hz": null
  },
  "window": {
    "t0_rel": 0.03610537338256836,
    "duration_s": 0.05,
    "i0": 63227,
    "i1": 63432,
    "n_samples": 205,
    "t_rel_start": 0.03627920150756836,
    "t_rel_end": 0.08608388900756836
  },
  "fit": {
    "method": "esprit_matrix_pencil",
    "L": 102,
    "rank_used": 2,
    "residual_rms": 1.0070375031624528,
    "relative_rms": 0.9065462071307485,
    "singular_values": [
      33.0732520734426,
      32.106707185887146,
      20.969614426592756,
      20.707974973838823,
      20.16210618428073,
      19.97265576280673,
      19.856993584228377,
      19.580056809112158,
      18.356938628129846,
      17.368211343550666,
      16.615121224273288,
      16.572158274504417,
      16.1898528698784,
      16.13667923353644,
      15.908912663913156,
      15.796032285741507,
      14.459520491844422,
      14.153228627088462,
      14.027320387228041,
      13.89089777060654,
      13.214077790628659,
      13.073214097823117,
      13.035148946152784,
      12.638932102351838,
      12.558863189773867,
      12.301149789653687,
      12.249485587946905,
      12.142177094878091,
      12.113304970659689,
      12.101733458800764,
      11.851790586344725,
      11.701689714645514,
      11.678964664948372,
      11.221691275315893,
      10.942095861496906,
      10.893627616400389,
      10.622764778295592,
      10.569887651374122,
      10.284102377501405,
      10.21734864203067,
      10.05434887595982,
      9.728778381178513,
      9.66364961305239,
      9.378159399892118,
      9.182261274737888,
      9.071077728726857,
      8.935566811060905,
      8.780636861764062,
      8.734607324265433,
      8.70845757579796,
      8.500592566808416,
      8.13771236588231,
      8.10026133981172,
      8.020480708215826,
      7.800324636158222,
      7.779375546196016,
      7.648702835673311,
      7.418673640136986,
      7.089818511464027,
      7.050652164943366,
      6.781749754514896,
      6.692750205743361,
      6.196362226233585,
      6.1702005351205464
    ],
    "singular_values_truncated": true
  },
  "poles": [
    {
      "i": 0,
      "z": [
        0.9869486946989565,
        -0.10603378828753818
      ],
      "q": [
        -30.30643305164661,
        -438.37623419806664
      ],
      "omega_qnm": [
        438.37623419806664,
        -30.30643305164661
      ],
      "freq_hz": 69.76974460663268,
      "damping_1_over_s": 30.30643305164661,
      "a": [
        0.5323246209498914,
        -0.062441793292639436
      ],
      "amp_abs": 0.5359743273880254
    },
    {
      "i": 1,
      "z": [
        -0.1735053962146552,
        -0.9261871164867158
      ],
      "q": [
        -243.43774725345412,
        -7192.506073459439
      ],
      "omega_qnm": [
        7192.506073459439,
        -243.43774725345412
      ],
      "freq_hz": 1144.7228948095487,
      "damping_1_over_s": 243.43774725345412,
      "a": [
        -0.5893186906391842,
        0.3517459350024474
      ],
      "amp_abs": 0.686310222805568
    }
  ]
}
