{
  "created_at": "2026-04-17T09:25:55+00:00",
  "script": "01_extract_ringdown_poles.py",
  "script_version": "01_extract_ringdown_poles.py/v1.2",
  "event": "GW170814",
  "ifo": "H1+L1",
  "fs_hz": 4096.0,
  "dt": 0.000244140625,
  "t0_rel": -0.454763671875,
  "duration_s": 0.15,
  "preprocess": {
    "detrend": "mean",
    "hp_hz": 30.0,
    "lp_hz": null
  },
  "window": {
    "t0_rel": -0.454763671875,
    "duration_s": 0.15,
    "i0": 63674,
    "i1": 64288,
    "n_samples": 614,
    "t_rel_start": -0.45458984375,
    "t_rel_end": -0.304931640625
  },
  "fit": {
    "method": "esprit_matrix_pencil",
    "L": 307,
    "rank_used": 3,
    "residual_rms": NaN,
    "relative_rms": NaN,
    "singular_values": [],
    "singular_values_truncated": false
  },
  "poles": [
    {
      "i": 0,
      "z": [
        -0.6897575966388463,
        -0.7223381213222674
      ],
      "q": [
        -5.04859096491183,
        -9556.484591954737
      ],
      "omega_qnm": [
        9556.484591954737,
        -5.04859096491183
      ],
      "freq_hz": 1520.961761391131,
      "damping_1_over_s": 5.04859096491183,
      "a": [
        0.09611042989599233,
        -0.07262960622404128
      ],
      "amp_abs": 0.12046690182391076
    },
    {
      "i": 1,
      "z": [
        -0.16897661858649954,
        -0.9843436672101877
      ],
      "q": [
        -5.156072910403192,
        -7130.331312980591
      ],
      "omega_qnm": [
        7130.331312980591,
        -5.156072910403192
      ],
      "freq_hz": 1134.8274743437853,
      "damping_1_over_s": 5.156072910403192,
      "a": [
        0.017305857304902555,
        0.10053589455853038
      ],
      "amp_abs": 0.10201450285004376
    },
    {
      "i": 2,
      "z": [
        -0.34556908694702415,
        -0.9244703414362742
      ],
      "q": [
        -53.81914387618828,
        -7899.203564331124
      ],
      "omega_qnm": [
        7899.203564331124,
        -53.81914387618828
      ],
      "freq_hz": 1257.197293752417,
      "damping_1_over_s": 53.81914387618828,
      "a": [
        -0.14482455866237784,
        0.09248982118384261
      ],
      "amp_abs": 0.1718386447059325
    }
  ]
}
