{
  "created_at": "2026-04-17T09:25:55+00:00",
  "script": "01_extract_ringdown_poles.py",
  "script_version": "01_extract_ringdown_poles.py/v1.2",
  "event": "GW170814",
  "ifo": "H1",
  "fs_hz": 4096.0,
  "dt": 0.000244140625,
  "t0_rel": -0.454763671875,
  "duration_s": 0.15,
  "preprocess": {
    "detrend": "mean",
    "hp_hz": 30.0,
    "lp_hz": null
  },
  "window": {
    "t0_rel": -0.454763671875,
    "duration_s": 0.15,
    "i0": 63674,
    "i1": 64288,
    "n_samples": 614,
    "t_rel_start": -0.45458984375,
    "t_rel_end": -0.304931640625
  },
  "fit": {
    "method": "esprit_matrix_pencil",
    "L": 307,
    "rank_used": 2,
    "residual_rms": 0.9542533115730193,
    "relative_rms": 0.9862943450655284,
    "singular_values": [
      39.88249839718248,
      39.88103371159627,
      37.97050422818944,
      37.89660470173561,
      34.483168437585874,
      34.46268822179822,
      34.2493511401171,
      34.11826311542365,
      33.08679186035607,
      32.89210433913656,
      32.74003887477513,
      32.55569516351428,
      32.41822041245661,
      32.1715820752228,
      31.57609997370328,
      31.431611737315965,
      31.127303770206403,
      31.07557354895739,
      30.514642856874488,
      30.406723019883636,
      29.382672723606763,
      29.356543911262445,
      28.81833279493192,
      28.794256645717386,
      28.681215215597078,
      28.669647045667492,
      28.12190316769269,
      27.70311201690313,
      27.68719375064159,
      27.520271683919514,
      27.44157072156322,
      27.42969348509011,
      27.02466773541977,
      27.002999226163112,
      26.92671922201062,
      26.636483701801048,
      26.631670099744856,
      26.553765400635484,
      26.422050570944386,
      26.315142898123096,
      26.14608740343857,
      25.692808013980034,
      25.519465340654246,
      25.451093560364495,
      25.418360455639633,
      25.31390330953907,
      25.18160562981365,
      25.05680174954869,
      24.932329653135117,
      24.916632902165368,
      24.865167847752932,
      24.81601743840348,
      24.754483419068386,
      24.707462325053307,
      24.41655764252257,
      24.318618186930262,
      24.238083284417687,
      24.231714770746063,
      23.96809216839788,
      23.881258731451656,
      23.43829297380445,
      23.37126891570195,
      22.981609688375407,
      22.869487559329677
    ],
    "singular_values_truncated": true
  },
  "poles": [
    {
      "i": 0,
      "z": [
        -0.6897575966388463,
        -0.7223381213222674
      ],
      "q": [
        -5.04859096491183,
        -9556.484591954737
      ],
      "omega_qnm": [
        9556.484591954737,
        -5.04859096491183
      ],
      "freq_hz": 1520.961761391131,
      "damping_1_over_s": 5.04859096491183,
      "a": [
        0.09611042989599233,
        -0.07262960622404128
      ],
      "amp_abs": 0.12046690182391076
    },
    {
      "i": 1,
      "z": [
        -0.16897661858649954,
        -0.9843436672101877
      ],
      "q": [
        -5.156072910403192,
        -7130.331312980591
      ],
      "omega_qnm": [
        7130.331312980591,
        -5.156072910403192
      ],
      "freq_hz": 1134.8274743437853,
      "damping_1_over_s": 5.156072910403192,
      "a": [
        0.017305857304902555,
        0.10053589455853038
      ],
      "amp_abs": 0.10201450285004376
    }
  ]
}
