{
  "created_at": "2026-04-17T09:25:55+00:00",
  "script": "01_extract_ringdown_poles.py",
  "script_version": "01_extract_ringdown_poles.py/v1.2",
  "event": "GW170814",
  "ifo": "L1",
  "fs_hz": 4096.0,
  "dt": 0.000244140625,
  "t0_rel": -0.454763671875,
  "duration_s": 0.15,
  "preprocess": {
    "detrend": "mean",
    "hp_hz": 30.0,
    "lp_hz": null
  },
  "window": {
    "t0_rel": -0.454763671875,
    "duration_s": 0.15,
    "i0": 63674,
    "i1": 64288,
    "n_samples": 614,
    "t_rel_start": -0.45458984375,
    "t_rel_end": -0.304931640625
  },
  "fit": {
    "method": "esprit_matrix_pencil",
    "L": 307,
    "rank_used": 1,
    "residual_rms": 0.9441897434361489,
    "relative_rms": 0.9940443480178673,
    "singular_values": [
      38.16907249589767,
      38.11294159810714,
      34.50393754942578,
      34.49428274476659,
      33.372211266646424,
      33.36234859062018,
      33.04934540918366,
      32.838508377998025,
      32.704856835203685,
      32.692943346731184,
      32.65493585475555,
      32.650791224800294,
      32.19984957590952,
      32.16864962732683,
      30.1658141255428,
      30.00980141220623,
      29.927098009699904,
      29.626309178197225,
      29.534282218183442,
      29.51758310928628,
      28.90860319220265,
      28.853200139090738,
      28.272241620159203,
      28.2324095161383,
      27.882228593581438,
      27.807716469226087,
      27.764534026286103,
      27.645484295336548,
      27.258885168630886,
      27.246355588612417,
      27.214030923357896,
      27.201215614707074,
      26.97481452095953,
      26.97335883453674,
      26.870148646767905,
      26.83476964906529,
      26.672720181922905,
      26.607789067147138,
      26.55435181268082,
      26.488996168237794,
      26.428503702890467,
      26.415329664020515,
      26.14121997700162,
      25.99455626893727,
      25.858186229793613,
      25.83818440176448,
      25.660162076494238,
      25.519263903787,
      25.44345433291255,
      25.417875162946242,
      25.260037554789083,
      25.24699183522276,
      24.338341996846435,
      24.294961066827028,
      24.239079505683737,
      24.20358807651345,
      24.007795574048128,
      23.32767657779746,
      23.269368762554546,
      23.206913270948785,
      23.015929761551984,
      22.942966189039318,
      22.703958090839837,
      22.661720330158122
    ],
    "singular_values_truncated": true
  },
  "poles": [
    {
      "i": 0,
      "z": [
        -0.34556908694702415,
        -0.9244703414362742
      ],
      "q": [
        -53.81914387618828,
        -7899.203564331124
      ],
      "omega_qnm": [
        7899.203564331124,
        -53.81914387618828
      ],
      "freq_hz": 1257.197293752417,
      "damping_1_over_s": 53.81914387618828,
      "a": [
        -0.14482455866237784,
        0.09248982118384261
      ],
      "amp_abs": 0.1718386447059325
    }
  ]
}
