{
  "created_at": "2026-04-17T08:06:54+00:00",
  "script": "01_extract_ringdown_poles.py",
  "script_version": "01_extract_ringdown_poles.py/v1.2",
  "event": "GW190521_030229",
  "ifo": "H1+L1",
  "fs_hz": 4096.0,
  "dt": 0.000244140625,
  "t0_rel": 0.03810537338256836,
  "duration_s": 0.25,
  "preprocess": {
    "detrend": "mean",
    "hp_hz": 30.0,
    "lp_hz": null
  },
  "window": {
    "t0_rel": 0.03810537338256836,
    "duration_s": 0.25,
    "i0": 63235,
    "i1": 64259,
    "n_samples": 1024,
    "t_rel_start": 0.03823232650756836,
    "t_rel_end": 0.28798818588256836
  },
  "fit": {
    "method": "esprit_matrix_pencil",
    "L": 512,
    "rank_used": 3,
    "residual_rms": NaN,
    "relative_rms": NaN,
    "singular_values": [],
    "singular_values_truncated": false
  },
  "poles": [
    {
      "i": 0,
      "z": [
        0.6981785795667037,
        -0.7074884965880375
      ],
      "q": [
        -24.738531004594655,
        -3244.1188247080304
      ],
      "omega_qnm": [
        3244.1188247080304,
        -24.738531004594655
      ],
      "freq_hz": 516.317546929753,
      "damping_1_over_s": 24.738531004594655,
      "a": [
        0.08056154127738197,
        0.0057737316557976755
      ],
      "amp_abs": 0.08076817386954145
    },
    {
      "i": 1,
      "z": [
        0.9878551893136256,
        -0.09834797434766303
      ],
      "q": [
        -29.850643285617377,
        -406.4464685530233
      ],
      "omega_qnm": [
        406.4464685530233,
        -29.850643285617377
      ],
      "freq_hz": 64.68796457245826,
      "damping_1_over_s": 29.850643285617377,
      "a": [
        0.4041685656706627,
        0.652807543961142
      ],
      "amp_abs": 0.767795492907362
    },
    {
      "i": 2,
      "z": [
        0.5537084983833331,
        -0.8008259483340261
      ],
      "q": [
        -109.5477779750937,
        -3956.124843454072
      ],
      "omega_qnm": [
        3956.124843454072,
        -109.5477779750937
      ],
      "freq_hz": 629.6368243243662,
      "damping_1_over_s": 109.5477779750937,
      "a": [
        0.0675141092878497,
        0.3284641235298297
      ],
      "amp_abs": 0.33533093415184784
    }
  ]
}
