{
  "created_at": "2026-04-17T08:06:54+00:00",
  "script": "01_extract_ringdown_poles.py",
  "script_version": "01_extract_ringdown_poles.py/v1.2",
  "event": "GW190521_030229",
  "ifo": "H1",
  "fs_hz": 4096.0,
  "dt": 0.000244140625,
  "t0_rel": 0.03810537338256836,
  "duration_s": 0.25,
  "preprocess": {
    "detrend": "mean",
    "hp_hz": 30.0,
    "lp_hz": null
  },
  "window": {
    "t0_rel": 0.03810537338256836,
    "duration_s": 0.25,
    "i0": 63235,
    "i1": 64259,
    "n_samples": 1024,
    "t_rel_start": 0.03823232650756836,
    "t_rel_end": 0.28798818588256836
  },
  "fit": {
    "method": "esprit_matrix_pencil",
    "L": 512,
    "rank_used": 2,
    "residual_rms": 1.017868637174793,
    "relative_rms": 0.9971794320240377,
    "singular_values": [
      52.57282660238176,
      52.46319434544882,
      50.82883658775482,
      50.78190389341929,
      50.353621193418995,
      50.318556345126275,
      47.66383279280868,
      47.61240041727121,
      47.39433824910033,
      47.377189143677604,
      46.725344773997435,
      45.93484831614732,
      45.51092133486649,
      45.26494573270386,
      44.95485721371292,
      44.86523188892377,
      43.73223776310121,
      43.540547496892685,
      43.04140063748127,
      42.999905174682986,
      42.486151045046064,
      42.34668522049325,
      42.293635518827465,
      42.269769309862596,
      42.220309683754685,
      42.035317391224865,
      41.34636718813001,
      41.1896059757469,
      40.71861483298924,
      40.671009355808586,
      39.75542511051595,
      39.65896584468412,
      39.62230336741331,
      39.48463076662922,
      39.3852079427599,
      38.903938742843806,
      38.86417722584854,
      38.60710023647467,
      38.56116084478807,
      38.54459156899019,
      38.52539863642774,
      38.43614034963,
      38.41070620794667,
      38.276523407437665,
      37.243978298818945,
      37.17731324996401,
      37.001654485859014,
      36.98285218460035,
      36.9268250857646,
      36.91923739755293,
      36.52556051165987,
      36.496749211728535,
      36.39918136003947,
      36.37935547146898,
      36.305988223206356,
      36.28879185000887,
      36.19523296004741,
      36.15775955195362,
      35.97644241333102,
      35.94601428878538,
      35.91856331726719,
      35.83206064947392,
      35.50174601870484,
      35.290260027424914
    ],
    "singular_values_truncated": true
  },
  "poles": [
    {
      "i": 0,
      "z": [
        0.6981785795667037,
        -0.7074884965880375
      ],
      "q": [
        -24.738531004594655,
        -3244.1188247080304
      ],
      "omega_qnm": [
        3244.1188247080304,
        -24.738531004594655
      ],
      "freq_hz": 516.317546929753,
      "damping_1_over_s": 24.738531004594655,
      "a": [
        0.08056154127738197,
        0.0057737316557976755
      ],
      "amp_abs": 0.08076817386954145
    },
    {
      "i": 1,
      "z": [
        0.5537084983833331,
        -0.8008259483340261
      ],
      "q": [
        -109.5477779750937,
        -3956.124843454072
      ],
      "omega_qnm": [
        3956.124843454072,
        -109.5477779750937
      ],
      "freq_hz": 629.6368243243662,
      "damping_1_over_s": 109.5477779750937,
      "a": [
        0.0675141092878497,
        0.3284641235298297
      ],
      "amp_abs": 0.33533093415184784
    }
  ]
}
