{
  "created_at": "2026-04-17T08:06:54+00:00",
  "script": "01_extract_ringdown_poles.py",
  "script_version": "01_extract_ringdown_poles.py/v1.2",
  "event": "GW190521_030229",
  "ifo": "L1",
  "fs_hz": 4096.0,
  "dt": 0.000244140625,
  "t0_rel": 0.03810537338256836,
  "duration_s": 0.25,
  "preprocess": {
    "detrend": "mean",
    "hp_hz": 30.0,
    "lp_hz": null
  },
  "window": {
    "t0_rel": 0.03810537338256836,
    "duration_s": 0.25,
    "i0": 63235,
    "i1": 64259,
    "n_samples": 1024,
    "t_rel_start": 0.03823232650756836,
    "t_rel_end": 0.28798818588256836
  },
  "fit": {
    "method": "esprit_matrix_pencil",
    "L": 512,
    "rank_used": 1,
    "residual_rms": 0.9798585178126984,
    "relative_rms": 0.9588058563076443,
    "singular_values": [
      66.41247670879166,
      61.738841721595946,
      61.669628375347926,
      60.55828142507932,
      54.11420154449368,
      54.058020091915154,
      51.910528801373296,
      51.8242691223629,
      49.2270830287995,
      49.16902275748537,
      46.68423709351638,
      46.668175296333395,
      45.64805375196228,
      45.62382896610517,
      44.99832384190102,
      44.90180317504982,
      43.571775344545244,
      43.46605558723403,
      43.25774141732442,
      43.20105187772059,
      42.23122052503533,
      42.21870937342935,
      41.11325531710443,
      40.989223274649476,
      40.85775780532673,
      40.82669003290516,
      40.32395258581059,
      40.220624110805005,
      40.21232791879753,
      40.186988308733326,
      39.95944921759635,
      39.852617050924486,
      39.32326732583018,
      39.26115792222546,
      39.105031112908016,
      38.90582097070055,
      38.80863105661463,
      38.76681412285253,
      38.3806371472501,
      38.35779418603603,
      37.97502891630176,
      37.9684742597613,
      37.27305515406727,
      37.04431988750115,
      37.03257626278962,
      36.73822176152463,
      36.737666749627884,
      36.63458968025827,
      36.52148513410437,
      36.42348713957756,
      36.27763840053991,
      36.188732550539655,
      36.13616773194417,
      36.092099160136954,
      34.9304006757012,
      34.83508586758311,
      34.79187938475021,
      34.703687077632274,
      34.63499424143722,
      34.38740499750391,
      34.34199129669064,
      34.2699527612544,
      34.208541176034885,
      33.937071239607235
    ],
    "singular_values_truncated": true
  },
  "poles": [
    {
      "i": 0,
      "z": [
        0.9878551893136256,
        -0.09834797434766303
      ],
      "q": [
        -29.850643285617377,
        -406.4464685530233
      ],
      "omega_qnm": [
        406.4464685530233,
        -29.850643285617377
      ],
      "freq_hz": 64.68796457245826,
      "damping_1_over_s": 29.850643285617377,
      "a": [
        0.4041685656706627,
        0.652807543961142
      ],
      "amp_abs": 0.767795492907362
    }
  ]
}
