{
  "created_at": "2026-04-19T20:25:32+00:00",
  "script": "01_extract_ringdown_poles.py",
  "script_version": "01_extract_ringdown_poles.py/v1.3",
  "event": "GW170104",
  "ifo": "L1",
  "fs_hz": 4096.0,
  "dt": 0.000244140625,
  "t0_rel": -0.41504482650756835,
  "duration_s": 0.011,
  "preprocess": {
    "detrend": "mean",
    "hp_hz": 30.0,
    "lp_hz": null
  },
  "window": {
    "t0_rel": -0.41504482650756835,
    "duration_s": 0.011,
    "i0": 63837,
    "i1": 63882,
    "n_samples": 45,
    "t_rel_start": -0.41494131088256836,
    "t_rel_end": -0.40419912338256836
  },
  "fit": {
    "method": "esprit_matrix_pencil",
    "L": 22,
    "rank_used": 1,
    "residual_rms": 0.8819640264214338,
    "relative_rms": 0.9204094226511331,
    "singular_values": [
      9.563691843586096,
      8.204959323988323,
      6.274480249631848,
      5.969208443696384,
      5.656777493311775,
      5.522755039625508,
      5.310542387152759,
      4.90422774510969,
      4.064414769477199,
      3.8324966442449155,
      3.6720450908677367,
      3.493784285818907,
      3.1911560552342815,
      3.124762586914071,
      2.358414199761646,
      2.0967459939408903,
      1.9923320576681354,
      1.2389618295195273,
      0.9898986028351102,
      0.9417166801078637,
      0.517053234773988,
      0.02990812096030235
    ],
    "singular_values_truncated": false
  },
  "poles": [
    {
      "i": 0,
      "z": [
        0.8899742703667313,
        -0.44521241358846425
      ],
      "q": [
        -20.028144412491695,
        -1899.9299759858359
      ],
      "omega_qnm": [
        1899.9299759858359,
        -20.028144412491695
      ],
      "freq_hz": 302.38324720661177,
      "damping_1_over_s": 20.028144412491695,
      "a": [
        -0.2779376474335623,
        -0.08135159318191465
      ],
      "amp_abs": 0.28959871818455774
    }
  ]
}
