{
  "created_at": "2026-04-19T20:25:32+00:00",
  "script": "01_extract_ringdown_poles.py",
  "script_version": "01_extract_ringdown_poles.py/v1.3",
  "event": "GW170104",
  "ifo": "H1",
  "fs_hz": 4096.0,
  "dt": 0.000244140625,
  "t0_rel": -0.41504482650756835,
  "duration_s": 0.011,
  "preprocess": {
    "detrend": "mean",
    "hp_hz": 30.0,
    "lp_hz": null
  },
  "window": {
    "t0_rel": -0.41504482650756835,
    "duration_s": 0.011,
    "i0": 63837,
    "i1": 63882,
    "n_samples": 45,
    "t_rel_start": -0.41494131088256836,
    "t_rel_end": -0.40419912338256836
  },
  "fit": {
    "method": "esprit_matrix_pencil",
    "L": 22,
    "rank_used": 1,
    "residual_rms": 0.843074144641334,
    "relative_rms": 0.9462530775657192,
    "singular_values": [
      7.768151490679752,
      7.608034591585267,
      6.541393470550415,
      6.389218255374096,
      5.597281351426955,
      5.2987825539304305,
      5.214438403802735,
      5.004830788148674,
      4.091677557841172,
      3.7502075360040945,
      3.5840989868175988,
      3.397140640525416,
      2.745070830810319,
      2.453516288663219,
      2.2578683509240007,
      2.1767848401808645,
      1.6048947423745084,
      1.3636009567549066,
      1.0595620051345584,
      0.7638272003550411,
      0.4869401450491976,
      0.03759741292364989
    ],
    "singular_values_truncated": false
  },
  "poles": [
    {
      "i": 0,
      "z": [
        0.060372025834623616,
        -0.955274668586431
      ],
      "q": [
        -179.2545362749234,
        -6175.464083953458
      ],
      "omega_qnm": [
        6175.464083953458,
        -179.2545362749234
      ],
      "freq_hz": 982.8556348476561,
      "damping_1_over_s": 179.2545362749234,
      "a": [
        0.25041767563615847,
        0.3131638055600525
      ],
      "amp_abs": 0.40097453957061996
    }
  ]
}
