{
  "created_at": "2026-04-19T20:25:32+00:00",
  "script": "01_extract_ringdown_poles.py",
  "script_version": "01_extract_ringdown_poles.py/v1.3",
  "event": "GW170104",
  "ifo": "H1+L1",
  "fs_hz": 4096.0,
  "dt": 0.000244140625,
  "t0_rel": -0.41504482650756835,
  "duration_s": 0.011,
  "preprocess": {
    "detrend": "mean",
    "hp_hz": 30.0,
    "lp_hz": null
  },
  "window": {
    "t0_rel": -0.41504482650756835,
    "duration_s": 0.011,
    "i0": 63837,
    "i1": 63882,
    "n_samples": 45,
    "t_rel_start": -0.41494131088256836,
    "t_rel_end": -0.40419912338256836
  },
  "fit": {
    "method": "esprit_matrix_pencil",
    "L": 22,
    "rank_used": 2,
    "residual_rms": 0.843074144641334,
    "relative_rms": 0.9462530775657192,
    "singular_values": [],
    "singular_values_truncated": false
  },
  "poles": [
    {
      "i": 0,
      "z": [
        0.8899742703667313,
        -0.44521241358846425
      ],
      "q": [
        -20.028144412491695,
        -1899.9299759858359
      ],
      "omega_qnm": [
        1899.9299759858359,
        -20.028144412491695
      ],
      "freq_hz": 302.38324720661177,
      "damping_1_over_s": 20.028144412491695,
      "a": [
        -0.2779376474335623,
        -0.08135159318191465
      ],
      "amp_abs": 0.28959871818455774
    },
    {
      "i": 1,
      "z": [
        0.060372025834623616,
        -0.955274668586431
      ],
      "q": [
        -179.2545362749234,
        -6175.464083953458
      ],
      "omega_qnm": [
        6175.464083953458,
        -179.2545362749234
      ],
      "freq_hz": 982.8556348476561,
      "damping_1_over_s": 179.2545362749234,
      "a": [
        0.25041767563615847,
        0.3131638055600525
      ],
      "amp_abs": 0.40097453957061996
    }
  ]
}
