i,omega_re,omega_im,freq_hz,damping_1_over_s,amp_abs,a_re,a_im,z_re,z_im,q_re,q_im
0,3.200765073009211847e+03,-1.157358450761940445e-02,5.094175830453073672e+02,1.157358450761940445e-02,2.566812769671692959e-02,-2.450985443539946407e-02,-7.623635288397268006e-03,7.099003370840231142e-01,-7.042981330797688511e-01,-1.157358450761940445e-02,-3.200765073009211847e+03
1,1.046574072092285860e+04,-1.643488448765035026e-01,1.665674368853009355e+03,1.643488448765035026e-01,4.094359806896051557e-02,3.630841985129226734e-02,-1.892291919168057057e-02,-8.328604037794733461e-01,-5.534106093821311578e-01,-1.643488448765035026e-01,-1.046574072092285860e+04
2,5.730845283989554446e+03,-2.678788654164045435e-01,9.120923550418143577e+02,2.678788654164045435e-01,6.145320790321263243e-02,-6.139760193891329043e-02,-2.613663663562644512e-03,1.708111304817204745e-01,-9.852374160730393848e-01,-2.678788654164045435e-01,-5.730845283989554446e+03
3,4.127228063881321759e+03,-3.505358327716887601e-01,6.568687476343051230e+02,3.505358327716887601e-01,2.579042692882848112e-02,-8.417774024040879793e-03,-2.437800651512390948e-02,5.338255708952572842e-01,-8.454934147767249053e-01,-3.505358327716887601e-01,-4.127228063881321759e+03
4,3.370951987741148059e+02,-3.701047594933897233e-01,5.365036717744538919e+01,3.701047594933897233e-01,1.011154197676957384e-01,-6.964380990381087433e-02,7.330803405411422113e-02,9.965253308327250981e-01,-8.219833405940911442e-02,-3.701047594933897233e-01,-3.370951987741148059e+02
5,1.962121007346283022e+03,-5.170607855395699115e-01,3.122812572636100299e+02,5.170607855395699115e-01,1.907051085917792904e-02,1.464751445009123548e-02,1.221207209544685618e-02,8.873288219756463313e-01,-4.608634531754121633e-01,-5.170607855395699115e-01,-1.962121007346283022e+03
6,1.004034828683679007e+04,-5.645708850031656567e-01,1.597971060214318186e+03,5.645708850031656567e-01,9.282662363212323964e-02,-9.250237189710305841e-02,-7.751983510682985967e-03,-7.709259880177216084e-01,-6.367083238145770929e-01,-5.645708850031656567e-01,-1.004034828683679007e+04
7,3.667036791537131649e+03,-5.804761518721568425e-01,5.836270318729787050e+02,5.804761518721568425e-01,7.141355497657608797e-02,6.801695891063588850e-02,-2.176210318285721340e-02,6.252174551452777118e-01,-7.802690166376672343e-01,-5.804761518721568425e-01,-3.667036791537131649e+03
