{
  "created_at": "2026-04-18T06:28:01+00:00",
  "script": "01_extract_ringdown_poles.py",
  "script_version": "01_extract_ringdown_poles.py/v1.3",
  "event": "GW191109_010717",
  "ifo": "H1",
  "fs_hz": 4096.0,
  "dt": 0.000244140625,
  "t0_rel": 0.02070307731628418,
  "duration_s": 0.05,
  "preprocess": {
    "detrend": "mean",
    "hp_hz": 30.0,
    "lp_hz": null
  },
  "window": {
    "t0_rel": 0.02070307731628418,
    "duration_s": 0.05,
    "i0": 62344,
    "i1": 62549,
    "n_samples": 205,
    "t_rel_start": 0.02070307731628418,
    "t_rel_end": 0.07050776481628418
  },
  "fit": {
    "method": "esprit_matrix_pencil",
    "L": 102,
    "rank_used": 2,
    "residual_rms": 1.0054331534204803,
    "relative_rms": 0.9927844848061502,
    "singular_values": [
      20.027804945608956,
      19.814631388365942,
      17.97591839039596,
      17.823971903057505,
      17.178188773436354,
      16.877692968948566,
      16.777829057479355,
      16.728823603994925,
      16.232979525506703,
      15.834733186682252,
      15.733042670902924,
      15.684588972502148,
      15.160333953501356,
      15.155167114575264,
      15.117763379912818,
      14.918775277874987,
      14.76452322742883,
      14.728036971897279,
      14.572219946126271,
      14.315437105959624,
      13.286757050640515,
      13.100274806349969,
      13.017605650480006,
      12.75587270094042,
      12.57599099083923,
      12.540888978879746,
      12.09489278815351,
      12.028196326395541,
      11.986379574620164,
      11.858213213964353,
      11.519176134809937,
      11.143917429853456,
      10.972426628192492,
      10.89565497557595,
      10.832781190280595,
      10.812380250185123,
      10.44717572810099,
      10.393226108672954,
      10.14978332086979,
      10.07872081943491,
      9.954241192533969,
      9.926768828095312,
      9.752230011291616,
      9.649633454236984,
      9.489271026822781,
      9.085944411424794,
      9.0384406341845,
      8.941802394583059,
      8.861224068843605,
      8.736031637102275,
      8.71731194396612,
      8.650021765496726,
      8.472920502455052,
      8.229914066084637,
      8.169884631706255,
      8.142050123451257,
      7.828768168608779,
      7.522018494285789,
      7.4424376715890554,
      7.3646080615775915,
      7.263288132265463,
      7.208625771565668,
      6.745746468827382,
      6.536216679590704
    ],
    "singular_values_truncated": true
  },
  "poles": [
    {
      "i": 0,
      "z": [
        0.6609468705200161,
        -0.7310086777435435
      ],
      "q": [
        -59.79685128069375,
        -3422.9825029633816
      ],
      "omega_qnm": [
        3422.9825029633816,
        -59.79685128069375
      ],
      "freq_hz": 544.7845854636905,
      "damping_1_over_s": 59.79685128069375,
      "a": [
        -0.09781429545787332,
        0.01966246482126935
      ],
      "amp_abs": 0.09977098234841528
    },
    {
      "i": 1,
      "z": [
        -0.1547166486328992,
        -0.9278507144064984
      ],
      "q": [
        -250.55991078053958,
        -7110.752283583873
      ],
      "omega_qnm": [
        7110.752283583873,
        -250.55991078053958
      ],
      "freq_hz": 1131.711375034356,
      "damping_1_over_s": 250.55991078053958,
      "a": [
        0.35483344120003446,
        0.12593725885382992
      ],
      "amp_abs": 0.3765195402120252
    }
  ]
}
