{
  "created_at": "2026-04-15T11:51:18+00:00",
  "script": "01_extract_ringdown_poles.py",
  "script_version": "01_extract_ringdown_poles.py/v1.1",
  "event": "GW191109_010717",
  "ifo": "L1",
  "fs_hz": 4096.0,
  "dt": 0.000244140625,
  "t0_rel": -0.13920903205871582,
  "duration_s": 0.25,
  "preprocess": {
    "detrend": "mean",
    "hp_hz": null,
    "lp_hz": null
  },
  "window": {
    "t0_rel": -0.13920903205871582,
    "duration_s": 0.25,
    "i0": 61689,
    "i1": 62714,
    "n_samples": 1025,
    "t_rel_start": -0.13920903205871582,
    "t_rel_end": 0.11079096794128418
  },
  "fit": {
    "method": "esprit_matrix_pencil",
    "L": 512,
    "rank_used": 8,
    "residual_rms": 0.7876277881827155,
    "relative_rms": 0.7811955584147776,
    "singular_values": [
      88.34290430046794,
      87.6762733706527,
      78.93244227938696,
      78.62709140496865,
      74.77464386450856,
      74.37486768701389,
      67.52723763937112,
      67.49319837558383,
      65.16006099053209,
      64.99574844348906,
      61.13190655392967,
      61.046307081438925,
      54.90944528317365,
      54.491384905360434,
      51.00054501139374,
      50.93211968209954,
      50.141642682275595,
      49.57037515063422,
      48.81417071920328,
      48.748050921476896,
      47.39963140943357,
      46.97225430880498,
      46.16037330841483,
      45.96144873613003,
      44.995957775381065,
      44.91764254028609,
      44.49509679968683,
      44.33088937740072,
      44.23461373382784,
      44.115622348494625,
      43.72519378141566,
      43.70435091796417,
      43.44366968881717,
      43.06056080144046,
      42.95910652753944,
      42.73468818825543,
      42.007470515410546,
      41.952807292885176,
      41.70824215997337,
      41.65182514132942,
      39.41619016986311,
      39.38986107312072,
      39.21898078505277,
      39.19563257613024,
      38.67955855422826,
      38.64418935173656,
      38.04756814961836,
      38.038119259686006,
      37.17770127091116,
      36.9915533700199,
      36.853376083323575,
      36.81843858480087,
      36.793002565254305,
      36.726348808082186,
      36.56303171924882,
      36.561953590149905,
      36.23157520585757,
      35.984266651271,
      35.97487435765182,
      35.95052164906786,
      35.37236075466168,
      35.27005328019818,
      35.21737003200592,
      35.18032655371457
    ],
    "singular_values_truncated": true
  },
  "poles": [
    {
      "i": 0,
      "z": [
        -0.659732761566596,
        -0.7514729077564793
      ],
      "q": [
        -0.08428148840626935,
        -9385.072598160521
      ],
      "omega_qnm": [
        9385.072598160521,
        -0.08428148840626935
      ],
      "freq_hz": 1493.6806952735442,
      "damping_1_over_s": 0.08428148840626935,
      "a": [
        0.02620155115735092,
        0.029596559020014353
      ],
      "amp_abs": 0.03952818727030713
    },
    {
      "i": 1,
      "z": [
        0.6552768586817528,
        -0.7553141137646284
      ],
      "q": [
        -0.23108483008198466,
        -3506.9882795302824
      ],
      "omega_qnm": [
        3506.9882795302824,
        -0.23108483008198466
      ],
      "freq_hz": 558.154520052586,
      "damping_1_over_s": 0.23108483008198466,
      "a": [
        0.06261492182524428,
        -0.058353463632186436
      ],
      "amp_abs": 0.08559062538067097
    },
    {
      "i": 2,
      "z": [
        -0.09615995985571218,
        -0.9952374124392589
      ],
      "q": [
        -0.523853235495324,
        -6828.513105320915
      ],
      "omega_qnm": [
        6828.513105320915,
        -0.523853235495324
      ],
      "freq_hz": 1086.7916146796117,
      "damping_1_over_s": 0.523853235495324,
      "a": [
        0.04555678519485086,
        0.012824053681105396
      ],
      "amp_abs": 0.04732733914034948
    },
    {
      "i": 3,
      "z": [
        0.3490067469432857,
        -0.9369631917844229
      ],
      "q": [
        -0.602749203426376,
        -4973.488222021901
      ],
      "omega_qnm": [
        4973.488222021901,
        -0.602749203426376
      ],
      "freq_hz": 791.5552349441074,
      "damping_1_over_s": 0.602749203426376,
      "a": [
        -0.030811809611980864,
        -0.037996912151951605
      ],
      "amp_abs": 0.04891965805939452
    },
    {
      "i": 4,
      "z": [
        0.9990340375922613,
        -0.03934392386330049
      ],
      "q": [
        -0.7846313339558236,
        -161.22521439640803
      ],
      "omega_qnm": [
        161.22521439640803,
        -0.7846313339558236
      ],
      "freq_hz": 25.659789822238945,
      "damping_1_over_s": 0.7846313339558236,
      "a": [
        -0.09640261359174365,
        0.03356282114269196
      ],
      "amp_abs": 0.10207804303754736
    },
    {
      "i": 5,
      "z": [
        0.5517139916003408,
        -0.8338015707792871
      ],
      "q": [
        -0.7919345502503441,
        -4039.682065343858
      ],
      "omega_qnm": [
        4039.682065343858,
        -0.7919345502503441
      ],
      "freq_hz": 642.935369219152,
      "damping_1_over_s": 0.7919345502503441,
      "a": [
        0.02266094946425061,
        -0.014055377201947366
      ],
      "amp_abs": 0.026665938177951695
    },
    {
      "i": 6,
      "z": [
        -0.8876386780539748,
        -0.4600755393302239
      ],
      "q": [
        -0.8768859811785987,
        -10909.292262250498
      ],
      "omega_qnm": [
        10909.292262250498,
        -0.8768859811785987
      ],
      "freq_hz": 1736.2677891713322,
      "damping_1_over_s": 0.8768859811785987,
      "a": [
        -0.06724376364630706,
        -0.01343741935682144
      ],
      "amp_abs": 0.0685732308433217
    },
    {
      "i": 7,
      "z": [
        -0.8570772357366474,
        -0.514664243055505
      ],
      "q": [
        -1.104843555384331,
        -10652.937047906566
      ],
      "omega_qnm": [
        10652.937047906566,
        -1.104843555384331
      ],
      "freq_hz": 1695.467589621113,
      "damping_1_over_s": 1.104843555384331,
      "a": [
        0.02326205206140604,
        -0.02284509066487944
      ],
      "amp_abs": 0.032604006404031494
    }
  ]
}
