i,omega_re,omega_im,freq_hz,damping_1_over_s,amp_abs,a_re,a_im,z_re,z_im,q_re,q_im
0,9.385072598160521011e+03,-8.428148840626935312e-02,1.493680695273544188e+03,8.428148840626935312e-02,3.952818727030713020e-02,2.620155115735092050e-02,2.959655902001435274e-02,-6.597327615665959932e-01,-7.514729077564793469e-01,-8.428148840626935312e-02,-9.385072598160521011e+03
1,3.506988279530282398e+03,-2.310848300819846601e-01,5.581545200525860082e+02,2.310848300819846601e-01,8.559062538067097048e-02,6.261492182524427963e-02,-5.835346363218643639e-02,6.552768586817527829e-01,-7.553141137646284253e-01,-2.310848300819846601e-01,-3.506988279530282398e+03
2,6.828513105320915201e+03,-5.238532354953240322e-01,1.086791614679611712e+03,5.238532354953240322e-01,4.732733914034947809e-02,4.555678519485086009e-02,1.282405368110539623e-02,-9.615995985571218485e-02,-9.952374124392588950e-01,-5.238532354953240322e-01,-6.828513105320915201e+03
3,4.973488222021900583e+03,-6.027492034263759457e-01,7.915552349441073829e+02,6.027492034263759457e-01,4.891965805939452183e-02,-3.081180961198086432e-02,-3.799691215195160482e-02,3.490067469432857061e-01,-9.369631917844228886e-01,-6.027492034263759457e-01,-4.973488222021900583e+03
4,1.612252143964080346e+02,-7.846313339558236288e-01,2.565978982223894533e+01,7.846313339558236288e-01,1.020780430375473613e-01,-9.640261359174365219e-02,3.356282114269196204e-02,9.990340375922612814e-01,-3.934392386330048952e-02,-7.846313339558236288e-01,-1.612252143964080346e+02
5,4.039682065343858085e+03,-7.919345502503440937e-01,6.429353692191519940e+02,7.919345502503440937e-01,2.666593817795169519e-02,2.266094946425060985e-02,-1.405537720194736592e-02,5.517139916003408473e-01,-8.338015707792870712e-01,-7.919345502503440937e-01,-4.039682065343858085e+03
6,1.090929226225049752e+04,-8.768859811785987279e-01,1.736267789171332197e+03,8.768859811785987279e-01,6.857323084332170304e-02,-6.724376364630706149e-02,-1.343741935682143951e-02,-8.876386780539747834e-01,-4.600755393302238816e-01,-8.768859811785987279e-01,-1.090929226225049752e+04
7,1.065293704790656557e+04,-1.104843555384330989e+00,1.695467589621112893e+03,1.104843555384330989e+00,3.260400640403149364e-02,2.326205206140603832e-02,-2.284509066487944162e-02,-8.570772357366474026e-01,-5.146642430555049552e-01,-1.104843555384330989e+00,-1.065293704790656557e+04
