{
  "created_at": "2026-04-18T06:28:01+00:00",
  "script": "01_extract_ringdown_poles.py",
  "script_version": "01_extract_ringdown_poles.py/v1.3",
  "event": "GW191109_010717",
  "ifo": "H1+L1",
  "fs_hz": 4096.0,
  "dt": 0.000244140625,
  "t0_rel": 0.02070307731628418,
  "duration_s": 0.05,
  "preprocess": {
    "detrend": "mean",
    "hp_hz": 30.0,
    "lp_hz": null
  },
  "window": {
    "t0_rel": 0.02070307731628418,
    "duration_s": 0.05,
    "i0": 62344,
    "i1": 62549,
    "n_samples": 205,
    "t_rel_start": 0.02070307731628418,
    "t_rel_end": 0.07050776481628418
  },
  "fit": {
    "method": "esprit_matrix_pencil",
    "L": 102,
    "rank_used": 4,
    "residual_rms": 1.0054331534204803,
    "relative_rms": 0.9927844848061502,
    "singular_values": [],
    "singular_values_truncated": false
  },
  "poles": [
    {
      "i": 0,
      "z": [
        -0.8714351039056781,
        -0.4853644089325638
      ],
      "q": [
        -10.311483609465355,
        -10786.459234176815
      ],
      "omega_qnm": [
        10786.459234176815,
        -10.311483609465355
      ],
      "freq_hz": 1716.7183055784599,
      "damping_1_over_s": 10.311483609465355,
      "a": [
        -0.05427891711069707,
        0.12646663111955297
      ],
      "amp_abs": 0.1376227075356353
    },
    {
      "i": 1,
      "z": [
        0.6609468705200161,
        -0.7310086777435435
      ],
      "q": [
        -59.79685128069375,
        -3422.9825029633816
      ],
      "omega_qnm": [
        3422.9825029633816,
        -59.79685128069375
      ],
      "freq_hz": 544.7845854636905,
      "damping_1_over_s": 59.79685128069375,
      "a": [
        -0.09781429545787332,
        0.01966246482126935
      ],
      "amp_abs": 0.09977098234841528
    },
    {
      "i": 2,
      "z": [
        -0.6264100804918946,
        -0.756727597257937
      ],
      "q": [
        -72.90876050204668,
        -9266.188507037334
      ],
      "omega_qnm": [
        9266.188507037334,
        -72.90876050204668
      ],
      "freq_hz": 1474.7597045163016,
      "damping_1_over_s": 72.90876050204668,
      "a": [
        -0.0011770887790646112,
        -0.30266272323436405
      ],
      "amp_abs": 0.3026650121398822
    },
    {
      "i": 3,
      "z": [
        -0.1547166486328992,
        -0.9278507144064984
      ],
      "q": [
        -250.55991078053958,
        -7110.752283583873
      ],
      "omega_qnm": [
        7110.752283583873,
        -250.55991078053958
      ],
      "freq_hz": 1131.711375034356,
      "damping_1_over_s": 250.55991078053958,
      "a": [
        0.35483344120003446,
        0.12593725885382992
      ],
      "amp_abs": 0.3765195402120252
    }
  ]
}
