{
  "created_at": "2026-04-15T11:51:18+00:00",
  "script": "01_extract_ringdown_poles.py",
  "script_version": "01_extract_ringdown_poles.py/v1.1",
  "event": "GW191109_010717",
  "ifo": "H1",
  "fs_hz": 4096.0,
  "dt": 0.000244140625,
  "t0_rel": -0.13920903205871582,
  "duration_s": 0.25,
  "preprocess": {
    "detrend": "mean",
    "hp_hz": null,
    "lp_hz": null
  },
  "window": {
    "t0_rel": -0.13920903205871582,
    "duration_s": 0.25,
    "i0": 61689,
    "i1": 62714,
    "n_samples": 1025,
    "t_rel_start": -0.13920903205871582,
    "t_rel_end": 0.11079096794128418
  },
  "fit": {
    "method": "esprit_matrix_pencil",
    "L": 512,
    "rank_used": 8,
    "residual_rms": 0.7660385576815464,
    "relative_rms": 0.7585889640729802,
    "singular_values": [
      70.6394135764126,
      70.28417376425026,
      69.72769300782836,
      69.60962060725564,
      63.52850884489088,
      63.37427391384608,
      57.03822049306233,
      56.691415143358014,
      52.49898616293772,
      52.47896029581179,
      51.49844887913661,
      51.488229558981104,
      50.48242832123252,
      50.37134292929935,
      50.094614586960176,
      49.82831187917175,
      47.99488613632441,
      47.83907207757479,
      47.02327729663962,
      46.9395796194054,
      46.28800398942299,
      44.95188060130252,
      43.023399893544834,
      42.907580815691325,
      42.21121453453396,
      42.170956131283226,
      41.67781205795834,
      41.44041704435959,
      41.253195443741006,
      40.84215694542921,
      40.75255770697412,
      40.72224126577168,
      39.89299685773562,
      39.835489909985476,
      39.6021968398572,
      39.51011690249228,
      39.20962256981075,
      39.11063503059419,
      39.01628829447989,
      38.99084111287517,
      38.09431912458296,
      38.07298802919369,
      38.02302240019678,
      38.00225823560477,
      37.97849089579629,
      37.96109819549011,
      37.625557454303824,
      37.54743818502615,
      37.22385144173516,
      36.73226952596347,
      36.711356117299644,
      36.262185103795,
      35.90114919560446,
      35.75802825293029,
      35.685693080929966,
      35.633938643515066,
      35.5628874474361,
      35.52881834332445,
      35.301560768870615,
      35.27576505922186,
      35.08284108701057,
      35.00359033945862,
      34.94972723518424,
      34.92809099645599
    ],
    "singular_values_truncated": true
  },
  "poles": [
    {
      "i": 0,
      "z": [
        0.7099003370840231,
        -0.7042981330797689
      ],
      "q": [
        -0.011573584507619404,
        -3200.765073009212
      ],
      "omega_qnm": [
        3200.765073009212,
        -0.011573584507619404
      ],
      "freq_hz": 509.41758304530737,
      "damping_1_over_s": 0.011573584507619404,
      "a": [
        -0.024509854435399464,
        -0.007623635288397268
      ],
      "amp_abs": 0.02566812769671693
    },
    {
      "i": 1,
      "z": [
        -0.8328604037794733,
        -0.5534106093821312
      ],
      "q": [
        -0.1643488448765035,
        -10465.740720922859
      ],
      "omega_qnm": [
        10465.740720922859,
        -0.1643488448765035
      ],
      "freq_hz": 1665.6743688530094,
      "damping_1_over_s": 0.1643488448765035,
      "a": [
        0.03630841985129227,
        -0.01892291919168057
      ],
      "amp_abs": 0.040943598068960516
    },
    {
      "i": 2,
      "z": [
        0.17081113048172047,
        -0.9852374160730394
      ],
      "q": [
        -0.26787886541640454,
        -5730.845283989554
      ],
      "omega_qnm": [
        5730.845283989554,
        -0.26787886541640454
      ],
      "freq_hz": 912.0923550418144,
      "damping_1_over_s": 0.26787886541640454,
      "a": [
        -0.06139760193891329,
        -0.0026136636635626445
      ],
      "amp_abs": 0.06145320790321263
    },
    {
      "i": 3,
      "z": [
        0.5338255708952573,
        -0.8454934147767249
      ],
      "q": [
        -0.35053583277168876,
        -4127.228063881322
      ],
      "omega_qnm": [
        4127.228063881322,
        -0.35053583277168876
      ],
      "freq_hz": 656.8687476343051,
      "damping_1_over_s": 0.35053583277168876,
      "a": [
        -0.00841777402404088,
        -0.02437800651512391
      ],
      "amp_abs": 0.02579042692882848
    },
    {
      "i": 4,
      "z": [
        0.9965253308327251,
        -0.08219833405940911
      ],
      "q": [
        -0.3701047594933897,
        -337.0951987741148
      ],
      "omega_qnm": [
        337.0951987741148,
        -0.3701047594933897
      ],
      "freq_hz": 53.65036717744539,
      "damping_1_over_s": 0.3701047594933897,
      "a": [
        -0.06964380990381087,
        0.07330803405411422
      ],
      "amp_abs": 0.10111541976769574
    },
    {
      "i": 5,
      "z": [
        0.8873288219756463,
        -0.46086345317541216
      ],
      "q": [
        -0.5170607855395699,
        -1962.121007346283
      ],
      "omega_qnm": [
        1962.121007346283,
        -0.5170607855395699
      ],
      "freq_hz": 312.28125726361003,
      "damping_1_over_s": 0.5170607855395699,
      "a": [
        0.014647514450091235,
        0.012212072095446856
      ],
      "amp_abs": 0.01907051085917793
    },
    {
      "i": 6,
      "z": [
        -0.7709259880177216,
        -0.6367083238145771
      ],
      "q": [
        -0.5645708850031657,
        -10040.34828683679
      ],
      "omega_qnm": [
        10040.34828683679,
        -0.5645708850031657
      ],
      "freq_hz": 1597.9710602143182,
      "damping_1_over_s": 0.5645708850031657,
      "a": [
        -0.09250237189710306,
        -0.007751983510682986
      ],
      "amp_abs": 0.09282662363212324
    },
    {
      "i": 7,
      "z": [
        0.6252174551452777,
        -0.7802690166376672
      ],
      "q": [
        -0.5804761518721568,
        -3667.0367915371316
      ],
      "omega_qnm": [
        3667.0367915371316,
        -0.5804761518721568
      ],
      "freq_hz": 583.6270318729787,
      "damping_1_over_s": 0.5804761518721568,
      "a": [
        0.06801695891063589,
        -0.021762103182857213
      ],
      "amp_abs": 0.07141355497657609
    }
  ]
}
