{
  "created_at": "2026-04-17T09:37:07+00:00",
  "script": "01_extract_ringdown_poles.py",
  "script_version": "01_extract_ringdown_poles.py/v1.2",
  "event": "GW191109_010717",
  "ifo": "H1",
  "fs_hz": 4096.0,
  "dt": 0.000244140625,
  "t0_rel": -0.13920903205871582,
  "duration_s": 0.25,
  "preprocess": {
    "detrend": "mean",
    "hp_hz": 30.0,
    "lp_hz": null
  },
  "window": {
    "t0_rel": -0.13920903205871582,
    "duration_s": 0.25,
    "i0": 61689,
    "i1": 62714,
    "n_samples": 1025,
    "t_rel_start": -0.13920903205871582,
    "t_rel_end": 0.11079096794128418
  },
  "fit": {
    "method": "esprit_matrix_pencil",
    "L": 512,
    "rank_used": 0,
    "residual_rms": 1.0024419275335303,
    "relative_rms": 0.9934998811031351,
    "singular_values": [
      70.63898793972376,
      70.28125938895813,
      69.72824296153946,
      69.6077439596894,
      63.53463423994957,
      63.38013975745082,
      57.01403196698167,
      56.69033976200109,
      52.49910161422203,
      52.478958947123985,
      51.49841999367765,
      51.488227714731266,
      50.48261081102922,
      50.3713414384773,
      50.096516292393254,
      49.8285334657496,
      47.99480934746873,
      47.83909064761505,
      47.02313374862228,
      46.93949338632441,
      46.27882407859768,
      44.92177569690768,
      43.02336007824553,
      42.90742502350517,
      42.211132629866235,
      42.17089835028671,
      41.675898060741595,
      41.440404754464566,
      41.239235927314475,
      40.82922475506205,
      40.75023825771301,
      40.71682215098374,
      39.89297841948802,
      39.83448746560072,
      39.60217777979104,
      39.505234809714736,
      39.20945504118547,
      39.110324340739666,
      39.01627001533122,
      38.990207899146064,
      38.09212815324765,
      38.07295038327639,
      38.02296139301621,
      38.00225359411657,
      37.9772268873728,
      37.962415722447616,
      37.62530455128755,
      37.50172880680333,
      37.00584762912523,
      36.73168356702058,
      36.708461374900736,
      36.25077266297156,
      35.90080702165487,
      35.75808449813809,
      35.68514771315494,
      35.63345610741672,
      35.55836041402628,
      35.528748674602504,
      35.30159163604481,
      35.275065840868926,
      35.08155474132879,
      35.00294219468231,
      34.94943781667895,
      34.92835623677742
    ],
    "singular_values_truncated": true
  },
  "poles": []
}
