{
  "created_at": "2026-04-18T06:28:01+00:00",
  "script": "01_extract_ringdown_poles.py",
  "script_version": "01_extract_ringdown_poles.py/v1.3",
  "event": "GW191109_010717",
  "ifo": "L1",
  "fs_hz": 4096.0,
  "dt": 0.000244140625,
  "t0_rel": 0.02070307731628418,
  "duration_s": 0.05,
  "preprocess": {
    "detrend": "mean",
    "hp_hz": 30.0,
    "lp_hz": null
  },
  "window": {
    "t0_rel": 0.02070307731628418,
    "duration_s": 0.05,
    "i0": 62344,
    "i1": 62549,
    "n_samples": 205,
    "t_rel_start": 0.02070307731628418,
    "t_rel_end": 0.07050776481628418
  },
  "fit": {
    "method": "esprit_matrix_pencil",
    "L": 102,
    "rank_used": 2,
    "residual_rms": 0.9204997499959938,
    "relative_rms": 0.9730380410799002,
    "singular_values": [
      20.579375509106516,
      20.413418900465317,
      19.47201697495798,
      19.213924700577945,
      17.52325595699881,
      15.560833247048693,
      15.46101537143994,
      15.279359978203653,
      15.11143125845759,
      14.922076615606342,
      14.68996312530289,
      14.560391444892627,
      14.357438823769767,
      14.005466782320068,
      13.949967422574838,
      13.53864677410279,
      13.483690800847418,
      13.389185263801943,
      12.835353603631004,
      12.564245250096901,
      12.197384565977707,
      11.729345445768711,
      11.599977452418992,
      11.513428124188026,
      11.32465021124511,
      11.276505490821718,
      11.10249813897891,
      11.064234360305658,
      10.859533797666707,
      10.84459125154176,
      10.719737467398657,
      10.614628338202172,
      10.313141366942878,
      10.216987823100435,
      9.837212970385423,
      9.740230714471071,
      9.445189585139119,
      9.335458410713466,
      9.250784501313186,
      8.994126073253097,
      8.864419511842247,
      8.192538650052853,
      8.039496557972898,
      8.010867900070316,
      7.965455374523232,
      7.8697431134613165,
      7.612081069458507,
      7.5072657160075575,
      7.352718410995627,
      7.27962340766066,
      7.216506472643015,
      7.054845647750659,
      6.992745276541895,
      6.7865449404689855,
      6.724096739666397,
      6.701652606029303,
      6.672435447941121,
      6.2918908254426285,
      6.22991679723038,
      6.112151249279849,
      5.90377510697138,
      5.6165589565572125,
      5.501069291570689,
      5.469088991727713
    ],
    "singular_values_truncated": true
  },
  "poles": [
    {
      "i": 0,
      "z": [
        -0.8714351039056781,
        -0.4853644089325638
      ],
      "q": [
        -10.311483609465355,
        -10786.459234176815
      ],
      "omega_qnm": [
        10786.459234176815,
        -10.311483609465355
      ],
      "freq_hz": 1716.7183055784599,
      "damping_1_over_s": 10.311483609465355,
      "a": [
        -0.05427891711069707,
        0.12646663111955297
      ],
      "amp_abs": 0.1376227075356353
    },
    {
      "i": 1,
      "z": [
        -0.6264100804918946,
        -0.756727597257937
      ],
      "q": [
        -72.90876050204668,
        -9266.188507037334
      ],
      "omega_qnm": [
        9266.188507037334,
        -72.90876050204668
      ],
      "freq_hz": 1474.7597045163016,
      "damping_1_over_s": 72.90876050204668,
      "a": [
        -0.0011770887790646112,
        -0.30266272323436405
      ],
      "amp_abs": 0.3026650121398822
    }
  ]
}
