{
  "created_at": "2026-04-08T15:12:49+00:00",
  "script": "01_extract_ringdown_poles.py",
  "script_version": "01_extract_ringdown_poles.py/v1.1",
  "event": "GW191109_010717",
  "ifo": "H1+L1",
  "fs_hz": 4096.0,
  "dt": 0.000244140625,
  "t0_rel": -0.13920903205871582,
  "duration_s": 0.25,
  "preprocess": {
    "detrend": "mean",
    "hp_hz": null,
    "lp_hz": null
  },
  "window": {
    "t0_rel": -0.13920903205871582,
    "duration_s": 0.25,
    "i0": 61689,
    "i1": 62714,
    "n_samples": 1025,
    "t_rel_start": -0.13920903205871582,
    "t_rel_end": 0.11079096794128418
  },
  "fit": {
    "method": "esprit_matrix_pencil",
    "L": 512,
    "rank_used": 16,
    "residual_rms": NaN,
    "relative_rms": NaN,
    "singular_values": [],
    "singular_values_truncated": false
  },
  "poles": [
    {
      "i": 0,
      "z": [
        0.7099003370840183,
        -0.70429813307977
      ],
      "q": [
        -0.011573584518298173,
        -3200.7650730092287
      ],
      "omega_qnm": [
        3200.7650730092287,
        -0.011573584518298173
      ],
      "freq_hz": 509.41758304531004,
      "damping_1_over_s": 0.011573584518298173,
      "a": [
        2.4614943418149782e-132,
        6.785345791315641e-132
      ],
      "amp_abs": 7.218024099607319e-132
    },
    {
      "i": 1,
      "z": [
        -0.6597327615665934,
        -0.751472907756478
      ],
      "q": [
        -0.08428148841727084,
        -9385.072598160517
      ],
      "omega_qnm": [
        9385.072598160517,
        -0.08428148841727084
      ],
      "freq_hz": 1493.6806952735435,
      "damping_1_over_s": 0.08428148841727084,
      "a": [
        -0.0015497086100935903,
        0.0003081076958241649
      ],
      "amp_abs": 0.0015800402300018453
    },
    {
      "i": 2,
      "z": [
        -0.8328604037794743,
        -0.553410609382131
      ],
      "q": [
        -0.16434884487334625,
        -10465.74072092286
      ],
      "omega_qnm": [
        10465.74072092286,
        -0.16434884487334625
      ],
      "freq_hz": 1665.6743688530096,
      "damping_1_over_s": 0.16434884487334625,
      "a": [
        -1.9901390422064092e-132,
        1.9790878291410824e-132
      ],
      "amp_abs": 2.8066781152758872e-132
    },
    {
      "i": 3,
      "z": [
        0.655276858681749,
        -0.7553141137646245
      ],
      "q": [
        -0.23108483010414035,
        -3506.9882795302838
      ],
      "omega_qnm": [
        3506.9882795302838,
        -0.23108483010414035
      ],
      "freq_hz": 558.1545200525862,
      "damping_1_over_s": 0.23108483010414035,
      "a": [
        -0.0006580171457252752,
        0.0019579513497787215
      ],
      "amp_abs": 0.002065565310555141
    },
    {
      "i": 4,
      "z": [
        0.17081113048172114,
        -0.9852374160730409
      ],
      "q": [
        -0.2678788654096651,
        -5730.845283989553
      ],
      "omega_qnm": [
        5730.845283989553,
        -0.2678788654096651
      ],
      "freq_hz": 912.092355041814,
      "damping_1_over_s": 0.2678788654096651,
      "a": [
        3.251693049053198e-132,
        -2.4175020506042265e-132
      ],
      "amp_abs": 4.051891391675809e-132
    },
    {
      "i": 5,
      "z": [
        0.5338255708952601,
        -0.8454934147767234
      ],
      "q": [
        -0.35053583277100253,
        -4127.228063881309
      ],
      "omega_qnm": [
        4127.228063881309,
        -0.35053583277100253
      ],
      "freq_hz": 656.8687476343031,
      "damping_1_over_s": 0.35053583277100253,
      "a": [
        4.7882827620113053e-132,
        2.1947191360585064e-132
      ],
      "amp_abs": 5.267299487892825e-132
    },
    {
      "i": 6,
      "z": [
        0.9965253308327231,
        -0.08219833405940957
      ],
      "q": [
        -0.37010475950139404,
        -337.09519877411736
      ],
      "omega_qnm": [
        337.09519877411736,
        -0.37010475950139404
      ],
      "freq_hz": 53.650367177445794,
      "damping_1_over_s": 0.37010475950139404,
      "a": [
        -1.590948771810586e-131,
        2.590442297317411e-131
      ],
      "amp_abs": 3.039985080597719e-131
    },
    {
      "i": 7,
      "z": [
        0.8873288219756543,
        -0.4608634531754142
      ],
      "q": [
        -0.5170607855066317,
        -1962.1210073462753
      ],
      "omega_qnm": [
        1962.1210073462753,
        -0.5170607855066317
      ],
      "freq_hz": 312.2812572636088,
      "damping_1_over_s": 0.5170607855066317,
      "a": [
        8.210310601100253e-132,
        -5.5937795372229975e-132
      ],
      "amp_abs": 9.934765708238617e-132
    },
    {
      "i": 8,
      "z": [
        -0.09615995985571146,
        -0.9952374124392551
      ],
      "q": [
        -0.523853235511,
        -6828.513105320913
      ],
      "omega_qnm": [
        6828.513105320913,
        -0.523853235511
      ],
      "freq_hz": 1086.7916146796115,
      "damping_1_over_s": 0.523853235511,
      "a": [
        0.0002123141483677946,
        -0.0007953688921784178
      ],
      "amp_abs": 0.0008232186661162789
    },
    {
      "i": 9,
      "z": [
        -0.7709259880177244,
        -0.6367083238145772
      ],
      "q": [
        -0.5645708849941091,
        -10040.348286836797
      ],
      "omega_qnm": [
        10040.348286836797,
        -0.5645708849941091
      ],
      "freq_hz": 1597.9710602143193,
      "damping_1_over_s": 0.5645708849941091,
      "a": [
        -2.413523412618078e-132,
        9.2031695963425e-133
      ],
      "amp_abs": 2.5830366953347842e-132
    },
    {
      "i": 10,
      "z": [
        0.6252174551452772,
        -0.7802690166376645
      ],
      "q": [
        -0.5804761518824519,
        -3667.036791537126
      ],
      "omega_qnm": [
        3667.036791537126,
        -0.5804761518824519
      ],
      "freq_hz": 583.6270318729778,
      "damping_1_over_s": 0.5804761518824519,
      "a": [
        7.274751896459124e-134,
        -5.5309027578619806e-132
      ],
      "amp_abs": 5.5313811583040235e-132
    },
    {
      "i": 11,
      "z": [
        0.7915585925169859,
        -0.6108582052207178
      ],
      "q": [
        -0.5883678527122802,
        -2692.116179111228
      ],
      "omega_qnm": [
        2692.116179111228,
        -0.5883678527122802
      ],
      "freq_hz": 428.46359728321823,
      "damping_1_over_s": 0.5883678527122802,
      "a": [
        6.990008361331241e-132,
        -2.1805156535975492e-132
      ],
      "amp_abs": 7.32221724664494e-132
    },
    {
      "i": 12,
      "z": [
        0.349006746943289,
        -0.9369631917844299
      ],
      "q": [
        -0.6027492033948416,
        -4973.488222021898
      ],
      "omega_qnm": [
        4973.488222021898,
        -0.6027492033948416
      ],
      "freq_hz": 791.5552349441069,
      "damping_1_over_s": 0.6027492033948416,
      "a": [
        0.0007332595775748231,
        -0.0003543501796491518
      ],
      "amp_abs": 0.000814391587580934
    },
    {
      "i": 13,
      "z": [
        0.6582651302516098,
        -0.7525380885168945
      ],
      "q": [
        -0.7649553891446347,
        -3490.2882672904752
      ],
      "omega_qnm": [
        3490.2882672904752,
        -0.7649553891446347
      ],
      "freq_hz": 555.4966305549256,
      "damping_1_over_s": 0.7649553891446347,
      "a": [
        -1.1228757032236978e-132,
        -5.4090461209965504e-132
      ],
      "amp_abs": 5.5243669125030015e-132
    },
    {
      "i": 14,
      "z": [
        0.9990340375922795,
        -0.03934392386330082
      ],
      "q": [
        -0.7846313338812348,
        -161.22521439640644
      ],
      "omega_qnm": [
        161.22521439640644,
        -0.7846313338812348
      ],
      "freq_hz": 25.659789822238693,
      "damping_1_over_s": 0.7846313338812348,
      "a": [
        0.0011806841414277098,
        -0.0022372928279683346
      ],