{
  "created_at": "2026-04-15T11:51:18+00:00",
  "script": "01_extract_ringdown_poles.py",
  "script_version": "01_extract_ringdown_poles.py/v1.1",
  "event": "GW191109_010717",
  "ifo": "H1+L1",
  "fs_hz": 4096.0,
  "dt": 0.000244140625,
  "t0_rel": -0.13920903205871582,
  "duration_s": 0.25,
  "preprocess": {
    "detrend": "mean",
    "hp_hz": null,
    "lp_hz": null
  },
  "window": {
    "t0_rel": -0.13920903205871582,
    "duration_s": 0.25,
    "i0": 61689,
    "i1": 62714,
    "n_samples": 1025,
    "t_rel_start": -0.13920903205871582,
    "t_rel_end": 0.11079096794128418
  },
  "fit": {
    "method": "esprit_matrix_pencil",
    "L": 512,
    "rank_used": 8,
    "residual_rms": NaN,
    "relative_rms": NaN,
    "singular_values": [],
    "singular_values_truncated": false
  },
  "poles": [
    {
      "i": 0,
      "z": [
        0.7099003370840231,
        -0.7042981330797689
      ],
      "q": [
        -0.011573584507619404,
        -3200.765073009212
      ],
      "omega_qnm": [
        3200.765073009212,
        -0.011573584507619404
      ],
      "freq_hz": 509.41758304530737,
      "damping_1_over_s": 0.011573584507619404,
      "a": [
        -0.024509854435399464,
        -0.007623635288397268
      ],
      "amp_abs": 0.02566812769671693
    },
    {
      "i": 1,
      "z": [
        -0.659732761566596,
        -0.7514729077564793
      ],
      "q": [
        -0.08428148840626935,
        -9385.072598160521
      ],
      "omega_qnm": [
        9385.072598160521,
        -0.08428148840626935
      ],
      "freq_hz": 1493.6806952735442,
      "damping_1_over_s": 0.08428148840626935,
      "a": [
        0.02620155115735092,
        0.029596559020014353
      ],
      "amp_abs": 0.03952818727030713
    },
    {
      "i": 2,
      "z": [
        -0.8328604037794733,
        -0.5534106093821312
      ],
      "q": [
        -0.1643488448765035,
        -10465.740720922859
      ],
      "omega_qnm": [
        10465.740720922859,
        -0.1643488448765035
      ],
      "freq_hz": 1665.6743688530094,
      "damping_1_over_s": 0.1643488448765035,
      "a": [
        0.03630841985129227,
        -0.01892291919168057
      ],
      "amp_abs": 0.040943598068960516
    },
    {
      "i": 3,
      "z": [
        0.6552768586817528,
        -0.7553141137646284
      ],
      "q": [
        -0.23108483008198466,
        -3506.9882795302824
      ],
      "omega_qnm": [
        3506.9882795302824,
        -0.23108483008198466
      ],
      "freq_hz": 558.154520052586,
      "damping_1_over_s": 0.23108483008198466,
      "a": [
        0.06261492182524428,
        -0.058353463632186436
      ],
      "amp_abs": 0.08559062538067097
    },
    {
      "i": 4,
      "z": [
        0.17081113048172047,
        -0.9852374160730394
      ],
      "q": [
        -0.26787886541640454,
        -5730.845283989554
      ],
      "omega_qnm": [
        5730.845283989554,
        -0.26787886541640454
      ],
      "freq_hz": 912.0923550418144,
      "damping_1_over_s": 0.26787886541640454,
      "a": [
        -0.06139760193891329,
        -0.0026136636635626445
      ],
      "amp_abs": 0.06145320790321263
    },
    {
      "i": 5,
      "z": [
        0.5338255708952573,
        -0.8454934147767249
      ],
      "q": [
        -0.35053583277168876,
        -4127.228063881322
      ],
      "omega_qnm": [
        4127.228063881322,
        -0.35053583277168876
      ],
      "freq_hz": 656.8687476343051,
      "damping_1_over_s": 0.35053583277168876,
      "a": [
        -0.00841777402404088,
        -0.02437800651512391
      ],
      "amp_abs": 0.02579042692882848
    },
    {
      "i": 6,
      "z": [
        0.9965253308327251,
        -0.08219833405940911
      ],
      "q": [
        -0.3701047594933897,
        -337.0951987741148
      ],
      "omega_qnm": [
        337.0951987741148,
        -0.3701047594933897
      ],
      "freq_hz": 53.65036717744539,
      "damping_1_over_s": 0.3701047594933897,
      "a": [
        -0.06964380990381087,
        0.07330803405411422
      ],
      "amp_abs": 0.10111541976769574
    },
    {
      "i": 7,
      "z": [
        0.8873288219756463,
        -0.46086345317541216
      ],
      "q": [
        -0.5170607855395699,
        -1962.121007346283
      ],
      "omega_qnm": [
        1962.121007346283,
        -0.5170607855395699
      ],
      "freq_hz": 312.28125726361003,
      "damping_1_over_s": 0.5170607855395699,
      "a": [
        0.014647514450091235,
        0.012212072095446856
      ],
      "amp_abs": 0.01907051085917793
    }
  ]
}
