{
  "created_at": "2026-04-17T09:37:07+00:00",
  "script": "01_extract_ringdown_poles.py",
  "script_version": "01_extract_ringdown_poles.py/v1.2",
  "event": "GW191109_010717",
  "ifo": "L1",
  "fs_hz": 4096.0,
  "dt": 0.000244140625,
  "t0_rel": -0.13920903205871582,
  "duration_s": 0.25,
  "preprocess": {
    "detrend": "mean",
    "hp_hz": 30.0,
    "lp_hz": null
  },
  "window": {
    "t0_rel": -0.13920903205871582,
    "duration_s": 0.25,
    "i0": 61689,
    "i1": 62714,
    "n_samples": 1025,
    "t_rel_start": -0.13920903205871582,
    "t_rel_end": 0.11079096794128418
  },
  "fit": {
    "method": "esprit_matrix_pencil",
    "L": 512,
    "rank_used": 0,
    "residual_rms": 0.9935578443420954,
    "relative_rms": 0.9943044365620614,
    "singular_values": [
      88.34639902019906,
      87.6851956994494,
      78.93240926575938,
      78.62933112070033,
      73.75609472265043,
      73.45502576780997,
      67.50618472324709,
      67.41194864769625,
      65.16212029769392,
      64.98080342233612,
      60.68112979554311,
      60.40913380751495,
      51.07070162981145,
      50.945302379694745,
      50.176812457577896,
      49.64048446633545,
      48.816232137426496,
      48.74816249109706,
      47.39574906083949,
      46.968316826568035,
      46.160000011693064,
      45.96343551923249,
      45.29097993441188,
      44.97760643460726,
      44.49487237933465,
      44.332236808242335,
      44.23542609583266,
      44.115691022492335,
      43.72536517708807,
      43.704079462269526,
      43.4460917968291,
      43.02480857131863,
      43.004745659763906,
      42.742068575253676,
      42.00748422839749,
      41.95284414824627,
      41.708897307709805,
      41.65168144960459,
      39.417075372027384,
      39.386481945713356,
      39.21902962647064,
      39.195258280028,
      38.67957518484488,
      38.6452601105798,
      38.0472029306944,
      38.03811211220259,
      37.17739872150796,
      36.994338904749654,
      36.85342844253383,
      36.81837202376817,
      36.79199764073134,
      36.725143832474835,
      36.56312594341148,
      36.55355468531495,
      36.20861650989598,
      35.98324227089636,
      35.974217417113444,
      35.9499325539554,
      35.35163301939739,
      35.27018326236867,
      35.21743398470237,
      35.180094213120036,
      35.12194838502832,
      35.05509829403289
    ],
    "singular_values_truncated": true
  },
  "poles": []
}
