{
  "created_at": "2026-04-18T05:52:24+00:00",
  "script": "01_extract_ringdown_poles.py",
  "script_version": "01_extract_ringdown_poles.py/v1.2",
  "event": "GW191109_010717",
  "ifo": "L1",
  "fs_hz": 4096.0,
  "dt": 0.000244140625,
  "t0_rel": 0.02370307731628418,
  "duration_s": 0.05,
  "preprocess": {
    "detrend": "mean",
    "hp_hz": 30.0,
    "lp_hz": null
  },
  "window": {
    "t0_rel": 0.02370307731628418,
    "duration_s": 0.05,
    "i0": 62357,
    "i1": 62562,
    "n_samples": 205,
    "t_rel_start": 0.02387690544128418,
    "t_rel_end": 0.07368159294128418
  },
  "fit": {
    "method": "esprit_matrix_pencil",
    "L": 102,
    "rank_used": 2,
    "residual_rms": 0.8263322167134693,
    "relative_rms": 0.9487841390133264,
    "singular_values": [
      20.448046455675186,
      20.38832689384387,
      19.773851182593553,
      19.626462461585835,
      15.342908813839184,
      15.122381368406774,
      14.778579786278655,
      14.682837585667738,
      14.493969788609762,
      14.42024511862722,
      13.923405103458684,
      13.863101208387102,
      13.651030347310968,
      13.520606957817686,
      13.484019003933671,
      13.446946426940242,
      13.132319181299328,
      13.037527281012537,
      12.628245331780182,
      12.043424616795992,
      11.817728347362756,
      11.783761558043105,
      11.452937533647566,
      11.420780543778159,
      11.332232390922151,
      11.169991005479043,
      11.098621930952781,
      11.080725249054165,
      10.79321731264367,
      10.76160727807966,
      10.606788567470188,
      10.581468190571567,
      10.43254827307634,
      10.26917063149036,
      10.145045720122964,
      9.968214491030452,
      9.850772566095294,
      9.835653361864393,
      8.733886028119517,
      8.58989961513377,
      8.4745193978102,
      8.194071399331698,
      8.086508604886467,
      8.032239292012582,
      7.972575332058413,
      7.955995829642227,
      7.905906249012834,
      7.732467564113897,
      7.516827691626148,
      7.281561265789399,
      7.148857116389608,
      7.058143992837638,
      7.049825813844387,
      6.973216874361946,
      6.58203726241542,
      6.536341808423404,
      6.33158702693574,
      6.061738493127547,
      5.833388543857462,
      5.672881079083942,
      5.61532185227247,
      5.489465002894904,
      5.324973970385234,
      5.2900641275354845
    ],
    "singular_values_truncated": true
  },
  "poles": [
    {
      "i": 0,
      "z": [
        -0.8717679498054884,
        -0.48294750326265357
      ],
      "q": [
        -13.937572769713539,
        -10795.803009518399
      ],
      "omega_qnm": [
        10795.803009518399,
        -13.937572769713539
      ],
      "freq_hz": 1718.205413611213,
      "damping_1_over_s": 13.937572769713539,
      "a": [
        0.1323234040698515,
        -0.07325829719769632
      ],
      "amp_abs": 0.1512490045353661
    },
    {
      "i": 1,
      "z": [
        -0.641496499019113,
        -0.7557636625984789
      ],
      "q": [
        -35.74780676459809,
        -9316.747777031904
      ],
      "omega_qnm": [
        9316.747777031904,
        -35.74780676459809
      ],
      "freq_hz": 1482.806462255055,
      "damping_1_over_s": 35.74780676459809,
      "a": [
        -0.0021505268359668303,
        0.31378306264321926
      ],
      "amp_abs": 0.3137904319246059
    }
  ]
}
