{
  "created_at": "2026-04-18T05:52:24+00:00",
  "script": "01_extract_ringdown_poles.py",
  "script_version": "01_extract_ringdown_poles.py/v1.2",
  "event": "GW191109_010717",
  "ifo": "H1+L1",
  "fs_hz": 4096.0,
  "dt": 0.000244140625,
  "t0_rel": 0.02370307731628418,
  "duration_s": 0.05,
  "preprocess": {
    "detrend": "mean",
    "hp_hz": 30.0,
    "lp_hz": null
  },
  "window": {
    "t0_rel": 0.02370307731628418,
    "duration_s": 0.05,
    "i0": 62357,
    "i1": 62562,
    "n_samples": 205,
    "t_rel_start": 0.02387690544128418,
    "t_rel_end": 0.07368159294128418
  },
  "fit": {
    "method": "esprit_matrix_pencil",
    "L": 102,
    "rank_used": 4,
    "residual_rms": NaN,
    "relative_rms": NaN,
    "singular_values": [],
    "singular_values_truncated": false
  },
  "poles": [
    {
      "i": 0,
      "z": [
        -0.8717679498054884,
        -0.48294750326265357
      ],
      "q": [
        -13.937572769713539,
        -10795.803009518399
      ],
      "omega_qnm": [
        10795.803009518399,
        -13.937572769713539
      ],
      "freq_hz": 1718.205413611213,
      "damping_1_over_s": 13.937572769713539,
      "a": [
        0.1323234040698515,
        -0.07325829719769632
      ],
      "amp_abs": 0.1512490045353661
    },
    {
      "i": 1,
      "z": [
        0.6592691173211025,
        -0.7436461765387423
      ],
      "q": [
        -25.459809369280414,
        -3463.044658121591
      ],
      "omega_qnm": [
        3463.044658121591,
        -25.459809369280414
      ],
      "freq_hz": 551.160675488034,
      "damping_1_over_s": 25.459809369280414,
      "a": [
        -0.17686073608006264,
        -0.14005257088268502
      ],
      "amp_abs": 0.22559796669657972
    },
    {
      "i": 2,
      "z": [
        -0.641496499019113,
        -0.7557636625984789
      ],
      "q": [
        -35.74780676459809,
        -9316.747777031904
      ],
      "omega_qnm": [
        9316.747777031904,
        -35.74780676459809
      ],
      "freq_hz": 1482.806462255055,
      "damping_1_over_s": 35.74780676459809,
      "a": [
        -0.0021505268359668303,
        0.31378306264321926
      ],
      "amp_abs": 0.3137904319246059
    },
    {
      "i": 3,
      "z": [
        -0.021156099056963834,
        -0.8852629239984536
      ],
      "q": [
        -498.0126139613584,
        -6531.849730487016
      ],
      "omega_qnm": [
        6531.849730487016,
        -498.0126139613584
      ],
      "freq_hz": 1039.576172140473,
      "damping_1_over_s": 498.0126139613584,
      "a": [
        -0.2793014002498776,
        -0.023321787024556145
      ],
      "amp_abs": 0.28027339854428046
    }
  ]
}
