{
  "created_at": "2026-04-18T05:52:24+00:00",
  "script": "01_extract_ringdown_poles.py",
  "script_version": "01_extract_ringdown_poles.py/v1.2",
  "event": "GW191109_010717",
  "ifo": "H1",
  "fs_hz": 4096.0,
  "dt": 0.000244140625,
  "t0_rel": 0.02370307731628418,
  "duration_s": 0.05,
  "preprocess": {
    "detrend": "mean",
    "hp_hz": 30.0,
    "lp_hz": null
  },
  "window": {
    "t0_rel": 0.02370307731628418,
    "duration_s": 0.05,
    "i0": 62357,
    "i1": 62562,
    "n_samples": 205,
    "t_rel_start": 0.02387690544128418,
    "t_rel_end": 0.07368159294128418
  },
  "fit": {
    "method": "esprit_matrix_pencil",
    "L": 102,
    "rank_used": 2,
    "residual_rms": 0.9823627748252018,
    "relative_rms": 0.9790151687722449,
    "singular_values": [
      20.52809603104935,
      20.405342547342336,
      17.991303048970522,
      17.890039069983597,
      17.335098517307788,
      17.12769079778366,
      16.33982193475536,
      16.181536019308513,
      15.746817100611201,
      15.730813346724952,
      15.466916822413307,
      15.331928707049643,
      15.28100766538837,
      15.24739332185975,
      15.170097161531173,
      15.114208694015998,
      15.009815917153306,
      14.92074009596673,
      14.184678209401536,
      13.939676936342906,
      13.644271566623923,
      13.472917973236948,
      13.298647099022524,
      13.198453245393008,
      12.886013410930723,
      12.829765184716983,
      12.471491727936876,
      12.223889544320295,
      12.162494082292373,
      11.722050576183566,
      11.672401414108755,
      11.664390080555656,
      11.44370910202172,
      11.417158567014257,
      11.249076696674475,
      10.936849638775149,
      10.662887553063952,
      10.594252552037707,
      10.560533236805655,
      10.534114351451136,
      10.374202360893142,
      10.194670933719316,
      10.012116834660803,
      9.926005251180559,
      9.548714132666397,
      9.49253654018318,
      9.200024214706422,
      9.09422049808336,
      9.05462345704299,
      8.747593880072053,
      8.63450130568008,
      8.603836932644667,
      8.372415205856356,
      8.25411870140991,
      7.995459791593114,
      7.869548771545328,
      7.845455783282425,
      7.646092707271485,
      7.552541243963133,
      7.538636983377077,
      7.378728136948344,
      7.226875267814769,
      6.761003739815456,
      6.660956037768169
    ],
    "singular_values_truncated": true
  },
  "poles": [
    {
      "i": 0,
      "z": [
        0.6592691173211025,
        -0.7436461765387423
      ],
      "q": [
        -25.459809369280414,
        -3463.044658121591
      ],
      "omega_qnm": [
        3463.044658121591,
        -25.459809369280414
      ],
      "freq_hz": 551.160675488034,
      "damping_1_over_s": 25.459809369280414,
      "a": [
        -0.17686073608006264,
        -0.14005257088268502
      ],
      "amp_abs": 0.22559796669657972
    },
    {
      "i": 1,
      "z": [
        -0.021156099056963834,
        -0.8852629239984536
      ],
      "q": [
        -498.0126139613584,
        -6531.849730487016
      ],
      "omega_qnm": [
        6531.849730487016,
        -498.0126139613584
      ],
      "freq_hz": 1039.576172140473,
      "damping_1_over_s": 498.0126139613584,
      "a": [
        -0.2793014002498776,
        -0.023321787024556145
      ],
      "amp_abs": 0.28027339854428046
    }
  ]
}
