{
  "created_at": "2026-04-18T06:28:00+00:00",
  "script": "01_extract_ringdown_poles.py",
  "script_version": "01_extract_ringdown_poles.py/v1.3",
  "event": "GW151012",
  "ifo": "L1",
  "fs_hz": 4096.0,
  "dt": 0.000244140625,
  "t0_rel": 0.18374013900756836,
  "duration_s": 0.05,
  "preprocess": {
    "detrend": "mean",
    "hp_hz": 30.0,
    "lp_hz": null
  },
  "window": {
    "t0_rel": 0.18374013900756836,
    "duration_s": 0.05,
    "i0": 66289,
    "i1": 66494,
    "n_samples": 205,
    "t_rel_start": 0.18374013900756836,
    "t_rel_end": 0.23354482650756836
  },
  "fit": {
    "method": "esprit_matrix_pencil",
    "L": 102,
    "rank_used": 2,
    "residual_rms": 0.9612485555980712,
    "relative_rms": 0.9667138905914894,
    "singular_values": [
      19.799958360722258,
      19.713922989068138,
      18.86831883465818,
      18.805556950589708,
      17.181312990861798,
      16.941695946876084,
      15.71491572574365,
      15.572562872260715,
      15.276440672829475,
      15.214406562327584,
      14.776835895258088,
      14.680195390438913,
      14.405727658728278,
      14.389277729542341,
      14.227782554905454,
      14.1471561006311,
      14.129323097668218,
      14.088676049357767,
      13.779817241736716,
      13.732857529882866,
      13.713025620704686,
      13.547597759799745,
      13.393404861389097,
      12.933938775238794,
      12.822847953694051,
      12.665688858399198,
      12.581506066446378,
      12.543298005325461,
      12.402951719902564,
      12.133886702874978,
      11.979180257294697,
      11.847639089176702,
      11.820352232478715,
      11.777969068701404,
      11.71227887519009,
      11.677345654038769,
      11.246633685336633,
      11.079368139910402,
      10.970639727007464,
      10.893011257912805,
      10.865010182155595,
      10.766639620010102,
      10.563031498963875,
      10.475085828130128,
      9.98177806899243,
      9.923365872664505,
      9.744669276898476,
      9.65684027970957,
      9.19053899522235,
      9.017908007944007,
      8.844480897121537,
      8.558671664533252,
      8.550138065864838,
      8.319067719974607,
      7.827748446225986,
      7.804439581937389,
      7.586338805349839,
      7.287246334656607,
      7.230495890384471,
      7.12990979070029,
      7.096577295211323,
      6.895672207320595,
      6.607933084363965,
      6.406227186752701
    ],
    "singular_values_truncated": true
  },
  "poles": [
    {
      "i": 0,
      "z": [
        -0.20023131545588002,
        -0.9712791251880822
      ],
      "q": [
        -34.12445205535946,
        -7266.715203242168
      ],
      "omega_qnm": [
        7266.715203242168,
        -34.12445205535946
      ],
      "freq_hz": 1156.533644637018,
      "damping_1_over_s": 34.12445205535946,
      "a": [
        0.1588392283209374,
        0.08777651218451789
      ],
      "amp_abs": 0.18147896997963617
    },
    {
      "i": 1,
      "z": [
        0.5006133187836603,
        -0.8495634572006235
      ],
      "q": [
        -57.378970984544594,
        -4252.924735600889
      ],
      "omega_qnm": [
        4252.924735600889,
        -57.378970984544594
      ],
      "freq_hz": 676.8739942686735,
      "damping_1_over_s": 57.378970984544594,
      "a": [
        -0.268643681315079,
        0.2570544872588901
      ],
      "amp_abs": 0.37181505742835186
    }
  ]
}
