{
  "created_at": "2026-04-17T07:50:52+00:00",
  "script": "01_extract_ringdown_poles.py",
  "script_version": "01_extract_ringdown_poles.py/v1.2",
  "event": "GW151012",
  "ifo": "H1",
  "fs_hz": 4096.0,
  "dt": 0.000244140625,
  "t0_rel": 0.18374013900756836,
  "duration_s": 0.25,
  "preprocess": {
    "detrend": "mean",
    "hp_hz": 30.0,
    "lp_hz": null
  },
  "window": {
    "t0_rel": 0.18374013900756836,
    "duration_s": 0.25,
    "i0": 66289,
    "i1": 67314,
    "n_samples": 1025,
    "t_rel_start": 0.18374013900756836,
    "t_rel_end": 0.43374013900756836
  },
  "fit": {
    "method": "esprit_matrix_pencil",
    "L": 512,
    "rank_used": 0,
    "residual_rms": 1.0111274778595543,
    "relative_rms": 0.9886125980110941,
    "singular_values": [
      57.355013717593955,
      56.208626913071114,
      53.539157115135225,
      53.51975298770125,
      46.94920093166766,
      46.93772971580326,
      46.7258292839045,
      46.687731192445916,
      46.42961699560812,
      46.39885902791032,
      45.385076851809806,
      45.36240625007298,
      44.81607108894075,
      44.28752401445669,
      43.4895214074935,
      43.42721273865626,
      42.50129801893139,
      42.43464653786901,
      42.31760446809495,
      42.22165039183162,
      42.02261155114759,
      41.97438156667553,
      41.447274099799195,
      41.22994776552961,
      40.89456766074345,
      40.86786840326123,
      40.7263326855692,
      40.65027762434171,
      40.6025009791616,
      40.5178360775234,
      40.115921704471475,
      40.092129331337325,
      39.82154665638278,
      39.797387817237386,
      39.441549897619204,
      39.39628231776204,
      39.271154148904145,
      39.25455583741791,
      39.04414746703013,
      38.676790330326625,
      38.54388631674533,
      38.50021348149605,
      37.812598636289,
      37.75009751189031,
      37.608575717095626,
      37.524591617633114,
      37.12055463325883,
      37.003122714231615,
      36.685313019278006,
      36.63986793397677,
      36.42134722240418,
      36.313753894065805,
      36.15092669049206,
      36.0900631173205,
      36.0659783436319,
      35.94415828295981,
      35.69559578210755,
      35.64121949045527,
      35.530771705051116,
      35.52151815705509,
      35.45658501280253,
      35.37973763490495,
      35.36224165588811,
      35.28108597504511
    ],
    "singular_values_truncated": true
  },
  "poles": []
}
