i,omega_re,omega_im,freq_hz,damping_1_over_s,amp_abs,a_re,a_im,z_re,z_im,q_re,q_im
0,4.720997334578253685e+03,-5.645249082143965341e-02,7.513700621217915341e+02,5.645249082143965341e-02,3.652413027669437762e-02,-1.135123412472940907e-02,3.471543714710390027e-02,4.061189397664499712e-01,-9.138051446835333547e-01,-5.645249082143965341e-02,-4.720997334578253685e+03
1,4.272364063496092967e+03,-1.539338025761486373e-01,6.799678593935793742e+02,1.539338025761486373e-01,4.422157169706500413e-02,3.864916556537646708e-02,2.148928580615880324e-02,5.035620546599541836e-01,-8.639155612337197088e-01,-1.539338025761486373e-01,-4.272364063496092967e+03
2,4.537106912399180146e+03,-2.565691033247430308e-01,7.221029924447365147e+02,2.565691033247430308e-01,4.556923689806308825e-02,4.069908588309334441e-02,2.049731103711865954e-02,4.466995165552540836e-01,-8.946140351423991222e-01,-2.565691033247430308e-01,-4.537106912399180146e+03
3,1.830822951808779635e+03,-5.497417405851303673e-01,2.913845227064621781e+02,5.497417405851303673e-01,6.507374720151215541e-02,-5.907899591142043438e-02,2.728121729220819858e-02,9.016363216763791932e-01,-4.321846259104410448e-01,-5.497417405851303673e-01,-1.830822951808779635e+03
4,5.410376055633229043e+03,-8.054258823128580547e-01,8.610880932400597203e+02,8.054258823128580547e-01,1.929270909836935249e-02,-1.057325572596280218e-02,-1.613737549007577404e-02,2.472620601444358579e-01,-9.687457233860464756e-01,-8.054258823128580547e-01,-5.410376055633229043e+03
5,6.488423106836009538e+03,-9.498415022650191775e-01,1.032664610324623936e+03,9.498415022650191775e-01,4.056576917238724489e-02,3.757101277611683832e-02,1.529707905203697704e-02,-1.328787268751525225e-02,-9.996798238322482932e-01,-9.498415022650191775e-01,-6.488423106836009538e+03
6,9.254172737268263518e+03,-1.101207495896404209e+00,1.472847335362499734e+03,1.101207495896404209e+00,2.710630502576856157e-02,-1.653036721313935753e-03,2.705585411233572130e-02,-6.352267006795491167e-01,-7.719776449518178651e-01,-1.101207495896404209e+00,-9.254172737268263518e+03
7,5.073871305309596210e+03,-1.136573416987367358e+00,8.075316988521494750e+02,1.136573416987367358e+00,2.304814791190503212e-02,1.910201366366325731e-02,1.289690645706459415e-02,3.258990551000373603e-01,-9.451111005390386843e-01,-1.136573416987367358e+00,-5.073871305309596210e+03
