i,omega_re,omega_im,freq_hz,damping_1_over_s,amp_abs,a_re,a_im,z_re,z_im,q_re,q_im
0,8.670801888063979277e+03,-1.528033193331821735e+02,1.380000981055921329e+03,1.528033193331821735e+02,2.409003008300663606e-01,-2.266638933949934875e-01,-8.158697427310010464e-02,-5.003393368415955944e-01,-8.232648423708373020e-01,-1.528033193331821735e+02,-8.670801888063979277e+03
