i,omega_re,omega_im,freq_hz,damping_1_over_s,amp_abs,a_re,a_im,z_re,z_im,q_re,q_im
0,7.318378982022790069e+02,-3.113257441453087893e+01,1.164756190408760119e+02,3.113257441453087893e+01,3.351908395163504806e-01,2.852333640647024549e-01,-1.760534774436697814e-01,9.766293157987877560e-01,-1.763765460526337536e-01,-3.113257441453087893e+01,-7.318378982022790069e+02
1,7.266715203242168172e+03,-3.412445205535946258e+01,1.156533644637017915e+03,3.412445205535946258e+01,1.814789699796361677e-01,1.588392283209373868e-01,8.777651218451788806e-02,-2.002313154558800212e-01,-9.712791251880822374e-01,-3.412445205535946258e+01,-7.266715203242168172e+03
2,1.057116300077871711e+04,-5.420246603220584802e+01,1.682452845804086337e+03,5.420246603220584802e+01,1.662611739043204084e-01,-9.318474913252644543e-02,-1.376930661912602882e-01,-8.357278678507569225e-01,-5.248238175926233096e-01,-5.420246603220584802e+01,-1.057116300077871711e+04
3,4.252924735600889107e+03,-5.737897098454459410e+01,6.768739942686735276e+02,5.737897098454459410e+01,3.718150574283518583e-01,-2.686436813150789860e-01,2.570544872588900742e-01,5.006133187836603327e-01,-8.495634572006235397e-01,-5.737897098454459410e+01,-4.252924735600889107e+03
