{
  "created_at": "2026-04-18T06:28:00+00:00",
  "script": "01_extract_ringdown_poles.py",
  "script_version": "01_extract_ringdown_poles.py/v1.3",
  "event": "GW151012",
  "ifo": "H1",
  "fs_hz": 4096.0,
  "dt": 0.000244140625,
  "t0_rel": 0.18374013900756836,
  "duration_s": 0.05,
  "preprocess": {
    "detrend": "mean",
    "hp_hz": 30.0,
    "lp_hz": null
  },
  "window": {
    "t0_rel": 0.18374013900756836,
    "duration_s": 0.05,
    "i0": 66289,
    "i1": 66494,
    "n_samples": 205,
    "t_rel_start": 0.18374013900756836,
    "t_rel_end": 0.23354482650756836
  },
  "fit": {
    "method": "esprit_matrix_pencil",
    "L": 102,
    "rank_used": 2,
    "residual_rms": 1.0448152551130019,
    "relative_rms": 0.9668411045619687,
    "singular_values": [
      23.622236018390392,
      23.214051036114228,
      20.342703288289925,
      20.0552522220309,
      18.51662609660251,
      18.36198961537601,
      18.01754594800143,
      17.992134972301912,
      17.688723592458842,
      17.62997088347518,
      17.164799211445796,
      16.907935186403307,
      16.141876314673944,
      15.34597773174526,
      15.265312452178556,
      15.101166508882152,
      15.081784042322164,
      15.061694361037704,
      14.868713258059707,
      14.53649605327177,
      14.386129657955573,
      14.283876588012872,
      14.209244738006857,
      14.070440234476093,
      14.055501161506,
      13.8927076934,
      13.404781108722286,
      13.346436973980246,
      12.744993213412375,
      12.653207249690606,
      12.223385701508759,
      12.102245845436716,
      11.873035557270988,
      11.741927712866186,
      11.583502017514478,
      11.328051914893345,
      10.688322612422999,
      10.374053920327272,
      10.350157053870454,
      10.193019167879948,
      10.118596826045438,
      10.018683997434747,
      9.874607996684258,
      9.804408165123668,
      9.788854634655921,
      9.679553357297884,
      9.658694955189858,
      9.62841117412317,
      9.251704771274976,
      9.079957992213716,
      8.544352878181126,
      8.447132478451024,
      8.443077188039984,
      8.374455374055511,
      8.316859597066625,
      8.264872825086435,
      8.187325218445102,
      8.02600691729547,
      7.9054156326135745,
      7.837226455521685,
      7.660415493505198,
      7.589862640110293,
      7.32533606582283,
      7.247782529421049
    ],
    "singular_values_truncated": true
  },
  "poles": [
    {
      "i": 0,
      "z": [
        0.9766293157987878,
        -0.17637654605263375
      ],
      "q": [
        -31.13257441453088,
        -731.837898202279
      ],
      "omega_qnm": [
        731.837898202279,
        -31.13257441453088
      ],
      "freq_hz": 116.47561904087601,
      "damping_1_over_s": 31.13257441453088,
      "a": [
        0.28523336406470245,
        -0.17605347744366978
      ],
      "amp_abs": 0.3351908395163505
    },
    {
      "i": 1,
      "z": [
        -0.8357278678507569,
        -0.5248238175926233
      ],
      "q": [
        -54.20246603220585,
        -10571.163000778717
      ],
      "omega_qnm": [
        10571.163000778717,
        -54.20246603220585
      ],
      "freq_hz": 1682.4528458040863,
      "damping_1_over_s": 54.20246603220585,
      "a": [
        -0.09318474913252645,
        -0.1376930661912603
      ],
      "amp_abs": 0.1662611739043204
    }
  ]
}
