i,omega_re,omega_im,freq_hz,damping_1_over_s,amp_abs,a_re,a_im,z_re,z_im,q_re,q_im
0,5.629084405545574555e+03,-2.857811589704939426e-02,8.958966082240814330e+02,2.857811589704939426e-02,4.254363052097035608e-02,4.253692843982317950e-02,-7.551270159401185511e-04,1.952445108448368494e-01,-9.807474837715192129e-01,-2.857811589704939426e-02,-5.629084405545574555e+03
1,4.720997334578253685e+03,-5.645249082143965341e-02,7.513700621217915341e+02,5.645249082143965341e-02,3.652413027669437762e-02,-1.135123412472940907e-02,3.471543714710390027e-02,4.061189397664499712e-01,-9.138051446835333547e-01,-5.645249082143965341e-02,-4.720997334578253685e+03
2,9.598714970730108689e+03,-1.044172932328660403e-01,1.527682934921874221e+03,1.044172932328660403e-01,4.404517682275486956e-02,4.397385963333422243e-02,-2.505448122704034830e-03,-6.980102613183025717e-01,-7.160521568905486856e-01,-1.044172932328660403e-01,-9.598714970730108689e+03
3,4.272364063496092967e+03,-1.539338025761486373e-01,6.799678593935793742e+02,1.539338025761486373e-01,4.422157169706500413e-02,3.864916556537646708e-02,2.148928580615880324e-02,5.035620546599541836e-01,-8.639155612337197088e-01,-1.539338025761486373e-01,-4.272364063496092967e+03
4,4.537106912399180146e+03,-2.565691033247430308e-01,7.221029924447365147e+02,2.565691033247430308e-01,4.556923689806308825e-02,4.069908588309334441e-02,2.049731103711865954e-02,4.466995165552540836e-01,-8.946140351423991222e-01,-2.565691033247430308e-01,-4.537106912399180146e+03
5,7.434025976151801842e+03,-4.334518659356760839e-01,1.183161981178111773e+03,4.334518659356760839e-01,4.667784185258857382e-02,4.193847720358609421e-02,2.049353678259462075e-02,-2.417074200676361806e-01,-9.702401244335634445e-01,-4.334518659356760839e-01,-7.434025976151801842e+03
6,9.300877846753188351e+03,-4.592344177419892537e-01,1.480280684404673821e+03,4.592344177419892537e-01,5.754407488209058869e-02,5.753978147741822813e-02,7.029235851833126603e-04,-6.440887192058195598e-01,-7.648042307513616134e-01,-4.592344177419892537e-01,-9.300877846753188351e+03
7,8.643082100447192715e+03,-5.181292354023532276e-01,1.375589239835252329e+03,5.181292354023532276e-01,3.553572955224552909e-02,-1.420323662663884601e-02,-3.257385675872663533e-02,-5.134972292622268508e-01,-8.579438412560985716e-01,-5.181292354023532276e-01,-8.643082100447192715e+03
