{
  "created_at": "2026-04-17T07:50:52+00:00",
  "script": "01_extract_ringdown_poles.py",
  "script_version": "01_extract_ringdown_poles.py/v1.2",
  "event": "GW151012",
  "ifo": "L1",
  "fs_hz": 4096.0,
  "dt": 0.000244140625,
  "t0_rel": 0.18374013900756836,
  "duration_s": 0.25,
  "preprocess": {
    "detrend": "mean",
    "hp_hz": 30.0,
    "lp_hz": null
  },
  "window": {
    "t0_rel": 0.18374013900756836,
    "duration_s": 0.25,
    "i0": 66289,
    "i1": 67314,
    "n_samples": 1025,
    "t_rel_start": 0.18374013900756836,
    "t_rel_end": 0.43374013900756836
  },
  "fit": {
    "method": "esprit_matrix_pencil",
    "L": 512,
    "rank_used": 1,
    "residual_rms": 0.9942552129771826,
    "relative_rms": 0.9895168594355809,
    "singular_values": [
      66.04879313526335,
      65.83588562242151,
      52.26488954577113,
      52.23827373891978,
      52.08290730554678,
      52.03457592426374,
      50.79667825453639,
      50.720759095087494,
      48.42750512749669,
      48.408491646906285,
      47.89434400784006,
      47.88863804788297,
      46.74445517420352,
      46.55671674864061,
      45.27852957036028,
      45.11324741849269,
      43.81502737731413,
      43.8011612348605,
      43.55939901953046,
      43.180772616030026,
      42.64029509314701,
      42.56597873424075,
      41.998704469135724,
      41.98769226615447,
      41.9286539181038,
      41.85945856097929,
      41.82984609495005,
      41.69997502408916,
      41.560243475576755,
      41.50729775202008,
      40.28283706597874,
      40.25625896728695,
      40.15591426787565,
      40.035191440322045,
      39.931462220062755,
      39.90679358346447,
      38.54979965129878,
      38.54733163020052,
      38.48801985094233,
      38.46357140982278,
      38.07998786086108,
      38.05254530774833,
      38.04419705524206,
      37.93745724327753,
      37.568701506874014,
      37.49874284451604,
      37.470304192694336,
      37.41206273290017,
      37.149966764831504,
      36.71093935703255,
      36.63897868489747,
      36.51940589611267,
      36.4473272323964,
      36.42526542531591,
      36.41256557154665,
      36.36951809091184,
      36.305870131984555,
      36.214992333917365,
      36.00954940827864,
      35.95030244595926,
      35.151668692168926,
      35.14306339387328,
      34.80511270850594,
      34.65979455613198
    ],
    "singular_values_truncated": true
  },
  "poles": [
    {
      "i": 0,
      "z": [
        -0.5003393368415956,
        -0.8232648423708373
      ],
      "q": [
        -152.80331933318217,
        -8670.80188806398
      ],
      "omega_qnm": [
        8670.80188806398,
        -152.80331933318217
      ],
      "freq_hz": 1380.0009810559213,
      "damping_1_over_s": 152.80331933318217,
      "a": [
        -0.2266638933949935,
        -0.0815869742731001
      ],
      "amp_abs": 0.24090030083006636
    }
  ]
}
