{
  "created_at": "2026-04-18T06:28:00+00:00",
  "script": "01_extract_ringdown_poles.py",
  "script_version": "01_extract_ringdown_poles.py/v1.3",
  "event": "GW151012",
  "ifo": "H1+L1",
  "fs_hz": 4096.0,
  "dt": 0.000244140625,
  "t0_rel": 0.18374013900756836,
  "duration_s": 0.05,
  "preprocess": {
    "detrend": "mean",
    "hp_hz": 30.0,
    "lp_hz": null
  },
  "window": {
    "t0_rel": 0.18374013900756836,
    "duration_s": 0.05,
    "i0": 66289,
    "i1": 66494,
    "n_samples": 205,
    "t_rel_start": 0.18374013900756836,
    "t_rel_end": 0.23354482650756836
  },
  "fit": {
    "method": "esprit_matrix_pencil",
    "L": 102,
    "rank_used": 4,
    "residual_rms": 1.0448152551130019,
    "relative_rms": 0.9668411045619687,
    "singular_values": [],
    "singular_values_truncated": false
  },
  "poles": [
    {
      "i": 0,
      "z": [
        0.9766293157987878,
        -0.17637654605263375
      ],
      "q": [
        -31.13257441453088,
        -731.837898202279
      ],
      "omega_qnm": [
        731.837898202279,
        -31.13257441453088
      ],
      "freq_hz": 116.47561904087601,
      "damping_1_over_s": 31.13257441453088,
      "a": [
        0.28523336406470245,
        -0.17605347744366978
      ],
      "amp_abs": 0.3351908395163505
    },
    {
      "i": 1,
      "z": [
        -0.20023131545588002,
        -0.9712791251880822
      ],
      "q": [
        -34.12445205535946,
        -7266.715203242168
      ],
      "omega_qnm": [
        7266.715203242168,
        -34.12445205535946
      ],
      "freq_hz": 1156.533644637018,
      "damping_1_over_s": 34.12445205535946,
      "a": [
        0.1588392283209374,
        0.08777651218451789
      ],
      "amp_abs": 0.18147896997963617
    },
    {
      "i": 2,
      "z": [
        -0.8357278678507569,
        -0.5248238175926233
      ],
      "q": [
        -54.20246603220585,
        -10571.163000778717
      ],
      "omega_qnm": [
        10571.163000778717,
        -54.20246603220585
      ],
      "freq_hz": 1682.4528458040863,
      "damping_1_over_s": 54.20246603220585,
      "a": [
        -0.09318474913252645,
        -0.1376930661912603
      ],
      "amp_abs": 0.1662611739043204
    },
    {
      "i": 3,
      "z": [
        0.5006133187836603,
        -0.8495634572006235
      ],
      "q": [
        -57.378970984544594,
        -4252.924735600889
      ],
      "omega_qnm": [
        4252.924735600889,
        -57.378970984544594
      ],
      "freq_hz": 676.8739942686735,
      "damping_1_over_s": 57.378970984544594,
      "a": [
        -0.268643681315079,
        0.2570544872588901
      ],
      "amp_abs": 0.37181505742835186
    }
  ]
}
