{
  "created_at": "2026-04-15T11:50:58+00:00",
  "script": "01_extract_ringdown_poles.py",
  "script_version": "01_extract_ringdown_poles.py/v1.1",
  "event": "GW151012",
  "ifo": "L1",
  "fs_hz": 4096.0,
  "dt": 0.000244140625,
  "t0_rel": 0.18374013900756836,
  "duration_s": 0.25,
  "preprocess": {
    "detrend": "mean",
    "hp_hz": null,
    "lp_hz": null
  },
  "window": {
    "t0_rel": 0.18374013900756836,
    "duration_s": 0.25,
    "i0": 66289,
    "i1": 67314,
    "n_samples": 1025,
    "t_rel_start": 0.18374013900756836,
    "t_rel_end": 0.43374013900756836
  },
  "fit": {
    "method": "esprit_matrix_pencil",
    "L": 512,
    "rank_used": 8,
    "residual_rms": 0.7358606094816378,
    "relative_rms": 0.7302619944736468,
    "singular_values": [
      66.0482753131194,
      65.83683124831516,
      52.26494314249978,
      52.23827513198499,
      52.08291961245862,
      52.03486888646991,
      50.79671288494738,
      50.721084541639755,
      48.42760810704735,
      48.40849827718655,
      47.894331330019185,
      47.88863885669128,
      46.74433396154336,
      46.55674816941265,
      45.2797923045037,
      45.11492627732501,
      43.81524093672974,
      43.80158128368441,
      43.56566452300946,
      43.18480459725181,
      42.64047867631377,
      42.565965603082425,
      41.998954580548094,
      41.988642098714124,
      41.928960619511145,
      41.860244407136925,
      41.83230865035394,
      41.70011249416933,
      41.56030834749326,
      41.50616829604352,
      40.28677089717422,
      40.256335588373794,
      40.17532589138158,
      40.030724325684325,
      39.927805313864326,
      39.91232883942991,
      38.5499095381928,
      38.547504494869216,
      38.48827784698776,
      38.46507048944362,
      38.0868798984477,
      38.05715512207316,
      38.04430809376761,
      37.94109793276299,
      37.568537212283516,
      37.49945154710936,
      37.47032445078673,
      37.41275406423222,
      37.16398674126713,
      36.71129938213618,
      36.639010569299714,
      36.52045319911286,
      36.44756578152179,
      36.42533655157359,
      36.41260891663468,
      36.370055511543804,
      36.30734460863421,
      36.27608864281807,
      36.0097138733697,
      35.9720326135911,
      35.17881930177307,
      35.148358690559,
      34.80334557632262,
      34.6601725814631
    ],
    "singular_values_truncated": true
  },
  "poles": [
    {
      "i": 0,
      "z": [
        0.19524451084483685,
        -0.9807474837715192
      ],
      "q": [
        -0.028578115897049394,
        -5629.084405545575
      ],
      "omega_qnm": [
        5629.084405545575,
        -0.028578115897049394
      ],
      "freq_hz": 895.8966082240814,
      "damping_1_over_s": 0.028578115897049394,
      "a": [
        0.04253692843982318,
        -0.0007551270159401186
      ],
      "amp_abs": 0.042543630520970356
    },
    {
      "i": 1,
      "z": [
        -0.6980102613183026,
        -0.7160521568905487
      ],
      "q": [
        -0.10441729323286604,
        -9598.714970730109
      ],
      "omega_qnm": [
        9598.714970730109,
        -0.10441729323286604
      ],
      "freq_hz": 1527.6829349218742,
      "damping_1_over_s": 0.10441729323286604,
      "a": [
        0.04397385963333422,
        -0.002505448122704035
      ],
      "amp_abs": 0.04404517682275487
    },
    {
      "i": 2,
      "z": [
        -0.24170742006763618,
        -0.9702401244335634
      ],
      "q": [
        -0.4334518659356761,
        -7434.025976151802
      ],
      "omega_qnm": [
        7434.025976151802,
        -0.4334518659356761
      ],
      "freq_hz": 1183.1619811781118,
      "damping_1_over_s": 0.4334518659356761,
      "a": [
        0.041938477203586094,
        0.02049353678259462
      ],
      "amp_abs": 0.046677841852588574
    },
    {
      "i": 3,
      "z": [
        -0.6440887192058196,
        -0.7648042307513616
      ],
      "q": [
        -0.45923441774198925,
        -9300.877846753188
      ],
      "omega_qnm": [
        9300.877846753188,
        -0.45923441774198925
      ],
      "freq_hz": 1480.2806844046738,
      "damping_1_over_s": 0.45923441774198925,
      "a": [
        0.05753978147741823,
        0.0007029235851833127
      ],
      "amp_abs": 0.05754407488209059
    },
    {
      "i": 4,
      "z": [
        -0.5134972292622269,
        -0.8579438412560986
      ],
      "q": [
        -0.5181292354023532,
        -8643.082100447193
      ],
      "omega_qnm": [
        8643.082100447193,
        -0.5181292354023532
      ],
      "freq_hz": 1375.5892398352523,
      "damping_1_over_s": 0.5181292354023532,
      "a": [
        -0.014203236626638846,
        -0.032573856758726635
      ],
      "amp_abs": 0.03553572955224553
    },
    {
      "i": 5,
      "z": [
        -0.6014294993390428,
        -0.7986957118863839
      ],
      "q": [
        -0.7532231958862007,
        -9077.653353923768
      ],
      "omega_qnm": [
        9077.653353923768,
        -0.7532231958862007
      ],
      "freq_hz": 1444.75340295169,
      "damping_1_over_s": 0.7532231958862007,
      "a": [
        0.03544264264500829,
        0.05529013718184806
      ],
      "amp_abs": 0.06567480633583427
    },
    {
      "i": 6,
      "z": [
        0.9851185851000808,
        -0.17077180424483532
      ],
      "q": [
        -0.7750364429516512,
        -703.0608882008075
      ],
      "omega_qnm": [
        703.0608882008075,
        -0.7750364429516512
      ],
      "freq_hz": 111.89561565173692,
      "damping_1_over_s": 0.7750364429516512,
      "a": [
        0.03678662701161332,
        0.02823864300670778
      ],
      "amp_abs": 0.046375390949854475
    },
    {
      "i": 7,
      "z": [
        -0.5780124904711015,
        -0.8157842354059676
      ],
      "q": [
        -0.8145330239263894,
        -8958.886704042183
      ],
      "omega_qnm": [
        8958.886704042183,
        -0.8145330239263894
      ],
      "freq_hz": 1425.8511035485715,
      "damping_1_over_s": 0.8145330239263894,
      "a": [
        -0.04197529705510414,
        0.025748570896815565
      ],
      "amp_abs": 0.04924342053607336
    }
  ]
}
