{
  "created_at": "2026-04-08T15:12:23+00:00",
  "script": "01_extract_ringdown_poles.py",
  "script_version": "01_extract_ringdown_poles.py/v1.1",
  "event": "GW151012",
  "ifo": "H1+L1",
  "fs_hz": 4096.0,
  "dt": 0.000244140625,
  "t0_rel": 0.18374013900756836,
  "duration_s": 0.25,
  "preprocess": {
    "detrend": "mean",
    "hp_hz": null,
    "lp_hz": null
  },
  "window": {
    "t0_rel": 0.18374013900756836,
    "duration_s": 0.25,
    "i0": 66289,
    "i1": 67314,
    "n_samples": 1025,
    "t_rel_start": 0.18374013900756836,
    "t_rel_end": 0.43374013900756836
  },
  "fit": {
    "method": "esprit_matrix_pencil",
    "L": 512,
    "rank_used": 16,
    "residual_rms": NaN,
    "relative_rms": NaN,
    "singular_values": [],
    "singular_values_truncated": false
  },
  "poles": [
    {
      "i": 0,
      "z": [
        0.19524451084483718,
        -0.9807474837715212
      ],
      "q": [
        -0.028578115888755057,
        -5629.0844055455755
      ],
      "omega_qnm": [
        5629.0844055455755,
        -0.028578115888755057
      ],
      "freq_hz": 895.8966082240815,
      "damping_1_over_s": 0.028578115888755057,
      "a": [
        2.4157488701720348e-57,
        -1.0933617286059195e-57
      ],
      "amp_abs": 2.6516565526699696e-57
    },
    {
      "i": 1,
      "z": [
        0.4061189397664481,
        -0.9138051446835296
      ],
      "q": [
        -0.05645249083870843,
        -4720.997334578254
      ],
      "omega_qnm": [
        4720.997334578254,
        -0.05645249083870843
      ],
      "freq_hz": 751.3700621217915,
      "damping_1_over_s": 0.05645249083870843,
      "a": [
        1.82428739962197e-25,
        -6.773090658467412e-26
      ],
      "amp_abs": 1.9459630230550822e-25
    },
    {
      "i": 2,
      "z": [
        -0.6980102613183012,
        -0.7160521568905468
      ],
      "q": [
        -0.10441729324221113,
        -9598.714970730109
      ],
      "omega_qnm": [
        9598.714970730109,
        -0.10441729324221113
      ],
      "freq_hz": 1527.6829349218742,
      "damping_1_over_s": 0.10441729324221113,
      "a": [
        1.1977012694239336e-57,
        -1.0017382564582307e-57
      ],
      "amp_abs": 1.561399329201751e-57
    },
    {
      "i": 3,
      "z": [
        0.5035620546599568,
        -0.8639155612337186
      ],
      "q": [
        -0.1539338025745813,
        -4272.364063496082
      ],
      "omega_qnm": [
        4272.364063496082,
        -0.1539338025745813
      ],
      "freq_hz": 679.9678593935777,
      "damping_1_over_s": 0.1539338025745813,
      "a": [
        1.3539924707547e-25,
        1.149462361626335e-25
      ],
      "amp_abs": 1.7761079166694823e-25
    },
    {
      "i": 4,
      "z": [
        0.44669951655525575,
        -0.8946140351423979
      ],
      "q": [
        -0.2565691033261712,
        -4537.106912399172
      ],
      "omega_qnm": [
        4537.106912399172,
        -0.2565691033261712
      ],
      "freq_hz": 722.1029924447352,
      "damping_1_over_s": 0.2565691033261712,
      "a": [
        -1.205012497314003e-25,
        -1.335360970045277e-25
      ],
      "amp_abs": 1.7986784145597549e-25
    },
    {
      "i": 5,
      "z": [
        -0.24170742006763596,
        -0.9702401244335651
      ],
      "q": [
        -0.43345186592927637,
        -7434.0259761518
      ],
      "omega_qnm": [
        7434.0259761518,
        -0.43345186592927637
      ],
      "freq_hz": 1183.1619811781115,
      "damping_1_over_s": 0.43345186592927637,
      "a": [
        -5.22800742755165e-59,
        -1.7579962449341095e-57
      ],
      "amp_abs": 1.758773437191011e-57
    },
    {
      "i": 6,
      "z": [
        -0.644088719205824,
        -0.7648042307513686
      ],
      "q": [
        -0.4592344177083549,
        -9300.877846753183
      ],
      "omega_qnm": [
        9300.877846753183,
        -0.4592344177083549
      ],
      "freq_hz": 1480.280684404673,
      "damping_1_over_s": 0.4592344177083549,
      "a": [
        1.4204062519672883e-57,
        3.282242911421555e-58
      ],
      "amp_abs": 1.45783576095647e-57
    },
    {
      "i": 7,
      "z": [
        -0.5134972292622318,
        -0.8579438412560959
      ],
      "q": [
        -0.5181292354012084,
        -8643.082100447215
      ],
      "omega_qnm": [
        8643.082100447215,
        -0.5181292354012084
      ],
      "freq_hz": 1375.5892398352557,
      "damping_1_over_s": 0.5181292354012084,
      "a": [
        9.530781627797543e-58,
        -1.175755238263223e-57
      ],
      "amp_abs": 1.5135251450408878e-57
    },
    {
      "i": 8,
      "z": [
        0.901636321676381,
        -0.43218462591044077
      ],
      "q": [
        -0.5497417405790598,
        -1830.8229518087753
      ],
      "omega_qnm": [
        1830.8229518087753,
        -0.5497417405790598
      ],
      "freq_hz": 291.3845227064615,
      "damping_1_over_s": 0.5497417405790598,
      "a": [
        1.2648151488233712e-25,
        2.723877211567143e-26
      ],
      "amp_abs": 1.2938131361715397e-25
    },
    {
      "i": 9,
      "z": [
        -0.6014294993390435,
        -0.798695711886382
      ],
      "q": [
        -0.7532231958904622,
        -9077.653353923775
      ],
      "omega_qnm": [
        9077.653353923775,
        -0.7532231958904622
      ],
      "freq_hz": 1444.7534029516914,
      "damping_1_over_s": 0.7532231958904622,
      "a": [
        7.912051083498411e-58,
        1.1270049562495613e-57
      ],
      "amp_abs": 1.3770060620382028e-57
    },
    {
      "i": 10,
      "z": [
        0.9851185851000814,
        -0.1707718042448351
      ],
      "q": [
        -0.7750364429491176,
        -703.0608882008062
      ],
      "omega_qnm": [
        703.0608882008062,
        -0.7750364429491176
      ],
      "freq_hz": 111.8956156517367,
      "damping_1_over_s": 0.7750364429491176,
      "a": [
        -4.1702836052693034e-57,
        2.8028426251437296e-57
      ],
      "amp_abs": 5.024658409255353e-57
    },
    {
      "i": 11,
      "z": [
        0.24726206014443658,
        -0.9687457233860468
      ],
      "q": [
        -0.8054258823108047,
        -5410.376055633227
      ],
      "omega_qnm": [
        5410.376055633227,
        -0.8054258823108047
      ],
      "freq_hz": 861.0880932400595,
      "damping_1_over_s": 0.8054258823108047,
      "a": [
        -1.139188996218686e-25,
        1.4317942732258275e-25
      ],
      "amp_abs": 1.8296957151253354e-25
    },
    {
      "i": 12,
      "z": [
        -0.5780124904710999,
        -0.8157842354059707
      ],
      "q": [
        -0.8145330239196793,
        -8958.886704042172
      ],
      "omega_qnm": [
        8958.886704042172,
        -0.8145330239196793
      ],
      "freq_hz": 1425.8511035485697,
      "damping_1_over_s": 0.8145330239196793,
      "a": [
        -1.2238413757531003e-57,
        6.128082699571064e-58
      ],
      "amp_abs": 1.3686934239387077e-57
    },
    {
      "i": 13,
      "z": [
        -0.7251066570075133,
        -0.6883429022221812
      ],
      "q": [
        -0.8283478207810416,
        -9757.48537912989
      ],
      "omega_qnm": [
        9757.48537912989,
        -0.8283478207810416
      ],
      "freq_hz": 1552.9520302354185,
      "damping_1_over_s": 0.8283478207810416,
      "a": [
        3.3841409628457104e-58,
        1.2448902710666162e-57
      ],
      "amp_abs": 1.2900681716717207e-57
    },
    {
      "i": 14,
      "z": [
        -0.013287872687513247,
        -0.9996798238322432
      ],
      "q": [
        -0.9498415022860499,
        -6488.423106836002
      ],
      "omega_qnm": [
        6488.423106836002,
        -0.9498415022860499
      ],
      "freq_hz": 1032.6646103246228,
      "damping_1_over_s": 0.9498415022860499,
      "a": [
        1.945155547142175e-26,
        2.3063114621669582e-25
      ],
      "amp_abs": 2.3144997000536577e-25
    },
    {
      "i": 15,