{
  "created_at": "2026-04-15T11:50:58+00:00",
  "script": "01_extract_ringdown_poles.py",
  "script_version": "01_extract_ringdown_poles.py/v1.1",
  "event": "GW151012",
  "ifo": "H1",
  "fs_hz": 4096.0,
  "dt": 0.000244140625,
  "t0_rel": 0.18374013900756836,
  "duration_s": 0.25,
  "preprocess": {
    "detrend": "mean",
    "hp_hz": null,
    "lp_hz": null
  },
  "window": {
    "t0_rel": 0.18374013900756836,
    "duration_s": 0.25,
    "i0": 66289,
    "i1": 67314,
    "n_samples": 1025,
    "t_rel_start": 0.18374013900756836,
    "t_rel_end": 0.43374013900756836
  },
  "fit": {
    "method": "esprit_matrix_pencil",
    "L": 512,
    "rank_used": 8,
    "residual_rms": 0.736178471006457,
    "relative_rms": 0.7149335758932056,
    "singular_values": [
      57.331134172386086,
      56.21075898228675,
      53.53924317555121,
      53.51982672226689,
      46.94923605205788,
      46.93911288808964,
      46.72725123053049,
      46.68898642397381,
      46.42950250330441,
      46.39889203486748,
      45.38509250421743,
      45.3624180515279,
      44.818593512912265,
      44.29080954434169,
      43.497512171703555,
      43.47941664620093,
      43.34640007178861,
      42.509321515779305,
      42.43472539793531,
      42.319865760586275,
      42.217100068150096,
      42.02297768365303,
      41.97532104003233,
      41.399383901413394,
      41.229988025271176,
      40.90518923995009,
      40.86672679439435,
      40.838570817164516,
      40.604250857614474,
      40.56237120563055,
      40.48303945115078,
      40.11493867945981,
      40.09196950128939,
      39.819864625487156,
      39.79744887729701,
      39.397900355473766,
      39.27146973927126,
      39.25463602948284,
      39.18752930285937,
      39.07676698904979,
      39.04055871331319,
      38.65793299283507,
      38.500288928183686,
      38.47552294950296,
      37.812358723657425,
      37.74951155850076,
      37.60654915313045,
      37.397334093159245,
      37.10337818565231,
      37.002405973458735,
      36.68021166873262,
      36.636064369761534,
      36.319438156251266,
      36.15109724230825,
      36.090621023282615,
      36.076287214231805,
      35.9266724472905,
      35.79695302235341,
      35.65269068076011,
      35.5639439136783,
      35.527405277835996,
      35.46042557392725,
      35.379685459116246,
      35.3626479805441
    ],
    "singular_values_truncated": true
  },
  "poles": [
    {
      "i": 0,
      "z": [
        0.40611893976644997,
        -0.9138051446835334
      ],
      "q": [
        -0.05645249082143965,
        -4720.997334578254
      ],
      "omega_qnm": [
        4720.997334578254,
        -0.05645249082143965
      ],
      "freq_hz": 751.3700621217915,
      "damping_1_over_s": 0.05645249082143965,
      "a": [
        -0.011351234124729409,
        0.0347154371471039
      ],
      "amp_abs": 0.03652413027669438
    },
    {
      "i": 1,
      "z": [
        0.5035620546599542,
        -0.8639155612337197
      ],
      "q": [
        -0.15393380257614864,
        -4272.364063496093
      ],
      "omega_qnm": [
        4272.364063496093,
        -0.15393380257614864
      ],
      "freq_hz": 679.9678593935794,
      "damping_1_over_s": 0.15393380257614864,
      "a": [
        0.03864916556537647,
        0.021489285806158803
      ],
      "amp_abs": 0.044221571697065004
    },
    {
      "i": 2,
      "z": [
        0.4466995165552541,
        -0.8946140351423991
      ],
      "q": [
        -0.25656910332474303,
        -4537.10691239918
      ],
      "omega_qnm": [
        4537.10691239918,
        -0.25656910332474303
      ],
      "freq_hz": 722.1029924447365,
      "damping_1_over_s": 0.25656910332474303,
      "a": [
        0.040699085883093344,
        0.02049731103711866
      ],
      "amp_abs": 0.04556923689806309
    },
    {
      "i": 3,
      "z": [
        0.9016363216763792,
        -0.43218462591044104
      ],
      "q": [
        -0.5497417405851304,
        -1830.8229518087796
      ],
      "omega_qnm": [
        1830.8229518087796,
        -0.5497417405851304
      ],
      "freq_hz": 291.3845227064622,
      "damping_1_over_s": 0.5497417405851304,
      "a": [
        -0.059078995911420434,
        0.0272812172922082
      ],
      "amp_abs": 0.06507374720151216
    },
    {
      "i": 4,
      "z": [
        0.24726206014443586,
        -0.9687457233860465
      ],
      "q": [
        -0.805425882312858,
        -5410.376055633229
      ],
      "omega_qnm": [
        5410.376055633229,
        -0.805425882312858
      ],
      "freq_hz": 861.0880932400597,
      "damping_1_over_s": 0.805425882312858,
      "a": [
        -0.010573255725962802,
        -0.016137375490075774
      ],
      "amp_abs": 0.019292709098369352
    },
    {
      "i": 5,
      "z": [
        -0.013287872687515252,
        -0.9996798238322483
      ],
      "q": [
        -0.9498415022650192,
        -6488.4231068360095
      ],
      "omega_qnm": [
        6488.4231068360095,
        -0.9498415022650192
      ],
      "freq_hz": 1032.664610324624,
      "damping_1_over_s": 0.9498415022650192,
      "a": [
        0.03757101277611684,
        0.015297079052036977
      ],
      "amp_abs": 0.040565769172387245
    },
    {
      "i": 6,
      "z": [
        -0.6352267006795491,
        -0.7719776449518179
      ],
      "q": [
        -1.1012074958964042,
        -9254.172737268264
      ],
      "omega_qnm": [
        9254.172737268264,
        -1.1012074958964042
      ],
      "freq_hz": 1472.8473353624997,
      "damping_1_over_s": 1.1012074958964042,
      "a": [
        -0.0016530367213139358,
        0.02705585411233572
      ],
      "amp_abs": 0.02710630502576856
    },
    {
      "i": 7,
      "z": [
        0.32589905510003736,
        -0.9451111005390387
      ],
      "q": [
        -1.1365734169873674,
        -5073.871305309596
      ],
      "omega_qnm": [
        5073.871305309596,
        -1.1365734169873674
      ],
      "freq_hz": 807.5316988521495,
      "damping_1_over_s": 1.1365734169873674,
      "a": [
        0.019102013663663257,
        0.012896906457064594
      ],
      "amp_abs": 0.023048147911905032
    }
  ]
}
