{
  "created_at": "2026-04-15T11:50:58+00:00",
  "script": "01_extract_ringdown_poles.py",
  "script_version": "01_extract_ringdown_poles.py/v1.1",
  "event": "GW151012",
  "ifo": "H1+L1",
  "fs_hz": 4096.0,
  "dt": 0.000244140625,
  "t0_rel": 0.18374013900756836,
  "duration_s": 0.25,
  "preprocess": {
    "detrend": "mean",
    "hp_hz": null,
    "lp_hz": null
  },
  "window": {
    "t0_rel": 0.18374013900756836,
    "duration_s": 0.25,
    "i0": 66289,
    "i1": 67314,
    "n_samples": 1025,
    "t_rel_start": 0.18374013900756836,
    "t_rel_end": 0.43374013900756836
  },
  "fit": {
    "method": "esprit_matrix_pencil",
    "L": 512,
    "rank_used": 8,
    "residual_rms": NaN,
    "relative_rms": NaN,
    "singular_values": [],
    "singular_values_truncated": false
  },
  "poles": [
    {
      "i": 0,
      "z": [
        0.19524451084483685,
        -0.9807474837715192
      ],
      "q": [
        -0.028578115897049394,
        -5629.084405545575
      ],
      "omega_qnm": [
        5629.084405545575,
        -0.028578115897049394
      ],
      "freq_hz": 895.8966082240814,
      "damping_1_over_s": 0.028578115897049394,
      "a": [
        0.04253692843982318,
        -0.0007551270159401186
      ],
      "amp_abs": 0.042543630520970356
    },
    {
      "i": 1,
      "z": [
        0.40611893976644997,
        -0.9138051446835334
      ],
      "q": [
        -0.05645249082143965,
        -4720.997334578254
      ],
      "omega_qnm": [
        4720.997334578254,
        -0.05645249082143965
      ],
      "freq_hz": 751.3700621217915,
      "damping_1_over_s": 0.05645249082143965,
      "a": [
        -0.011351234124729409,
        0.0347154371471039
      ],
      "amp_abs": 0.03652413027669438
    },
    {
      "i": 2,
      "z": [
        -0.6980102613183026,
        -0.7160521568905487
      ],
      "q": [
        -0.10441729323286604,
        -9598.714970730109
      ],
      "omega_qnm": [
        9598.714970730109,
        -0.10441729323286604
      ],
      "freq_hz": 1527.6829349218742,
      "damping_1_over_s": 0.10441729323286604,
      "a": [
        0.04397385963333422,
        -0.002505448122704035
      ],
      "amp_abs": 0.04404517682275487
    },
    {
      "i": 3,
      "z": [
        0.5035620546599542,
        -0.8639155612337197
      ],
      "q": [
        -0.15393380257614864,
        -4272.364063496093
      ],
      "omega_qnm": [
        4272.364063496093,
        -0.15393380257614864
      ],
      "freq_hz": 679.9678593935794,
      "damping_1_over_s": 0.15393380257614864,
      "a": [
        0.03864916556537647,
        0.021489285806158803
      ],
      "amp_abs": 0.044221571697065004
    },
    {
      "i": 4,
      "z": [
        0.4466995165552541,
        -0.8946140351423991
      ],
      "q": [
        -0.25656910332474303,
        -4537.10691239918
      ],
      "omega_qnm": [
        4537.10691239918,
        -0.25656910332474303
      ],
      "freq_hz": 722.1029924447365,
      "damping_1_over_s": 0.25656910332474303,
      "a": [
        0.040699085883093344,
        0.02049731103711866
      ],
      "amp_abs": 0.04556923689806309
    },
    {
      "i": 5,
      "z": [
        -0.24170742006763618,
        -0.9702401244335634
      ],
      "q": [
        -0.4334518659356761,
        -7434.025976151802
      ],
      "omega_qnm": [
        7434.025976151802,
        -0.4334518659356761
      ],
      "freq_hz": 1183.1619811781118,
      "damping_1_over_s": 0.4334518659356761,
      "a": [
        0.041938477203586094,
        0.02049353678259462
      ],
      "amp_abs": 0.046677841852588574
    },
    {
      "i": 6,
      "z": [
        -0.6440887192058196,
        -0.7648042307513616
      ],
      "q": [
        -0.45923441774198925,
        -9300.877846753188
      ],
      "omega_qnm": [
        9300.877846753188,
        -0.45923441774198925
      ],
      "freq_hz": 1480.2806844046738,
      "damping_1_over_s": 0.45923441774198925,
      "a": [
        0.05753978147741823,
        0.0007029235851833127
      ],
      "amp_abs": 0.05754407488209059
    },
    {
      "i": 7,
      "z": [
        -0.5134972292622269,
        -0.8579438412560986
      ],
      "q": [
        -0.5181292354023532,
        -8643.082100447193
      ],
      "omega_qnm": [
        8643.082100447193,
        -0.5181292354023532
      ],
      "freq_hz": 1375.5892398352523,
      "damping_1_over_s": 0.5181292354023532,
      "a": [
        -0.014203236626638846,
        -0.032573856758726635
      ],
      "amp_abs": 0.03553572955224553
    }
  ]
}
