{
  "created_at": "2026-04-17T09:25:52+00:00",
  "script": "01_extract_ringdown_poles.py",
  "script_version": "01_extract_ringdown_poles.py/v1.2",
  "event": "GW170814",
  "ifo": "H1",
  "fs_hz": 4096.0,
  "dt": 0.000244140625,
  "t0_rel": -0.454763671875,
  "duration_s": 0.05,
  "preprocess": {
    "detrend": "mean",
    "hp_hz": 30.0,
    "lp_hz": null
  },
  "window": {
    "t0_rel": -0.454763671875,
    "duration_s": 0.05,
    "i0": 63674,
    "i1": 63879,
    "n_samples": 205,
    "t_rel_start": -0.45458984375,
    "t_rel_end": -0.40478515625
  },
  "fit": {
    "method": "esprit_matrix_pencil",
    "L": 102,
    "rank_used": 2,
    "residual_rms": 0.8610910031004183,
    "relative_rms": 0.9405300123737783,
    "singular_values": [
      22.095043761138932,
      21.886305668337187,
      20.858700796921358,
      20.627128075017424,
      18.044774945740656,
      17.946213456386815,
      16.093463924855556,
      16.005056260311928,
      15.210757661273567,
      15.053716435133815,
      14.931129657858529,
      14.875276820775692,
      14.370340828323839,
      14.271510297212256,
      13.014759382681769,
      12.714091300602814,
      12.642735120236459,
      12.512212369490888,
      12.414750646588189,
      12.32547055727515,
      12.197878365791043,
      11.997929618866996,
      11.849812421296384,
      11.735879206909852,
      11.638570310674366,
      11.624403711712393,
      11.234404962040314,
      10.670154805630014,
      10.539174475495745,
      10.415770270155267,
      10.347863375575091,
      10.114832393280466,
      9.99018844499266,
      9.80705209125906,
      9.222210072834395,
      9.098206312466521,
      8.731961954964731,
      8.426776122014344,
      8.207244713170486,
      8.097786302452096,
      8.06535661158888,
      8.024526971881425,
      7.568248862060068,
      7.478384996897267,
      7.349042119166727,
      7.088139507853688,
      6.408436129011822,
      6.320405782591771,
      6.210876613364898,
      5.969422405401918,
      5.935050477774653,
      5.854055251474804,
      5.7793536561295324,
      5.488809435652633,
      5.440611247158751,
      5.403895898760269,
      5.292375201777748,
      5.1926949478839255,
      5.143273307477522,
      4.882962687722465,
      4.7472361427640966,
      4.642724465195532,
      4.4733598652779385,
      4.296974442590399
    ],
    "singular_values_truncated": true
  },
  "poles": [
    {
      "i": 0,
      "z": [
        -0.7398895773629304,
        -0.6618908750911526
      ],
      "q": [
        -29.838345086212062,
        -9878.649925006484
      ],
      "omega_qnm": [
        9878.649925006484,
        -29.838345086212062
      ],
      "freq_hz": 1572.2359666391633,
      "damping_1_over_s": 29.838345086212062,
      "a": [
        0.15502243681048147,
        0.1819892012375092
      ],
      "amp_abs": 0.23906489763603175
    },
    {
      "i": 1,
      "z": [
        0.5850134153413378,
        -0.7998425022968936
      ],
      "q": [
        -37.223327254342784,
        -3847.368148749396
      ],
      "omega_qnm": [
        3847.368148749396,
        -37.223327254342784
      ],
      "freq_hz": 612.3276587677808,
      "damping_1_over_s": 37.223327254342784,
      "a": [
        -0.3358684190883799,
        0.0639141120917949
      ],
      "amp_abs": 0.34189561077236735
    }
  ]
}
