{
  "created_at": "2026-04-20T07:36:20+00:00",
  "script": "01_extract_ringdown_poles.py",
  "script_version": "01_extract_ringdown_poles.py/v1.3",
  "event": "GW150914",
  "ifo": "H1",
  "fs_hz": 4096.0,
  "dt": 0.000244140625,
  "t0_rel": 0.02145693588256836,
  "duration_s": 0.05,
  "preprocess": {
    "detrend": "mean",
    "hp_hz": 30.0,
    "lp_hz": null
  },
  "window": {
    "t0_rel": 0.02145693588256836,
    "duration_s": 0.05,
    "i0": 65625,
    "i1": 65830,
    "n_samples": 205,
    "t_rel_start": 0.02163076400756836,
    "t_rel_end": 0.07143545150756836
  },
  "fit": {
    "method": "esprit_matrix_pencil",
    "L": 102,
    "rank_used": 2,
    "residual_rms": 1.0781044294228173,
    "relative_rms": 0.8249749362977219,
    "singular_values": [
      36.98358529237842,
      33.66186125181843,
      25.16556563870106,
      24.949603014341942,
      19.917037569402822,
      19.775440118505095,
      18.765758735331808,
      17.925470445459773,
      17.87955139724909,
      17.394733526526753,
      17.243180125753256,
      16.90753642908246,
      16.6251336266658,
      16.421060552149694,
      16.221075902875217,
      16.00566132646948,
      15.413808043333898,
      15.348364878836872,
      14.981485991640481,
      14.848777191868779,
      14.684536240779353,
      14.42220223073252,
      14.366034257981262,
      14.091641279302648,
      13.520267602195915,
      13.292506223862713,
      12.765396727764587,
      12.743463420810192,
      12.456203196747946,
      11.822671197103608,
      11.708195300823984,
      11.587794441418527,
      11.493305340901658,
      11.29587698811674,
      10.71064138004661,
      9.82573694377811,
      9.800069305178669,
      9.718840891263184,
      9.667515910443148,
      9.644416722754528,
      9.532554336275732,
      9.438992510214488,
      9.079211205977458,
      8.973982397822025,
      8.848771819927475,
      8.751924104762331,
      8.582027975646037,
      8.31300110492135,
      8.166446090074182,
      8.048460220610918,
      8.01426877272477,
      7.933394146084784,
      7.599170295685581,
      7.569810489505863,
      7.317748208050197,
      7.173240426114894,
      7.151024994847654,
      7.056356460656384,
      6.66302856711016,
      6.445293974161741,
      5.965614454486063,
      5.888030521831287,
      5.821598498673702,
      5.385839183474095
    ],
    "singular_values_truncated": true
  },
  "poles": [
    {
      "i": 0,
      "z": [
        0.30901493181122125,
        -0.9428097971140724
      ],
      "q": [
        -32.241105725942276,
        -5136.672854049412
      ],
      "omega_qnm": [
        5136.672854049412,
        -32.241105725942276
      ],
      "freq_hz": 817.5268757679179,
      "damping_1_over_s": 32.241105725942276,
      "a": [
        0.2920817795800194,
        -0.07790969543820936
      ],
      "amp_abs": 0.30229403997747883
    },
    {
      "i": 1,
      "z": [
        0.9216698048742442,
        -0.30343029532718196
      ],
      "q": [
        -123.35708540140796,
        -1302.7008447354065
      ],
      "omega_qnm": [
        1302.7008447354065,
        -123.35708540140796
      ],
      "freq_hz": 207.3312788096276,
      "damping_1_over_s": 123.35708540140796,
      "a": [
        -0.806087219529227,
        1.625070571768683
      ],
      "amp_abs": 1.8140096385402573
    }
  ]
}
