{
  "created_at": "2026-04-20T07:36:20+00:00",
  "script": "01_extract_ringdown_poles.py",
  "script_version": "01_extract_ringdown_poles.py/v1.3",
  "event": "GW150914",
  "ifo": "H1+L1",
  "fs_hz": 4096.0,
  "dt": 0.000244140625,
  "t0_rel": 0.02145693588256836,
  "duration_s": 0.05,
  "preprocess": {
    "detrend": "mean",
    "hp_hz": 30.0,
    "lp_hz": null
  },
  "window": {
    "t0_rel": 0.02145693588256836,
    "duration_s": 0.05,
    "i0": 65625,
    "i1": 65830,
    "n_samples": 205,
    "t_rel_start": 0.02163076400756836,
    "t_rel_end": 0.07143545150756836
  },
  "fit": {
    "method": "esprit_matrix_pencil",
    "L": 102,
    "rank_used": 3,
    "residual_rms": 1.0781044294228173,
    "relative_rms": 0.8249749362977219,
    "singular_values": [],
    "singular_values_truncated": false
  },
  "poles": [
    {
      "i": 0,
      "z": [
        0.30901493181122125,
        -0.9428097971140724
      ],
      "q": [
        -32.241105725942276,
        -5136.672854049412
      ],
      "omega_qnm": [
        5136.672854049412,
        -32.241105725942276
      ],
      "freq_hz": 817.5268757679179,
      "damping_1_over_s": 32.241105725942276,
      "a": [
        0.2920817795800194,
        -0.07790969543820936
      ],
      "amp_abs": 0.30229403997747883
    },
    {
      "i": 1,
      "z": [
        0.9216698048742442,
        -0.30343029532718196
      ],
      "q": [
        -123.35708540140796,
        -1302.7008447354065
      ],
      "omega_qnm": [
        1302.7008447354065,
        -123.35708540140796
      ],
      "freq_hz": 207.3312788096276,
      "damping_1_over_s": 123.35708540140796,
      "a": [
        -0.806087219529227,
        1.625070571768683
      ],
      "amp_abs": 1.8140096385402573
    },
    {
      "i": 2,
      "z": [
        -0.8525169052519708,
        -0.4203388260500413
      ],
      "q": [
        -207.8977892168952,
        -10991.679174241772
      ],
      "omega_qnm": [
        10991.679174241772,
        -207.8977892168952
      ],
      "freq_hz": 1749.3800734608203,
      "damping_1_over_s": 207.8977892168952,
      "a": [
        -0.35134578491400015,
        -0.2031028524735578
      ],
      "amp_abs": 0.4058258607577031
    }
  ]
}
