{
  "created_at": "2026-04-17T08:06:54+00:00",
  "script": "01_extract_ringdown_poles.py",
  "script_version": "01_extract_ringdown_poles.py/v1.2",
  "event": "GW170104",
  "ifo": "H1",
  "fs_hz": 4096.0,
  "dt": 0.000244140625,
  "t0_rel": 0.14132822036743165,
  "duration_s": 0.25,
  "preprocess": {
    "detrend": "mean",
    "hp_hz": 30.0,
    "lp_hz": null
  },
  "window": {
    "t0_rel": 0.14132822036743165,
    "duration_s": 0.25,
    "i0": 66116,
    "i1": 67140,
    "n_samples": 1024,
    "t_rel_start": 0.14145517349243164,
    "t_rel_end": 0.39121103286743164
  },
  "fit": {
    "method": "esprit_matrix_pencil",
    "L": 512,
    "rank_used": 2,
    "residual_rms": 0.9651097861998212,
    "relative_rms": 0.9958581381168538,
    "singular_values": [
      55.454393155940025,
      55.411933393531065,
      50.918901121058546,
      50.868095995794214,
      50.65761654034719,
      50.48490631267237,
      50.12368308979221,
      50.11303145127913,
      49.9368315972426,
      49.91639409889268,
      46.4559860150994,
      46.445026387065965,
      46.31756972959439,
      45.806718444762296,
      45.37050143016536,
      45.33169264777904,
      44.18809790704277,
      44.04688651145348,
      43.8560994785985,
      43.82485228881103,
      43.31082857944234,
      43.30997774853214,
      42.42239565550972,
      42.397578848580466,
      42.12256480068405,
      41.989001281774684,
      41.77566919005771,
      41.734908779992686,
      41.59142027198731,
      41.52299552645742,
      40.66136535237658,
      40.62278698302826,
      40.502460784124416,
      40.341111570359196,
      40.301752394850276,
      40.10397601383087,
      39.745880455783826,
      39.65403016860186,
      38.55000897835918,
      38.51682464451619,
      38.04294544330822,
      37.77941932277407,
      37.687807902055276,
      37.67166832038706,
      37.33932508402501,
      37.239785832984595,
      37.06208344887012,
      36.816047909629134,
      35.267832926671645,
      35.193481969249994,
      34.925916464000494,
      34.80893608846116,
      34.74513507869514,
      34.73827493110665,
      34.25687888088078,
      34.2024411510925,
      34.10751510633857,
      34.04360962604461,
      33.652904757513255,
      33.64982078840309,
      33.5624172938266,
      33.50441564723684,
      33.217091142494475,
      33.197295857539615
    ],
    "singular_values_truncated": true
  },
  "poles": [
    {
      "i": 0,
      "z": [
        -0.07338715799678472,
        -0.9959698661167774
      ],
      "q": [
        -5.451551780036102,
        -6735.247450597296
      ],
      "omega_qnm": [
        6735.247450597296,
        -5.451551780036102
      ],
      "freq_hz": 1071.9479247096458,
      "damping_1_over_s": 5.451551780036102,
      "a": [
        -0.0035409257510306547,
        -0.10297709109465424
      ],
      "amp_abs": 0.10303795148143731
    },
    {
      "i": 1,
      "z": [
        0.9626284226104087,
        -0.1976558749867736
      ],
      "q": [
        -71.43417834284745,
        -829.5000077376876
      ],
      "omega_qnm": [
        829.5000077376876,
        -71.43417834284745
      ],
      "freq_hz": 132.01902652621843,
      "damping_1_over_s": 71.43417834284745,
      "a": [
        0.09266570114292261,
        -0.028262516347559885
      ],
      "amp_abs": 0.09687983277548293
    }
  ]
}
