{
  "created_at": "2026-04-17T08:06:54+00:00",
  "script": "01_extract_ringdown_poles.py",
  "script_version": "01_extract_ringdown_poles.py/v1.2",
  "event": "GW170104",
  "ifo": "L1",
  "fs_hz": 4096.0,
  "dt": 0.000244140625,
  "t0_rel": 0.14132822036743165,
  "duration_s": 0.25,
  "preprocess": {
    "detrend": "mean",
    "hp_hz": 30.0,
    "lp_hz": null
  },
  "window": {
    "t0_rel": 0.14132822036743165,
    "duration_s": 0.25,
    "i0": 66116,
    "i1": 67140,
    "n_samples": 1024,
    "t_rel_start": 0.14145517349243164,
    "t_rel_end": 0.39121103286743164
  },
  "fit": {
    "method": "esprit_matrix_pencil",
    "L": 512,
    "rank_used": 1,
    "residual_rms": 0.9414591016238798,
    "relative_rms": 0.9912076617157557,
    "singular_values": [
      56.72902062823152,
      56.64472144146317,
      55.35397571154113,
      54.586363996310745,
      50.596199553635515,
      50.167888313533105,
      49.1337191184287,
      49.11243908178984,
      48.72221293268555,
      48.67303977840974,
      46.725402194276896,
      46.488973964743266,
      45.944097122635355,
      45.739986217100785,
      45.46369446099334,
      45.3989085216733,
      44.12782218534202,
      44.058968593691745,
      43.92291726914427,
      43.912042089306205,
      43.75887264361829,
      43.74129489551894,
      42.35518911692096,
      42.31614030623648,
      41.63942636139573,
      41.60946050143845,
      41.21874519525154,
      41.136123335892535,
      40.15654398595916,
      40.13736078642113,
      39.652110663457975,
      39.61821350259765,
      39.03330290461437,
      38.84525968488485,
      38.1721173943785,
      38.101717883754574,
      37.93782977750006,
      37.918827929146246,
      37.903503830028356,
      37.688067513913204,
      37.543827203310414,
      37.39541985151807,
      36.84972152563127,
      36.814991818317644,
      36.729500206001795,
      36.67727865924044,
      36.511807593582105,
      36.45534088672224,
      36.44237348527878,
      36.4395216804345,
      35.78998114186508,
      35.77889735857278,
      35.31177133122243,
      35.31163681176756,
      35.12208794215484,
      35.11808569608963,
      34.938678183710465,
      34.91237467773587,
      34.26932639910236,
      34.231151373820055,
      34.13632833645663,
      34.045094301280756,
      33.51030855586042,
      33.50979919950995
    ],
    "singular_values_truncated": true
  },
  "poles": [
    {
      "i": 0,
      "z": [
        -0.06668334037321114,
        -0.9960522993203895
      ],
      "q": [
        -7.0431865135918414,
        -6707.790663917244
      ],
      "omega_qnm": [
        6707.790663917244,
        -7.0431865135918414
      ],
      "freq_hz": 1067.578041388096,
      "damping_1_over_s": 7.0431865135918414,
      "a": [
        0.1403743764134219,
        0.09426330642504104
      ],
      "amp_abs": 0.16908736348893208
    }
  ]
}
