{
  "created_at": "2026-04-17T08:06:54+00:00",
  "script": "01_extract_ringdown_poles.py",
  "script_version": "01_extract_ringdown_poles.py/v1.2",
  "event": "GW170104",
  "ifo": "H1+L1",
  "fs_hz": 4096.0,
  "dt": 0.000244140625,
  "t0_rel": 0.14132822036743165,
  "duration_s": 0.25,
  "preprocess": {
    "detrend": "mean",
    "hp_hz": 30.0,
    "lp_hz": null
  },
  "window": {
    "t0_rel": 0.14132822036743165,
    "duration_s": 0.25,
    "i0": 66116,
    "i1": 67140,
    "n_samples": 1024,
    "t_rel_start": 0.14145517349243164,
    "t_rel_end": 0.39121103286743164
  },
  "fit": {
    "method": "esprit_matrix_pencil",
    "L": 512,
    "rank_used": 3,
    "residual_rms": NaN,
    "relative_rms": NaN,
    "singular_values": [],
    "singular_values_truncated": false
  },
  "poles": [
    {
      "i": 0,
      "z": [
        -0.07338715799678472,
        -0.9959698661167774
      ],
      "q": [
        -5.451551780036102,
        -6735.247450597296
      ],
      "omega_qnm": [
        6735.247450597296,
        -5.451551780036102
      ],
      "freq_hz": 1071.9479247096458,
      "damping_1_over_s": 5.451551780036102,
      "a": [
        -0.0035409257510306547,
        -0.10297709109465424
      ],
      "amp_abs": 0.10303795148143731
    },
    {
      "i": 1,
      "z": [
        -0.06668334037321114,
        -0.9960522993203895
      ],
      "q": [
        -7.0431865135918414,
        -6707.790663917244
      ],
      "omega_qnm": [
        6707.790663917244,
        -7.0431865135918414
      ],
      "freq_hz": 1067.578041388096,
      "damping_1_over_s": 7.0431865135918414,
      "a": [
        0.1403743764134219,
        0.09426330642504104
      ],
      "amp_abs": 0.16908736348893208
    },
    {
      "i": 2,
      "z": [
        0.9626284226104087,
        -0.1976558749867736
      ],
      "q": [
        -71.43417834284745,
        -829.5000077376876
      ],
      "omega_qnm": [
        829.5000077376876,
        -71.43417834284745
      ],
      "freq_hz": 132.01902652621843,
      "damping_1_over_s": 71.43417834284745,
      "a": [
        0.09266570114292261,
        -0.028262516347559885
      ],
      "amp_abs": 0.09687983277548293
    }
  ]
}
