{
  "created_at": "2026-04-19T20:30:48+00:00",
  "script": "01_extract_ringdown_poles.py",
  "script_version": "01_extract_ringdown_poles.py/v1.3",
  "event": "GW151012",
  "ifo": "H1+L1",
  "fs_hz": 4096.0,
  "dt": 0.000244140625,
  "t0_rel": 0.18814013900756835,
  "duration_s": 0.013,
  "preprocess": {
    "detrend": "mean",
    "hp_hz": 30.0,
    "lp_hz": null
  },
  "window": {
    "t0_rel": 0.18814013900756835,
    "duration_s": 0.013,
    "i0": 66308,
    "i1": 66361,
    "n_samples": 53,
    "t_rel_start": 0.18837881088256836,
    "t_rel_end": 0.20107412338256836
  },
  "fit": {
    "method": "esprit_matrix_pencil",
    "L": 26,
    "rank_used": 2,
    "residual_rms": 0.9655830280241422,
    "relative_rms": 0.9155287307698572,
    "singular_values": [],
    "singular_values_truncated": false
  },
  "poles": [
    {
      "i": 0,
      "z": [
        -0.7713083619430544,
        -0.5806528865880337
      ],
      "q": [
        -144.0618042993438,
        -10224.812284260019
      ],
      "omega_qnm": [
        10224.812284260019,
        -144.0618042993438
      ],
      "freq_hz": 1627.3294172267158,
      "damping_1_over_s": 144.0618042993438,
      "a": [
        -0.5661301459301733,
        -0.04654107279700015
      ],
      "amp_abs": 0.5680399753432983
    },
    {
      "i": 1,
      "z": [
        0.5981710399611226,
        -0.6668288838201814
      ],
      "q": [
        -450.68618482754994,
        -3439.083282922825
      ],
      "omega_qnm": [
        3439.083282922825,
        -450.68618482754994
      ],
      "freq_hz": 547.3471041818708,
      "damping_1_over_s": 450.68618482754994,
      "a": [
        0.017753570415889354,
        -0.06436696984828241
      ],
      "amp_abs": 0.06677047303982231
    }
  ]
}
