{
  "created_at": "2026-04-19T20:30:48+00:00",
  "script": "01_extract_ringdown_poles.py",
  "script_version": "01_extract_ringdown_poles.py/v1.3",
  "event": "GW151012",
  "ifo": "H1",
  "fs_hz": 4096.0,
  "dt": 0.000244140625,
  "t0_rel": 0.18814013900756835,
  "duration_s": 0.013,
  "preprocess": {
    "detrend": "mean",
    "hp_hz": 30.0,
    "lp_hz": null
  },
  "window": {
    "t0_rel": 0.18814013900756835,
    "duration_s": 0.013,
    "i0": 66308,
    "i1": 66361,
    "n_samples": 53,
    "t_rel_start": 0.18837881088256836,
    "t_rel_end": 0.20107412338256836
  },
  "fit": {
    "method": "esprit_matrix_pencil",
    "L": 26,
    "rank_used": 1,
    "residual_rms": 0.9655830280241422,
    "relative_rms": 0.9155287307698572,
    "singular_values": [
      10.889090488249566,
      10.692694853014052,
      9.836836361237793,
      9.633070437781175,
      8.617412057871265,
      8.580597263042739,
      6.996139661559864,
      6.6825284245293375,
      5.697675585331513,
      5.168243406834916,
      4.728305070452644,
      4.693435587193143,
      4.620927368070751,
      4.371622455147682,
      4.010562303756044,
      3.7643377574671892,
      3.6049965772142665,
      3.508452801458986,
      3.0930891042858026,
      2.3362621317658716,
      1.3215748313620266,
      1.242524308085314,
      1.0551556112907907,
      0.715740668911488,
      0.24032020677040591,
      0.05388980299285507
    ],
    "singular_values_truncated": false
  },
  "poles": [
    {
      "i": 0,
      "z": [
        -0.7713083619430544,
        -0.5806528865880337
      ],
      "q": [
        -144.0618042993438,
        -10224.812284260019
      ],
      "omega_qnm": [
        10224.812284260019,
        -144.0618042993438
      ],
      "freq_hz": 1627.3294172267158,
      "damping_1_over_s": 144.0618042993438,
      "a": [
        -0.5661301459301733,
        -0.04654107279700015
      ],
      "amp_abs": 0.5680399753432983
    }
  ]
}
