{
  "created_at": "2026-04-19T20:30:48+00:00",
  "script": "01_extract_ringdown_poles.py",
  "script_version": "01_extract_ringdown_poles.py/v1.3",
  "event": "GW151012",
  "ifo": "L1",
  "fs_hz": 4096.0,
  "dt": 0.000244140625,
  "t0_rel": 0.18814013900756835,
  "duration_s": 0.013,
  "preprocess": {
    "detrend": "mean",
    "hp_hz": 30.0,
    "lp_hz": null
  },
  "window": {
    "t0_rel": 0.18814013900756835,
    "duration_s": 0.013,
    "i0": 66308,
    "i1": 66361,
    "n_samples": 53,
    "t_rel_start": 0.18837881088256836,
    "t_rel_end": 0.20107412338256836
  },
  "fit": {
    "method": "esprit_matrix_pencil",
    "L": 26,
    "rank_used": 1,
    "residual_rms": 0.9866225295641176,
    "relative_rms": 0.9996265424771674,
    "singular_values": [
      8.538823268800185,
      8.453849768281604,
      7.978971024412025,
      7.709254557867093,
      7.127527772969709,
      6.91068032787075,
      6.742859850696663,
      6.69498012351755,
      6.440181827826844,
      6.409058677424511,
      5.941943514442466,
      5.7600916887829365,
      4.919486083777933,
      4.8229504642848795,
      4.125430648420704,
      3.897065497647156,
      3.630826342732726,
      3.2888826792626795,
      2.7517988999764733,
      2.0938926436161145,
      1.8879648211026525,
      1.4861581177087824,
      0.9859681730461991,
      0.8854176273223526,
      0.26475612444861146,
      0.030936559833083684
    ],
    "singular_values_truncated": false
  },
  "poles": [
    {
      "i": 0,
      "z": [
        0.5981710399611226,
        -0.6668288838201814
      ],
      "q": [
        -450.68618482754994,
        -3439.083282922825
      ],
      "omega_qnm": [
        3439.083282922825,
        -450.68618482754994
      ],
      "freq_hz": 547.3471041818708,
      "damping_1_over_s": 450.68618482754994,
      "a": [
        0.017753570415889354,
        -0.06436696984828241
      ],
      "amp_abs": 0.06677047303982231
    }
  ]
}
