{
  "created_at": "2026-04-17T09:45:14+00:00",
  "script": "01_extract_ringdown_poles.py",
  "script_version": "01_extract_ringdown_poles.py/v1.2",
  "event": "GW170104",
  "ifo": "L1",
  "fs_hz": 4096.0,
  "dt": 0.000244140625,
  "t0_rel": 0.13932822036743164,
  "duration_s": 0.08,
  "preprocess": {
    "detrend": "mean",
    "hp_hz": 30.0,
    "lp_hz": null
  },
  "window": {
    "t0_rel": 0.13932822036743164,
    "duration_s": 0.08,
    "i0": 66108,
    "i1": 66435,
    "n_samples": 327,
    "t_rel_start": 0.13950204849243164,
    "t_rel_end": 0.21909189224243164
  },
  "fit": {
    "method": "esprit_matrix_pencil",
    "L": 163,
    "rank_used": 2,
    "residual_rms": 0.9181403455044146,
    "relative_rms": 0.9845855504817286,
    "singular_values": [
      28.12400566094194,
      27.93961723134294,
      24.542147190381254,
      24.436961670765726,
      23.271502792424474,
      22.799499454743074,
      22.65525938484615,
      22.52071369991981,
      20.891865789719773,
      20.857504834050197,
      20.405101082028082,
      20.126898369127584,
      20.0165619683798,
      19.85390070121032,
      19.714414526921786,
      19.596787294305994,
      19.3670551896204,
      19.301129511166362,
      19.09737018279303,
      18.903595535212848,
      18.286527271772027,
      18.21516028452804,
      18.04612866815283,
      17.92174379193209,
      17.343102188156504,
      17.272425549776237,
      16.895100411802158,
      16.85956056857243,
      16.78359395993819,
      16.645958237050593,
      16.443875977125156,
      16.392704747725755,
      16.122783445824908,
      16.039339122373427,
      15.697715993655141,
      15.660620779166104,
      15.571895472791372,
      15.551639670730788,
      15.354359318600705,
      15.331668459691704,
      15.295931905098815,
      15.239610668528464,
      14.726702102725087,
      14.599982885524359,
      14.323889948499541,
      14.281590356373872,
      14.173940346226777,
      14.017767397261897,
      13.839841464544124,
      13.701160482695414,
      13.652884767830857,
      13.606523546306864,
      13.511654118688982,
      13.403817357638452,
      13.369009681286672,
      13.265787524071142,
      13.068637447410941,
      13.03206616773183,
      12.965291634869864,
      12.931930323827531,
      12.709920509870427,
      12.676985068282285,
      12.481503665081743,
      12.404673755769583
    ],
    "singular_values_truncated": true
  },
  "poles": [
    {
      "i": 0,
      "z": [
        -0.06584121969011845,
        -0.9957161320420798
      ],
      "q": [
        -8.64916162212282,
        -6704.433937685596
      ],
      "omega_qnm": [
        6704.433937685596,
        -8.64916162212282
      ],
      "freq_hz": 1067.0438018157229,
      "damping_1_over_s": 8.64916162212282,
      "a": [
        0.11502412402919263,
        0.10006145806630165
      ],
      "amp_abs": 0.15245604120216863
    },
    {
      "i": 1,
      "z": [
        -0.8611007247648588,
        -0.4884219575284662
      ],
      "q": [
        -41.26968201729584,
        -10754.601346360478
      ],
      "omega_qnm": [
        10754.601346360478,
        -41.26968201729584
      ],
      "freq_hz": 1711.6479652560229,
      "damping_1_over_s": 41.26968201729584,
      "a": [
        0.04520826246696269,
        -0.04965018007401588
      ],
      "amp_abs": 0.06714854709272564
    }
  ]
}
