{
  "created_at": "2026-04-17T09:45:14+00:00",
  "script": "01_extract_ringdown_poles.py",
  "script_version": "01_extract_ringdown_poles.py/v1.2",
  "event": "GW170104",
  "ifo": "H1+L1",
  "fs_hz": 4096.0,
  "dt": 0.000244140625,
  "t0_rel": 0.13932822036743164,
  "duration_s": 0.08,
  "preprocess": {
    "detrend": "mean",
    "hp_hz": 30.0,
    "lp_hz": null
  },
  "window": {
    "t0_rel": 0.13932822036743164,
    "duration_s": 0.08,
    "i0": 66108,
    "i1": 66435,
    "n_samples": 327,
    "t_rel_start": 0.13950204849243164,
    "t_rel_end": 0.21909189224243164
  },
  "fit": {
    "method": "esprit_matrix_pencil",
    "L": 163,
    "rank_used": 3,
    "residual_rms": NaN,
    "relative_rms": NaN,
    "singular_values": [],
    "singular_values_truncated": false
  },
  "poles": [
    {
      "i": 0,
      "z": [
        -0.06584121969011845,
        -0.9957161320420798
      ],
      "q": [
        -8.64916162212282,
        -6704.433937685596
      ],
      "omega_qnm": [
        6704.433937685596,
        -8.64916162212282
      ],
      "freq_hz": 1067.0438018157229,
      "damping_1_over_s": 8.64916162212282,
      "a": [
        0.11502412402919263,
        0.10006145806630165
      ],
      "amp_abs": 0.15245604120216863
    },
    {
      "i": 1,
      "z": [
        -0.8611007247648588,
        -0.4884219575284662
      ],
      "q": [
        -41.26968201729584,
        -10754.601346360478
      ],
      "omega_qnm": [
        10754.601346360478,
        -41.26968201729584
      ],
      "freq_hz": 1711.6479652560229,
      "damping_1_over_s": 41.26968201729584,
      "a": [
        0.04520826246696269,
        -0.04965018007401588
      ],
      "amp_abs": 0.06714854709272564
    },
    {
      "i": 2,
      "z": [
        -0.3026914225517008,
        -0.7082908946631025
      ],
      "q": [
        -1069.175453927843,
        -8088.206173651612
      ],
      "omega_qnm": [
        8088.206173651612,
        -1069.175453927843
      ],
      "freq_hz": 1287.2779932830388,
      "damping_1_over_s": 1069.175453927843,
      "a": [
        0.07061580152505052,
        -0.020339982626912546
      ],
      "amp_abs": 0.07348677648589869
    }
  ]
}
