{
  "created_at": "2026-04-17T09:45:14+00:00",
  "script": "01_extract_ringdown_poles.py",
  "script_version": "01_extract_ringdown_poles.py/v1.2",
  "event": "GW170104",
  "ifo": "H1",
  "fs_hz": 4096.0,
  "dt": 0.000244140625,
  "t0_rel": 0.13932822036743164,
  "duration_s": 0.08,
  "preprocess": {
    "detrend": "mean",
    "hp_hz": 30.0,
    "lp_hz": null
  },
  "window": {
    "t0_rel": 0.13932822036743164,
    "duration_s": 0.08,
    "i0": 66108,
    "i1": 66435,
    "n_samples": 327,
    "t_rel_start": 0.13950204849243164,
    "t_rel_end": 0.21909189224243164
  },
  "fit": {
    "method": "esprit_matrix_pencil",
    "L": 163,
    "rank_used": 1,
    "residual_rms": 1.0142607944155981,
    "relative_rms": 0.9999500208166581,
    "singular_values": [
      29.746955125046814,
      28.88434462508399,
      23.704465734197747,
      23.64177662556771,
      23.469905242740857,
      23.202021267906165,
      23.008566027431655,
      22.934551761211047,
      22.22816828234465,
      22.21794105999307,
      21.91792418021395,
      21.654488940146603,
      21.494783762661942,
      21.353837362716266,
      21.056788276866623,
      20.99774031951043,
      20.81436584468259,
      20.738511911699383,
      20.412418246408667,
      20.33272411941369,
      20.287617033726377,
      20.211631539224122,
      20.053259721599073,
      19.88516993979629,
      19.785660751065862,
      19.40006229156806,
      19.332553591756536,
      19.21745632059507,
      19.172385581378215,
      18.779381974464098,
      18.621137435881522,
      18.612004512333332,
      18.212982394228508,
      18.144965893687985,
      18.011005195383603,
      17.876614359488002,
      17.211417831197352,
      16.999167576778362,
      16.876951136495062,
      16.730532603917506,
      16.59170919730768,
      16.505697738117348,
      16.419741259934078,
      16.359291733422946,
      16.352937530732685,
      16.183197351198462,
      15.933926677115698,
      15.708788733929195,
      15.521061991195467,
      15.046427624645341,
      14.595370389184945,
      14.530984281705054,
      14.2717992138925,
      13.975479668139505,
      13.55788165462818,
      13.27137257602425,
      13.090714327512448,
      13.010433563419653,
      12.8907499263218,
      12.73758397412524,
      12.661796604656875,
      12.248139930054169,
      12.219086841003607,
      11.889628356463808
    ],
    "singular_values_truncated": true
  },
  "poles": [
    {
      "i": 0,
      "z": [
        -0.3026914225517008,
        -0.7082908946631025
      ],
      "q": [
        -1069.175453927843,
        -8088.206173651612
      ],
      "omega_qnm": [
        8088.206173651612,
        -1069.175453927843
      ],
      "freq_hz": 1287.2779932830388,
      "damping_1_over_s": 1069.175453927843,
      "a": [
        0.07061580152505052,
        -0.020339982626912546
      ],
      "amp_abs": 0.07348677648589869
    }
  ]
}
