{
  "created_at": "2026-04-18T05:52:22+00:00",
  "script": "01_extract_ringdown_poles.py",
  "script_version": "01_extract_ringdown_poles.py/v1.2",
  "event": "GW151012",
  "ifo": "H1",
  "fs_hz": 4096.0,
  "dt": 0.000244140625,
  "t0_rel": 0.18674013900756836,
  "duration_s": 0.05,
  "preprocess": {
    "detrend": "mean",
    "hp_hz": 30.0,
    "lp_hz": null
  },
  "window": {
    "t0_rel": 0.18674013900756836,
    "duration_s": 0.05,
    "i0": 66302,
    "i1": 66507,
    "n_samples": 205,
    "t_rel_start": 0.18691396713256836,
    "t_rel_end": 0.23671865463256836
  },
  "fit": {
    "method": "esprit_matrix_pencil",
    "L": 102,
    "rank_used": 2,
    "residual_rms": 1.0061312338401198,
    "relative_rms": 0.9568007529312368,
    "singular_values": [
      23.63062724339664,
      23.153493590533046,
      20.745063196425964,
      20.661862712462543,
      18.682334386724254,
      18.60350679672817,
      17.26527607428623,
      16.93660139157288,
      16.898430509293526,
      16.83870614092323,
      16.60473998371723,
      16.538367526378988,
      16.36464201685953,
      16.2090926100281,
      16.161456148694185,
      15.727055455792875,
      15.465664458635189,
      14.82581780321583,
      14.363856398896568,
      14.03827976436141,
      14.016691691985308,
      13.840074510118129,
      13.783217248953036,
      13.555176339936212,
      13.410846791924794,
      13.398048869937549,
      13.328864796308688,
      13.250431163441588,
      12.2931086896683,
      12.271025030402301,
      12.212250348679031,
      11.97864717572561,
      11.782372955877241,
      11.731230157479017,
      11.680926245291522,
      11.617772291385416,
      11.348955335264918,
      11.323689562116659,
      10.626043886812193,
      10.465053979183434,
      10.43597689286707,
      10.155950597481354,
      10.025670582845605,
      9.932378568499903,
      9.755150869272084,
      9.631608242108415,
      9.290923984613901,
      9.041074759319415,
      9.03141868662087,
      8.873167564198805,
      8.848788763482036,
      8.765923499123112,
      8.669537480985328,
      8.399138090750277,
      8.34961826012073,
      7.979981484575375,
      7.898927144673022,
      7.8188412803633875,
      7.660710999762184,
      7.619453221096317,
      7.442453025783878,
      7.2866207094077495,
      7.27400296765898,
      7.133344116868459
    ],
    "singular_values_truncated": true
  },
  "poles": [
    {
      "i": 0,
      "z": [
        0.9814831385785907,
        -0.1750608979500633
      ],
      "q": [
        -12.416763537156864,
        -722.9746145712106
      ],
      "omega_qnm": [
        722.9746145712106,
        -12.416763537156864
      ],
      "freq_hz": 115.064983638966,
      "damping_1_over_s": 12.416763537156864,
      "a": [
        -0.23370041478545148,
        0.03787990615733444
      ],
      "amp_abs": 0.23675044067832382
    },
    {
      "i": 1,
      "z": [
        -0.8452510082376392,
        -0.5204989026825316
      ],
      "q": [
        -30.186953397286715,
        -10607.174284633915
      ],
      "omega_qnm": [
        10607.174284633915,
        -30.186953397286715
      ],
      "freq_hz": 1688.1842196367263,
      "damping_1_over_s": 30.186953397286715,
      "a": [
        -0.1472354604395858,
        0.15297633317134235
      ],
      "amp_abs": 0.21232060503259303
    }
  ]
}
