{
  "created_at": "2026-04-18T05:52:22+00:00",
  "script": "01_extract_ringdown_poles.py",
  "script_version": "01_extract_ringdown_poles.py/v1.2",
  "event": "GW151012",
  "ifo": "L1",
  "fs_hz": 4096.0,
  "dt": 0.000244140625,
  "t0_rel": 0.18674013900756836,
  "duration_s": 0.05,
  "preprocess": {
    "detrend": "mean",
    "hp_hz": 30.0,
    "lp_hz": null
  },
  "window": {
    "t0_rel": 0.18674013900756836,
    "duration_s": 0.05,
    "i0": 66302,
    "i1": 66507,
    "n_samples": 205,
    "t_rel_start": 0.18691396713256836,
    "t_rel_end": 0.23671865463256836
  },
  "fit": {
    "method": "esprit_matrix_pencil",
    "L": 102,
    "rank_used": 2,
    "residual_rms": 0.9226588719242375,
    "relative_rms": 0.9627717699742212,
    "singular_values": [
      19.619213285243575,
      19.494702731939785,
      18.51503313266664,
      18.44105560241571,
      17.984143434890107,
      17.736305918663614,
      16.45773155154638,
      16.411717208149295,
      15.111603818479287,
      15.00745034377147,
      14.682744735320354,
      14.51517281309289,
      14.504885175344501,
      14.182698893452793,
      14.008750526597124,
      13.947336208313201,
      13.91047819726924,
      13.893405172263709,
      13.466500886497283,
      13.42624581891336,
      13.345983578950559,
      13.298819574100621,
      13.077485839886581,
      12.964019769609651,
      12.955409096097634,
      12.805944127526327,
      12.586980536561626,
      12.46353638192484,
      12.198136256909828,
      12.069327062342191,
      12.036152990931264,
      11.99593833543163,
      11.780821852595368,
      11.521337857587078,
      11.44991775870266,
      11.425431898276349,
      11.315230796084268,
      11.234114622177184,
      11.13015898928487,
      11.023703049364292,
      10.567741062759723,
      10.346563831158045,
      9.883015418853612,
      9.633939004582736,
      9.316174364510061,
      9.302553668180227,
      9.194485492990417,
      9.017336027773602,
      9.004170269022502,
      8.574926282022393,
      8.52589191290977,
      8.450335505453904,
      8.350432249981909,
      8.260488503768457,
      8.047976192083487,
      7.9222545535605216,
      7.879418243201217,
      7.754549071338611,
      7.344213277264121,
      7.033338481458204,
      6.935518375756918,
      6.695936531326227,
      6.565632740548033,
      6.134494736428152
    ],
    "singular_values_truncated": true
  },
  "poles": [
    {
      "i": 0,
      "z": [
        -0.20571099440800814,
        -0.963542567537183
      ],
      "q": [
        -60.837031027360084,
        -7295.520831558652
      ],
      "omega_qnm": [
        7295.520831558652,
        -60.837031027360084
      ],
      "freq_hz": 1161.1182027724542,
      "damping_1_over_s": 60.837031027360084,
      "a": [
        -0.18879557961881877,
        0.08983709794439025
      ],
      "amp_abs": 0.2090800685160489
    },
    {
      "i": 1,
      "z": [
        0.4945939964889322,
        -0.8419677566430696
      ],
      "q": [
        -97.44655214986753,
        -4258.502677064728
      ],
      "omega_qnm": [
        4258.502677064728,
        -97.44655214986753
      ],
      "freq_hz": 677.7617512249208,
      "damping_1_over_s": 97.44655214986753,
      "a": [
        0.032883771299045066,
        0.49340881840609774
      ],
      "amp_abs": 0.494503391793979
    }
  ]
}
