{
  "created_at": "2026-04-19T20:03:07+00:00",
  "script": "01_extract_ringdown_poles.py",
  "script_version": "01_extract_ringdown_poles.py/v1.3",
  "event": "GW150914",
  "ifo": "H1",
  "fs_hz": 4096.0,
  "dt": 0.000244140625,
  "t0_rel": 0.02621279525756836,
  "duration_s": 0.015,
  "preprocess": {
    "detrend": "mean",
    "hp_hz": 30.0,
    "lp_hz": null
  },
  "window": {
    "t0_rel": 0.02621279525756836,
    "duration_s": 0.015,
    "i0": 65644,
    "i1": 65706,
    "n_samples": 62,
    "t_rel_start": 0.02626943588256836,
    "t_rel_end": 0.04116201400756836
  },
  "fit": {
    "method": "esprit_matrix_pencil",
    "L": 31,
    "rank_used": 1,
    "residual_rms": 0.9421177166635601,
    "relative_rms": 0.7286973665826945,
    "singular_values": [
      16.712251517026942,
      14.634653724235896,
      12.200061068413309,
      12.14891704086105,
      10.034427126967945,
      9.810306689126337,
      8.460160427916435,
      8.400490087413445,
      7.011563553817228,
      6.628194140859167,
      5.730736964447822,
      5.567303017888579,
      5.448587830839212,
      5.319363670081494,
      5.136564920277348,
      5.1020804233487205,
      4.025062042381352,
      3.908007025777698,
      3.7348914909975015,
      3.3878769368223827,
      3.10112086530721,
      3.0781812280235576,
      2.66494451022765,
      2.3298263240671897,
      1.7648706326545283,
      1.668660384130243,
      1.3153888846381332,
      1.0602154802313069,
      0.1358193269298981,
      0.049510219661302,
      2.2973543517344692e-05
    ],
    "singular_values_truncated": false
  },
  "poles": [
    {
      "i": 0,
      "z": [
        0.8752599041087116,
        -0.3579301603749702
      ],
      "q": [
        -229.03324173247486,
        -1590.0294474572133
      ],
      "omega_qnm": [
        1590.0294474572133,
        -229.03324173247486
      ],
      "freq_hz": 253.06104622449058,
      "damping_1_over_s": 229.03324173247486,
      "a": [
        -1.5398147949652063,
        -0.06513310416384566
      ],
      "amp_abs": 1.541191722029339
    }
  ]
}
