{
  "created_at": "2026-04-19T20:03:07+00:00",
  "script": "01_extract_ringdown_poles.py",
  "script_version": "01_extract_ringdown_poles.py/v1.3",
  "event": "GW150914",
  "ifo": "L1",
  "fs_hz": 4096.0,
  "dt": 0.000244140625,
  "t0_rel": 0.02621279525756836,
  "duration_s": 0.015,
  "preprocess": {
    "detrend": "mean",
    "hp_hz": 30.0,
    "lp_hz": null
  },
  "window": {
    "t0_rel": 0.02621279525756836,
    "duration_s": 0.015,
    "i0": 65644,
    "i1": 65706,
    "n_samples": 62,
    "t_rel_start": 0.02626943588256836,
    "t_rel_end": 0.04116201400756836
  },
  "fit": {
    "method": "esprit_matrix_pencil",
    "L": 31,
    "rank_used": 1,
    "residual_rms": 0.9822309688178191,
    "relative_rms": 0.9914413717090859,
    "singular_values": [
      11.107511110859349,
      10.79798370749121,
      10.23451424447416,
      10.042244701844384,
      9.213681305161055,
      8.819913497427796,
      8.69663847253651,
      8.18314052812252,
      7.901764218613009,
      7.899780271173503,
      5.802417412465869,
      5.70932075884333,
      5.0180968930392895,
      4.898368033274556,
      4.530384838548367,
      4.4302415165677225,
      3.4712615965469014,
      3.384331806628759,
      3.27603506589406,
      3.2758200306687124,
      2.0011239244913024,
      1.6254376784691966,
      1.5773934453972318,
      1.4706410800777983,
      1.0136759613562452,
      0.9943535079188233,
      0.8889795710676095,
      0.7724372690040102,
      0.5843336944315259,
      0.013715719602006606,
      0.0027875323306505583
    ],
    "singular_values_truncated": false
  },
  "poles": [
    {
      "i": 0,
      "z": [
        -0.5808814089495042,
        -0.7298079453388251
      ],
      "q": [
        -285.1078503987541,
        -9187.553833989317
      ],
      "omega_qnm": [
        9187.553833989317,
        -285.1078503987541
      ],
      "freq_hz": 1462.2446076022948,
      "damping_1_over_s": 285.1078503987541,
      "a": [
        -0.11904835075113798,
        -0.2439141764994449
      ],
      "amp_abs": 0.2714159820533204
    }
  ]
}
