{
  "created_at": "2026-04-19T20:03:07+00:00",
  "script": "01_extract_ringdown_poles.py",
  "script_version": "01_extract_ringdown_poles.py/v1.3",
  "event": "GW150914",
  "ifo": "H1+L1",
  "fs_hz": 4096.0,
  "dt": 0.000244140625,
  "t0_rel": 0.02621279525756836,
  "duration_s": 0.015,
  "preprocess": {
    "detrend": "mean",
    "hp_hz": 30.0,
    "lp_hz": null
  },
  "window": {
    "t0_rel": 0.02621279525756836,
    "duration_s": 0.015,
    "i0": 65644,
    "i1": 65706,
    "n_samples": 62,
    "t_rel_start": 0.02626943588256836,
    "t_rel_end": 0.04116201400756836
  },
  "fit": {
    "method": "esprit_matrix_pencil",
    "L": 31,
    "rank_used": 2,
    "residual_rms": 0.9421177166635601,
    "relative_rms": 0.7286973665826945,
    "singular_values": [],
    "singular_values_truncated": false
  },
  "poles": [
    {
      "i": 0,
      "z": [
        0.8752599041087116,
        -0.3579301603749702
      ],
      "q": [
        -229.03324173247486,
        -1590.0294474572133
      ],
      "omega_qnm": [
        1590.0294474572133,
        -229.03324173247486
      ],
      "freq_hz": 253.06104622449058,
      "damping_1_over_s": 229.03324173247486,
      "a": [
        -1.5398147949652063,
        -0.06513310416384566
      ],
      "amp_abs": 1.541191722029339
    },
    {
      "i": 1,
      "z": [
        -0.5808814089495042,
        -0.7298079453388251
      ],
      "q": [
        -285.1078503987541,
        -9187.553833989317
      ],
      "omega_qnm": [
        9187.553833989317,
        -285.1078503987541
      ],
      "freq_hz": 1462.2446076022948,
      "damping_1_over_s": 285.1078503987541,
      "a": [
        -0.11904835075113798,
        -0.2439141764994449
      ],
      "amp_abs": 0.2714159820533204
    }
  ]
}
