{
  "created_at": "2026-04-17T10:00:41+00:00",
  "script": "01_extract_ringdown_poles.py",
  "script_version": "01_extract_ringdown_poles.py/v1.2",
  "event": "GW150914",
  "ifo": "L1",
  "fs_hz": 4096.0,
  "dt": 0.000244140625,
  "t0_rel": 0.02145693588256836,
  "duration_s": 0.05,
  "preprocess": {
    "detrend": "mean",
    "hp_hz": 0.0,
    "lp_hz": null
  },
  "window": {
    "t0_rel": 0.02145693588256836,
    "duration_s": 0.05,
    "i0": 65625,
    "i1": 65830,
    "n_samples": 205,
    "t_rel_start": 0.02163076400756836,
    "t_rel_end": 0.07143545150756836
  },
  "fit": {
    "method": "esprit_matrix_pencil",
    "L": 102,
    "rank_used": 1,
    "residual_rms": 0.9731160479663148,
    "relative_rms": 0.9872685021636716,
    "singular_values": [
      19.273722698078664,
      18.13526728857509,
      18.069567879986785,
      17.87027210957007,
      17.535308018527562,
      17.042875789766835,
      16.382513712354267,
      16.326012210425972,
      15.471900504755952,
      15.391532752452047,
      15.01246547150526,
      14.87017672668085,
      14.39219254196358,
      14.119754217753508,
      13.753101370345616,
      13.67684166498973,
      13.24077497433554,
      13.152642828219367,
      12.96383710807853,
      12.76628857609943,
      12.541735907102712,
      12.36812288589925,
      12.350867678690426,
      12.221418492523801,
      12.120261608627565,
      11.932822107505174,
      11.849380955631032,
      11.390647244675787,
      11.334872650614773,
      11.00525830400778,
      10.97809134660634,
      10.889410972622745,
      10.846576614644032,
      10.626868026704788,
      10.403513452052646,
      10.08071174783404,
      10.051538185024148,
      9.96159989807817,
      9.83820338371133,
      9.62379907849435,
      9.159909206310045,
      9.022645615566498,
      8.914512171265638,
      8.899747557112347,
      8.844712200027642,
      8.614866695873202,
      8.263477353689202,
      8.14880910473871,
      8.053127165140973,
      7.944800670925636,
      7.421044335785315,
      7.260585159676206,
      7.149565663705778,
      6.9905393331239525,
      6.849831218266497,
      6.811164752838151,
      6.687164195663042,
      6.192901628607915,
      5.944342638799826,
      5.368730885275864,
      5.356177993793008,
      5.2883666814787995,
      4.908735710239887,
      4.651927934423454
    ],
    "singular_values_truncated": true
  },
  "poles": [
    {
      "i": 0,
      "z": [
        -0.8496234992084513,
        -0.41981558876024383
      ],
      "q": [
        -220.09456065522525,
        -10988.17721950999
      ],
      "omega_qnm": [
        10988.17721950999,
        -220.09456065522525
      ],
      "freq_hz": 1748.822720054773,
      "damping_1_over_s": 220.09456065522525,
      "a": [
        -0.365997195779309,
        -0.20766399374717476
      ],
      "amp_abs": 0.4208067033892693
    }
  ]
}
