{
  "created_at": "2026-04-17T10:00:41+00:00",
  "script": "01_extract_ringdown_poles.py",
  "script_version": "01_extract_ringdown_poles.py/v1.2",
  "event": "GW150914",
  "ifo": "H1+L1",
  "fs_hz": 4096.0,
  "dt": 0.000244140625,
  "t0_rel": 0.02145693588256836,
  "duration_s": 0.05,
  "preprocess": {
    "detrend": "mean",
    "hp_hz": 0.0,
    "lp_hz": null
  },
  "window": {
    "t0_rel": 0.02145693588256836,
    "duration_s": 0.05,
    "i0": 65625,
    "i1": 65830,
    "n_samples": 205,
    "t_rel_start": 0.02163076400756836,
    "t_rel_end": 0.07143545150756836
  },
  "fit": {
    "method": "esprit_matrix_pencil",
    "L": 102,
    "rank_used": 3,
    "residual_rms": NaN,
    "relative_rms": NaN,
    "singular_values": [],
    "singular_values_truncated": false
  },
  "poles": [
    {
      "i": 0,
      "z": [
        0.3090085183505379,
        -0.9427251721852087
      ],
      "q": [
        -32.5813511518438,
        -5136.5891957854
      ],
      "omega_qnm": [
        5136.5891957854,
        -32.5813511518438
      ],
      "freq_hz": 817.5135611416698,
      "damping_1_over_s": 32.5813511518438,
      "a": [
        0.2942054478178553,
        -0.07687378457819283
      ],
      "amp_abs": 0.3040829233631496
    },
    {
      "i": 1,
      "z": [
        0.92139081818533,
        -0.30217377007068963
      ],
      "q": [
        -126.13259681662682,
        -1298.0278603697964
      ],
      "omega_qnm": [
        1298.0278603697964,
        -126.13259681662682
      ],
      "freq_hz": 206.58755024884962,
      "damping_1_over_s": 126.13259681662682,
      "a": [
        -0.7925029224708122,
        1.6944337585270512
      ],
      "amp_abs": 1.870605956411154
    },
    {
      "i": 2,
      "z": [
        -0.8496234992084513,
        -0.41981558876024383
      ],
      "q": [
        -220.09456065522525,
        -10988.17721950999
      ],
      "omega_qnm": [
        10988.17721950999,
        -220.09456065522525
      ],
      "freq_hz": 1748.822720054773,
      "damping_1_over_s": 220.09456065522525,
      "a": [
        -0.365997195779309,
        -0.20766399374717476
      ],
      "amp_abs": 0.4208067033892693
    }
  ]
}
