{
  "created_at": "2026-04-17T10:00:41+00:00",
  "script": "01_extract_ringdown_poles.py",
  "script_version": "01_extract_ringdown_poles.py/v1.2",
  "event": "GW150914",
  "ifo": "H1",
  "fs_hz": 4096.0,
  "dt": 0.000244140625,
  "t0_rel": 0.02145693588256836,
  "duration_s": 0.05,
  "preprocess": {
    "detrend": "mean",
    "hp_hz": 0.0,
    "lp_hz": null
  },
  "window": {
    "t0_rel": 0.02145693588256836,
    "duration_s": 0.05,
    "i0": 65625,
    "i1": 65830,
    "n_samples": 205,
    "t_rel_start": 0.02163076400756836,
    "t_rel_end": 0.07143545150756836
  },
  "fit": {
    "method": "esprit_matrix_pencil",
    "L": 102,
    "rank_used": 2,
    "residual_rms": 1.0760885964885571,
    "relative_rms": 0.8198088680865723,
    "singular_values": [
      37.1639895491714,
      33.657366375892,
      25.166016192385012,
      24.9494594432637,
      19.916991937254323,
      19.783925389079457,
      18.79718290305802,
      17.92534037001381,
      17.880344391228967,
      17.39379494311021,
      17.24261338355701,
      16.902753541554066,
      16.625442015573473,
      16.452979866143192,
      16.221045947087177,
      16.005370594542736,
      15.407258729280711,
      15.31579433752338,
      14.975039695312324,
      14.843825674129613,
      14.684178949194258,
      14.422171171234263,
      14.366649668232858,
      14.107057737429285,
      13.515454753532602,
      13.291184998543645,
      12.747824048664745,
      12.743116573512193,
      11.988738668965988,
      11.84817420288284,
      11.668032299716513,
      11.562421376137724,
      11.405683055211506,
      11.256873163571191,
      9.87631223379836,
      9.830335412026027,
      9.779734184342322,
      9.71702799835582,
      9.668320897739665,
      9.636362670560825,
      9.535189267302767,
      9.438423099503627,
      9.091847130149842,
      8.985464288842286,
      8.895827708941365,
      8.784979429284817,
      8.582027576404956,
      8.331818645918217,
      8.216881924583321,
      8.158330749669158,
      8.014273961246241,
      7.970387398378146,
      7.653283148428402,
      7.59551816315418,
      7.543560663490674,
      7.430721894997617,
      7.186535723864521,
      7.154135636367876,
      7.055839337328471,
      6.775506497301252,
      6.6100749210879375,
      6.444404124241474,
      5.904987363583395,
      5.824381480371429
    ],
    "singular_values_truncated": true
  },
  "poles": [
    {
      "i": 0,
      "z": [
        0.3090085183505379,
        -0.9427251721852087
      ],
      "q": [
        -32.5813511518438,
        -5136.5891957854
      ],
      "omega_qnm": [
        5136.5891957854,
        -32.5813511518438
      ],
      "freq_hz": 817.5135611416698,
      "damping_1_over_s": 32.5813511518438,
      "a": [
        0.2942054478178553,
        -0.07687378457819283
      ],
      "amp_abs": 0.3040829233631496
    },
    {
      "i": 1,
      "z": [
        0.92139081818533,
        -0.30217377007068963
      ],
      "q": [
        -126.13259681662682,
        -1298.0278603697964
      ],
      "omega_qnm": [
        1298.0278603697964,
        -126.13259681662682
      ],
      "freq_hz": 206.58755024884962,
      "damping_1_over_s": 126.13259681662682,
      "a": [
        -0.7925029224708122,
        1.6944337585270512
      ],
      "amp_abs": 1.870605956411154
    }
  ]
}
