{
  "created_at": "2026-04-18T06:28:00+00:00",
  "script": "01_extract_ringdown_poles.py",
  "script_version": "01_extract_ringdown_poles.py/v1.3",
  "event": "GW170818",
  "ifo": "H1",
  "fs_hz": 4096.0,
  "dt": 0.000244140625,
  "t0_rel": -0.24453115463256836,
  "duration_s": 0.05,
  "preprocess": {
    "detrend": "mean",
    "hp_hz": 30.0,
    "lp_hz": null
  },
  "window": {
    "t0_rel": -0.24453115463256836,
    "duration_s": 0.05,
    "i0": 64535,
    "i1": 64740,
    "n_samples": 205,
    "t_rel_start": -0.24453115463256836,
    "t_rel_end": -0.19472646713256836
  },
  "fit": {
    "method": "esprit_matrix_pencil",
    "L": 102,
    "rank_used": 1,
    "residual_rms": 0.99676410939898,
    "relative_rms": 0.9507208345407725,
    "singular_values": [
      27.00829664695946,
      26.463640036377058,
      20.43334909861579,
      20.365039547000674,
      20.23903324340861,
      19.46280292450099,
      19.269638229230463,
      18.86813706841365,
      18.451102987041114,
      18.414221491319992,
      16.813241537009002,
      16.66469442313191,
      16.59873078918415,
      16.1303190592695,
      13.726097891473769,
      13.71238326853301,
      13.690822996499271,
      13.296175026471243,
      13.16009973330494,
      13.018406825138428,
      12.832680876339754,
      12.667209231844375,
      12.629933827875155,
      12.343035523372587,
      11.965146905258962,
      11.949190168630565,
      11.883306876809272,
      11.824336368385804,
      11.743902054201929,
      11.701788212893101,
      11.524175114119835,
      11.400136389355435,
      11.308519563063202,
      11.260487032135124,
      11.231234739056758,
      11.082244682767545,
      10.915330728396471,
      10.795497509211854,
      10.39276687852963,
      10.348639181571352,
      10.009922073041702,
      9.975339929369149,
      9.854258345601346,
      9.774978497514294,
      9.67772754173892,
      9.418979856067562,
      9.349615783224394,
      9.18229812120974,
      9.122072903235821,
      8.98734687048192,
      8.946054300056552,
      8.651094283636274,
      8.460321655009023,
      8.445128726044638,
      8.312668547624106,
      8.219256727905046,
      8.129735182550142,
      7.799014297849298,
      7.5774693645534645,
      7.458194017381448,
      7.377346199314012,
      7.306181648178264,
      6.931207063206854,
      6.6776510771128565
    ],
    "singular_values_truncated": true
  },
  "poles": [
    {
      "i": 0,
      "z": [
        0.9252091183302349,
        -0.3687817312024965
      ],
      "q": [
        -16.425365645782414,
        -1553.5829848043268
      ],
      "omega_qnm": [
        1553.5829848043268,
        -16.425365645782414
      ],
      "freq_hz": 247.26041153506952,
      "damping_1_over_s": 16.425365645782414,
      "a": [
        0.021941673673793058,
        -0.2725130753045285
      ],
      "amp_abs": 0.27339497664649737
    }
  ]
}
