{
  "created_at": "2026-04-08T15:12:27+00:00",
  "script": "01_extract_ringdown_poles.py",
  "script_version": "01_extract_ringdown_poles.py/v1.1",
  "event": "GW170818",
  "ifo": "L1",
  "fs_hz": 4096.0,
  "dt": 0.000244140625,
  "t0_rel": 0.35068368911743164,
  "duration_s": 0.25,
  "preprocess": {
    "detrend": "mean",
    "hp_hz": null,
    "lp_hz": null
  },
  "window": {
    "t0_rel": 0.35068368911743164,
    "duration_s": 0.25,
    "i0": 66973,
    "i1": 67998,
    "n_samples": 1025,
    "t_rel_start": 0.35068368911743164,
    "t_rel_end": 0.6006836891174316
  },
  "fit": {
    "method": "esprit_matrix_pencil",
    "L": 512,
    "rank_used": 16,
    "residual_rms": 1.0002197093697576,
    "relative_rms": 0.9996986115195904,
    "singular_values": [
      60.47016095687536,
      60.39453133610691,
      51.72057468812299,
      51.63272703275504,
      50.68967672694276,
      50.57897945827345,
      49.60687053255615,
      49.075754092717844,
      47.624580898654074,
      47.560488708117724,
      47.26792762290973,
      47.140374259291015,
      46.383583919708194,
      46.301265802552194,
      45.70987026772091,
      45.62585820745833,
      44.26894588137717,
      44.23390606333206,
      43.788614178168245,
      43.68146967132921,
      43.30151449222515,
      43.2160216180388,
      43.16045856957269,
      43.13964203139955,
      42.75825341140205,
      42.722909180400194,
      41.99057533313016,
      41.71189392852587,
      41.464915885444555,
      41.40605404149655,
      40.900000578134815,
      40.68755580229562,
      40.537090351824524,
      40.52784378502384,
      40.47964917367701,
      40.440996345074616,
      40.287732701062744,
      40.26820884437712,
      39.739140335441355,
      39.695875260998164,
      39.59418133904556,
      39.53722776447117,
      39.5245151893337,
      39.40925644281627,
      39.1551856269289,
      39.132317560983765,
      38.4115766659098,
      38.08425626031574,
      38.05611519726543,
      37.962835730667,
      37.23687051763456,
      37.137058253461554,
      37.03121404677504,
      37.023600879423476,
      36.413174093968735,
      36.39324247259873,
      36.13056538749047,
      35.953953625446246,
      35.484529366010165,
      35.455675127452366,
      35.335694755845495,
      35.31669258489063,
      35.18058659316478,
      35.146196118433025
    ],
    "singular_values_truncated": true
  },
  "poles": [
    {
      "i": 0,
      "z": [
        -0.6979001021462388,
        -0.7161760314817003
      ],
      "q": [
        -0.055991765235984085,
        -9598.037689246547
      ],
      "omega_qnm": [
        9598.037689246547,
        -0.055991765235984085
      ],
      "freq_hz": 1527.575142225901,
      "damping_1_over_s": 0.055991765235984085,
      "a": [
        6.255205252519267e-64,
        -4.183984537975411e-65
      ],
      "amp_abs": 6.269182563722707e-64
    },
    {
      "i": 1,
      "z": [
        -0.13373725671771186,
        -0.9909952896457913
      ],
      "q": [
        -0.08741473562684478,
        -6983.427562916829
      ],
      "omega_qnm": [
        6983.427562916829,
        -0.08741473562684478
      ],
      "freq_hz": 1111.4470163624012,
      "damping_1_over_s": 0.08741473562684478,
      "a": [
        2.922854446741688e-64,
        1.2166196174254742e-65
      ],
      "amp_abs": 2.9253854019210366e-64
    },
    {
      "i": 2,
      "z": [
        -0.7610273159439735,
        -0.6485793826411126
      ],
      "q": [
        -0.3731976233468818,
        -9977.030561907679
      ],
      "omega_qnm": [
        9977.030561907679,
        -0.3731976233468818
      ],
      "freq_hz": 1587.8937313065173,
      "damping_1_over_s": 0.3731976233468818,
      "a": [
        3.9406606144903165e-64,
        -5.994077139510873e-65
      ],
      "amp_abs": 3.985987416706087e-64
    },
    {
      "i": 3,
      "z": [
        -0.24577782159863099,
        -0.9692265558469815
      ],
      "q": [
        -0.3956009088853644,
        -7451.209168284763
      ],
      "omega_qnm": [
        7451.209168284763,
        -0.3956009088853644
      ],
      "freq_hz": 1185.8967711441703,
      "damping_1_over_s": 0.3956009088853644,
      "a": [
        3.869443856397118e-64,
        3.204754114193932e-65
      ],
      "amp_abs": 3.882692396666755e-64
    },
    {
      "i": 4,
      "z": [
        0.861392020567149,
        -0.5077401019233483
      ],
      "q": [
        -0.4173753696705707,
        -2181.610019214556
      ],
      "omega_qnm": [
        2181.610019214556,
        -0.4173753696705707
      ],
      "freq_hz": 347.21401845680134,
      "damping_1_over_s": 0.4173753696705707,
      "a": [
        1.0504471818746777e-64,
        1.7151369240778636e-64
      ],
      "amp_abs": 2.01125183660419e-64
    },
    {
      "i": 5,
      "z": [
        -0.8713889091790741,
        -0.49036640667842274
      ],
      "q": [
        -0.45502636304460015,
        -10768.465983313818
      ],
      "omega_qnm": [
        10768.465983313818,
        -0.45502636304460015
      ],
      "freq_hz": 1713.8545907613216,
      "damping_1_over_s": 0.45502636304460015,
      "a": [
        8.03562420484923e-64,
        -1.833831520899861e-64
      ],
      "amp_abs": 8.242220235385894e-64
    },
    {
      "i": 6,
      "z": [
        -0.5417385147948279,
        -0.8404127158406198
      ],
      "q": [
        -0.4625902570140176,
        -8779.256499849122
      ],
      "omega_qnm": [
        8779.256499849122,
        -0.4625902570140176
      ],
      "freq_hz": 1397.2620686226392,
      "damping_1_over_s": 0.4625902570140176,
      "a": [
        4.353124338446758e-64,
        2.1602416621603542e-64
      ],
      "amp_abs": 4.8596641391057936e-64
    },
    {
      "i": 7,
      "z": [
        0.5165402372137735,
        -0.8560309096923976
      ],
      "q": [
        -0.8137603501794383,
        -4210.159601289161
      ],
      "omega_qnm": [
        4210.159601289161,
        -0.8137603501794383
      ],
      "freq_hz": 670.0677117509732,
      "damping_1_over_s": 0.8137603501794383,
      "a": [
        1.796739459392987e-64,
        7.626127845813338e-65
      ],
      "amp_abs": 1.9518839474074014e-64
    },
    {
      "i": 8,
      "z": [
        -0.02608132941212632,
        -0.9994257548971336
      ],
      "q": [
        -0.9585340729723792,
        -6540.848006309677
      ],
      "omega_qnm": [
        6540.848006309677,
        -0.9585340729723792
      ],
      "freq_hz": 1041.0082922169538,
      "damping_1_over_s": 0.9585340729723792,
      "a": [
        4.73294704827715e-64,
        1.3471836739296714e-64
      ],
      "amp_abs": 4.920944179026829e-64
    },
    {
      "i": 9,
      "z": [
        -0.8300579809554445,
        -0.557159533871675
      ],
      "q": [
        -1.1820412883431326,
        -10446.59284377715
      ],
      "omega_qnm": [
        10446.59284377715,
        -1.1820412883431326
      ],
      "freq_hz": 1662.6268895555536,
      "damping_1_over_s": 1.1820412883431326,
      "a": [
        6.249270522678168e-64,
        -2.4213697751687487e-64
      ],
      "amp_abs": 6.701970878309977e-64
    },
    {
      "i": 10,
      "z": [
        0.3360667801391623,
        -0.9415222674091506
      ],
      "q": [
        -1.2187981951263283,
        -5029.693338076036
      ],
      "omega_qnm": [
        5029.693338076036,
        -1.2187981951263283
      ],
      "freq_hz": 800.5005569911766,
      "damping_1_over_s": 1.2187981951263283,
      "a": [
        3.2373951283199814e-64,
        5.133541312551391e-65
      ],
      "amp_abs": 3.277843754809962e-64
    },
    {
      "i": 11,
      "z": [
        -0.0411282747390644,
        -0.9988106803513072
      ],
      "q": [
        -1.4047744531243318,
        -6602.548531943728
      ],
      "omega_qnm": [
        6602.548531943728,
        -1.4047744531243318
      ],
      "freq_hz": 1050.8282358629813,