{
  "created_at": "2026-04-08T15:12:27+00:00",
  "script": "01_extract_ringdown_poles.py",
  "script_version": "01_extract_ringdown_poles.py/v1.1",
  "event": "GW170818",
  "ifo": "H1",
  "fs_hz": 4096.0,
  "dt": 0.000244140625,
  "t0_rel": 0.35068368911743164,
  "duration_s": 0.25,
  "preprocess": {
    "detrend": "mean",
    "hp_hz": null,
    "lp_hz": null
  },
  "window": {
    "t0_rel": 0.35068368911743164,
    "duration_s": 0.25,
    "i0": 66973,
    "i1": 67998,
    "n_samples": 1025,
    "t_rel_start": 0.35068368911743164,
    "t_rel_end": 0.6006836891174316
  },
  "fit": {
    "method": "esprit_matrix_pencil",
    "L": 512,
    "rank_used": 16,
    "residual_rms": 0.9656947140986223,
    "relative_rms": 0.9438130577260435,
    "singular_values": [
      63.148087528920094,
      63.03612921621523,
      60.25527072809812,
      60.06725434569826,
      58.5331654739382,
      58.40811840275644,
      57.05396682245549,
      56.97640542087304,
      53.34023680048331,
      53.17384369771376,
      48.38084863299334,
      48.15480133978902,
      48.134750168343736,
      47.73679672357252,
      47.64635660831056,
      47.5027427340756,
      44.47116207675596,
      44.22878311671953,
      42.57581829792721,
      42.51191995803656,
      42.44139678234147,
      42.370910092514265,
      42.28136541860594,
      42.21384045110984,
      41.50115482648664,
      41.41932183533482,
      41.17178738682466,
      41.08085290373344,
      40.991957640423514,
      40.94336248040769,
      40.708330724718856,
      40.64510494330888,
      40.400089595267275,
      40.368859560476324,
      40.22356950896317,
      40.07334428738068,
      39.69236163116155,
      39.495723505967256,
      39.35722138581791,
      39.164969157943425,
      38.927424769882535,
      38.83412531061385,
      38.77640790929781,
      38.72885496935051,
      38.34254521884923,
      38.30297592837291,
      38.14468112793031,
      38.07628439184355,
      37.854813843401736,
      37.79583832817732,
      37.733056231202596,
      37.71244365385125,
      37.24487622113816,
      37.13454384370245,
      36.83398988470498,
      36.69026017129326,
      35.60433783724075,
      35.55534011752022,
      35.487494435908665,
      35.26374152200202,
      35.22710611654521,
      35.17348821491842,
      35.17047720271957,
      35.01610965085943
    ],
    "singular_values_truncated": true
  },
  "poles": [
    {
      "i": 0,
      "z": [
        -0.8976245995899199,
        -0.4407223441142882
      ],
      "q": [
        -0.0694152885130501,
        -10998.501813039591
      ],
      "omega_qnm": [
        10998.501813039591,
        -0.0694152885130501
      ],
      "freq_hz": 1750.465930150424,
      "damping_1_over_s": 0.0694152885130501,
      "a": [
        -2.0025536671644894e-06,
        1.9868159594496425e-06
      ],
      "amp_abs": 2.8209322655104195e-06
    },
    {
      "i": 1,
      "z": [
        0.9927095135765416,
        -0.11990262847514063
      ],
      "q": [
        -0.3096427897430259,
        -492.3430221223379
      ],
      "omega_qnm": [
        492.3430221223379,
        -0.3096427897430259
      ],
      "freq_hz": 78.35882566757246,
      "damping_1_over_s": 0.3096427897430259,
      "a": [
        1.9401585537228537e-07,
        -4.279529109264276e-07
      ],
      "amp_abs": 4.698785439943416e-07
    },
    {
      "i": 2,
      "z": [
        0.010471391180967411,
        -0.9998261223868167
      ],
      "q": [
        -0.4876355666318645,
        -6391.085045599276
      ],
      "omega_qnm": [
        6391.085045599276,
        -0.4876355666318645
      ],
      "freq_hz": 1017.1727767278161,
      "damping_1_over_s": 0.4876355666318645,
      "a": [
        4.342257851035247e-06,
        8.320987094295341e-06
      ],
      "amp_abs": 9.385841969067393e-06
    },
    {
      "i": 3,
      "z": [
        -0.6648865024392008,
        -0.7466779726789616
      ],
      "q": [
        -0.8151514950133464,
        -9413.899737235177
      ],
      "omega_qnm": [
        9413.899737235177,
        -0.8151514950133464
      ],
      "freq_hz": 1498.268676952473,
      "damping_1_over_s": 0.8151514950133464,
      "a": [
        3.5526529410868054e-06,
        -2.871078108989381e-06
      ],
      "amp_abs": 4.567760110571785e-06
    },
    {
      "i": 4,
      "z": [
        -0.3043458548650759,
        -0.9523357548893313
      ],
      "q": [
        -0.8812608572160944,
        -7700.958036615161
      ],
      "omega_qnm": [
        7700.958036615161,
        -0.8812608572160944
      ],
      "freq_hz": 1225.6455380705602,
      "damping_1_over_s": 0.8812608572160944,
      "a": [
        3.147712846702949e-06,
        -1.435621888895904e-05
      ],
      "amp_abs": 1.4697248618466079e-05
    },
    {
      "i": 5,
      "z": [
        -0.44683081435793537,
        -0.8943695469011543
      ],
      "q": [
        -0.9122531491490004,
        -8331.785316905562
      ],
      "omega_qnm": [
        8331.785316905562,
        -0.9122531491490004
      ],
      "freq_hz": 1326.0448179659938,
      "damping_1_over_s": 0.9122531491490004,
      "a": [
        -3.934672300599853e-06,
        6.686445480075884e-06
      ],
      "amp_abs": 7.758234288234337e-06
    },
    {
      "i": 6,
      "z": [
        0.6744935380029371,
        -0.7379645986916092
      ],
      "q": [
        -0.9560621405882284,
        -3400.9274336326266
      ],
      "omega_qnm": [
        3400.9274336326266,
        -0.9560621405882284
      ],
      "freq_hz": 541.2744121594664,
      "damping_1_over_s": 0.9560621405882284,
      "a": [
        1.8565404643564306e-06,
        -1.788996138965686e-06
      ],
      "amp_abs": 2.5782260725209734e-06
    },
    {
      "i": 7,
      "z": [
        0.9989809893589197,
        -0.03896104125709204
      ],
      "q": [
        -1.0632292377095918,
        -159.66628784474014
      ],
      "omega_qnm": [
        159.66628784474014,
        -1.0632292377095918
      ],
      "freq_hz": 25.4116789556238,
      "damping_1_over_s": 1.0632292377095918,
      "a": [
        1.2842336685115065e-07,
        -3.055497030860409e-07
      ],
      "amp_abs": 3.3144106898414526e-07
    },
    {
      "i": 8,
      "z": [
        0.9561906385784043,
        -0.2918539090776898
      ],
      "q": [
        -1.0667911021985066,
        -1213.4156156408237
      ],
      "omega_qnm": [
        1213.4156156408237,
        -1.0667911021985066
      ],
      "freq_hz": 193.12109325413246,
      "damping_1_over_s": 1.0667911021985066,
      "a": [
        -2.3017371567833314e-06,
        -8.751491185813756e-06
      ],
      "amp_abs": 9.049121057555416e-06
    },
    {
      "i": 9,
      "z": [
        -0.6029901508954999,
        -0.7973945494402519
      ],
      "q": [
        -1.157058583563387,
        -9085.968197466118
      ],
      "omega_qnm": [
        9085.968197466118,
        -1.157058583563387
      ],
      "freq_hz": 1446.0767514024908,
      "damping_1_over_s": 1.157058583563387,
      "a": [
        5.710160083190278e-05,
        2.460038561466491e-05
      ],
      "amp_abs": 6.217533104018163e-05
    },
    {
      "i": 10,
      "z": [
        0.9885725998829435,
        -0.1487417921004172
      ],
      "q": [
        -1.2293615041139776,
        -611.7004949183292
      ],
      "omega_qnm": [
        611.7004949183292,
        -1.2293615041139776
      ],
      "freq_hz": 97.35515745801091,
      "damping_1_over_s": 1.2293615041139776,
      "a": [
        -5.919631133807951e-07,
        -2.439498626012218e-08
      ],
      "amp_abs": 5.924655626769506e-07
    },
    {
      "i": 11,
      "z": [
        0.9788193859957821,
        -0.20310322153995217
      ],
      "q": [
        -1.3555917067073386,
        -838.0203970109386
      ],
      "omega_qnm": [
        838.0203970109386,
        -1.3555917067073386
      ],
      "freq_hz": 133.37508859612348,