i,omega_re,omega_im,freq_hz,damping_1_over_s,amp_abs,a_re,a_im,z_re,z_im,q_re,q_im
0,1.553582984804326770e+03,-1.642536564578241354e+01,2.472604115350695224e+02,1.642536564578241354e+01,2.733949766464973674e-01,2.194167367379305789e-02,-2.725130753045285070e-01,9.252091183302348920e-01,-3.687817312024965211e-01,-1.642536564578241354e+01,-1.553582984804326770e+03
