{
  "created_at": "2026-04-08T15:12:27+00:00",
  "script": "01_extract_ringdown_poles.py",
  "script_version": "01_extract_ringdown_poles.py/v1.1",
  "event": "GW170818",
  "ifo": "H1+L1",
  "fs_hz": 4096.0,
  "dt": 0.000244140625,
  "t0_rel": 0.35068368911743164,
  "duration_s": 0.25,
  "preprocess": {
    "detrend": "mean",
    "hp_hz": null,
    "lp_hz": null
  },
  "window": {
    "t0_rel": 0.35068368911743164,
    "duration_s": 0.25,
    "i0": 66973,
    "i1": 67998,
    "n_samples": 1025,
    "t_rel_start": 0.35068368911743164,
    "t_rel_end": 0.6006836891174316
  },
  "fit": {
    "method": "esprit_matrix_pencil",
    "L": 512,
    "rank_used": 16,
    "residual_rms": NaN,
    "relative_rms": NaN,
    "singular_values": [],
    "singular_values_truncated": false
  },
  "poles": [
    {
      "i": 0,
      "z": [
        -0.6979001021462388,
        -0.7161760314817003
      ],
      "q": [
        -0.055991765235984085,
        -9598.037689246547
      ],
      "omega_qnm": [
        9598.037689246547,
        -0.055991765235984085
      ],
      "freq_hz": 1527.575142225901,
      "damping_1_over_s": 0.055991765235984085,
      "a": [
        6.255205252519267e-64,
        -4.183984537975411e-65
      ],
      "amp_abs": 6.269182563722707e-64
    },
    {
      "i": 1,
      "z": [
        -0.8976245995899199,
        -0.4407223441142882
      ],
      "q": [
        -0.0694152885130501,
        -10998.501813039591
      ],
      "omega_qnm": [
        10998.501813039591,
        -0.0694152885130501
      ],
      "freq_hz": 1750.465930150424,
      "damping_1_over_s": 0.0694152885130501,
      "a": [
        -2.0025536671644894e-06,
        1.9868159594496425e-06
      ],
      "amp_abs": 2.8209322655104195e-06
    },
    {
      "i": 2,
      "z": [
        -0.13373725671771186,
        -0.9909952896457913
      ],
      "q": [
        -0.08741473562684478,
        -6983.427562916829
      ],
      "omega_qnm": [
        6983.427562916829,
        -0.08741473562684478
      ],
      "freq_hz": 1111.4470163624012,
      "damping_1_over_s": 0.08741473562684478,
      "a": [
        2.922854446741688e-64,
        1.2166196174254742e-65
      ],
      "amp_abs": 2.9253854019210366e-64
    },
    {
      "i": 3,
      "z": [
        0.9927095135765416,
        -0.11990262847514063
      ],
      "q": [
        -0.3096427897430259,
        -492.3430221223379
      ],
      "omega_qnm": [
        492.3430221223379,
        -0.3096427897430259
      ],
      "freq_hz": 78.35882566757246,
      "damping_1_over_s": 0.3096427897430259,
      "a": [
        1.9401585537228537e-07,
        -4.279529109264276e-07
      ],
      "amp_abs": 4.698785439943416e-07
    },
    {
      "i": 4,
      "z": [
        -0.7610273159439735,
        -0.6485793826411126
      ],
      "q": [
        -0.3731976233468818,
        -9977.030561907679
      ],
      "omega_qnm": [
        9977.030561907679,
        -0.3731976233468818
      ],
      "freq_hz": 1587.8937313065173,
      "damping_1_over_s": 0.3731976233468818,
      "a": [
        3.9406606144903165e-64,
        -5.994077139510873e-65
      ],
      "amp_abs": 3.985987416706087e-64
    },
    {
      "i": 5,
      "z": [
        -0.24577782159863099,
        -0.9692265558469815
      ],
      "q": [
        -0.3956009088853644,
        -7451.209168284763
      ],
      "omega_qnm": [
        7451.209168284763,
        -0.3956009088853644
      ],
      "freq_hz": 1185.8967711441703,
      "damping_1_over_s": 0.3956009088853644,
      "a": [
        3.869443856397118e-64,
        3.204754114193932e-65
      ],
      "amp_abs": 3.882692396666755e-64
    },
    {
      "i": 6,
      "z": [
        0.861392020567149,
        -0.5077401019233483
      ],
      "q": [
        -0.4173753696705707,
        -2181.610019214556
      ],
      "omega_qnm": [
        2181.610019214556,
        -0.4173753696705707
      ],
      "freq_hz": 347.21401845680134,
      "damping_1_over_s": 0.4173753696705707,
      "a": [
        1.0504471818746777e-64,
        1.7151369240778636e-64
      ],
      "amp_abs": 2.01125183660419e-64
    },
    {
      "i": 7,
      "z": [
        -0.8713889091790741,
        -0.49036640667842274
      ],
      "q": [
        -0.45502636304460015,
        -10768.465983313818
      ],
      "omega_qnm": [
        10768.465983313818,
        -0.45502636304460015
      ],
      "freq_hz": 1713.8545907613216,
      "damping_1_over_s": 0.45502636304460015,
      "a": [
        8.03562420484923e-64,
        -1.833831520899861e-64
      ],
      "amp_abs": 8.242220235385894e-64
    },
    {
      "i": 8,
      "z": [
        -0.5417385147948279,
        -0.8404127158406198
      ],
      "q": [
        -0.4625902570140176,
        -8779.256499849122
      ],
      "omega_qnm": [
        8779.256499849122,
        -0.4625902570140176
      ],
      "freq_hz": 1397.2620686226392,
      "damping_1_over_s": 0.4625902570140176,
      "a": [
        4.353124338446758e-64,
        2.1602416621603542e-64
      ],
      "amp_abs": 4.8596641391057936e-64
    },
    {
      "i": 9,
      "z": [
        0.010471391180967411,
        -0.9998261223868167
      ],
      "q": [
        -0.4876355666318645,
        -6391.085045599276
      ],
      "omega_qnm": [
        6391.085045599276,
        -0.4876355666318645
      ],
      "freq_hz": 1017.1727767278161,
      "damping_1_over_s": 0.4876355666318645,
      "a": [
        4.342257851035247e-06,
        8.320987094295341e-06
      ],
      "amp_abs": 9.385841969067393e-06
    },
    {
      "i": 10,
      "z": [
        0.5165402372137735,
        -0.8560309096923976
      ],
      "q": [
        -0.8137603501794383,
        -4210.159601289161
      ],
      "omega_qnm": [
        4210.159601289161,
        -0.8137603501794383
      ],
      "freq_hz": 670.0677117509732,
      "damping_1_over_s": 0.8137603501794383,
      "a": [
        1.796739459392987e-64,
        7.626127845813338e-65
      ],
      "amp_abs": 1.9518839474074014e-64
    },
    {
      "i": 11,
      "z": [
        -0.6648865024392008,
        -0.7466779726789616
      ],
      "q": [
        -0.8151514950133464,
        -9413.899737235177
      ],
      "omega_qnm": [
        9413.899737235177,
        -0.8151514950133464
      ],
      "freq_hz": 1498.268676952473,
      "damping_1_over_s": 0.8151514950133464,
      "a": [
        3.5526529410868054e-06,
        -2.871078108989381e-06
      ],
      "amp_abs": 4.567760110571785e-06
    },
    {
      "i": 12,
      "z": [
        -0.3043458548650759,
        -0.9523357548893313
      ],
      "q": [
        -0.8812608572160944,
        -7700.958036615161
      ],
      "omega_qnm": [
        7700.958036615161,
        -0.8812608572160944
      ],
      "freq_hz": 1225.6455380705602,
      "damping_1_over_s": 0.8812608572160944,
      "a": [
        3.147712846702949e-06,
        -1.435621888895904e-05
      ],
      "amp_abs": 1.4697248618466079e-05
    },
    {
      "i": 13,
      "z": [
        -0.44683081435793537,
        -0.8943695469011543
      ],
      "q": [
        -0.9122531491490004,
        -8331.785316905562
      ],
      "omega_qnm": [
        8331.785316905562,
        -0.9122531491490004
      ],
      "freq_hz": 1326.0448179659938,
      "damping_1_over_s": 0.9122531491490004,
      "a": [
        -3.934672300599853e-06,
        6.686445480075884e-06
      ],
      "amp_abs": 7.758234288234337e-06
    },
    {
      "i": 14,
      "z": [
        0.6744935380029371,
        -0.7379645986916092
      ],
      "q": [
        -0.9560621405882284,
        -3400.9274336326266
      ],
      "omega_qnm": [
        3400.9274336326266,
        -0.9560621405882284
      ],
      "freq_hz": 541.2744121594664,
      "damping_1_over_s": 0.9560621405882284,
      "a": [
        1.8565404643564306e-06,
        -1.788996138965686e-06
      ],
      "amp_abs": 2.5782260725209734e-06
    },
    {
      "i": 15,