{
  "created_at": "2026-04-18T06:28:00+00:00",
  "script": "01_extract_ringdown_poles.py",
  "script_version": "01_extract_ringdown_poles.py/v1.3",
  "event": "GW170818",
  "ifo": "H1+L1",
  "fs_hz": 4096.0,
  "dt": 0.000244140625,
  "t0_rel": -0.24453115463256836,
  "duration_s": 0.05,
  "preprocess": {
    "detrend": "mean",
    "hp_hz": 30.0,
    "lp_hz": null
  },
  "window": {
    "t0_rel": -0.24453115463256836,
    "duration_s": 0.05,
    "i0": 64535,
    "i1": 64740,
    "n_samples": 205,
    "t_rel_start": -0.24453115463256836,
    "t_rel_end": -0.19472646713256836
  },
  "fit": {
    "method": "esprit_matrix_pencil",
    "L": 102,
    "rank_used": 3,
    "residual_rms": 0.99676410939898,
    "relative_rms": 0.9507208345407725,
    "singular_values": [],
    "singular_values_truncated": false
  },
  "poles": [
    {
      "i": 0,
      "z": [
        0.9252091183302349,
        -0.3687817312024965
      ],
      "q": [
        -16.425365645782414,
        -1553.5829848043268
      ],
      "omega_qnm": [
        1553.5829848043268,
        -16.425365645782414
      ],
      "freq_hz": 247.26041153506952,
      "damping_1_over_s": 16.425365645782414,
      "a": [
        0.021941673673793058,
        -0.2725130753045285
      ],
      "amp_abs": 0.27339497664649737
    },
    {
      "i": 1,
      "z": [
        -0.09584908258827347,
        -0.9828733974668147
      ],
      "q": [
        -51.37376946538912,
        -6832.1615820615825
      ],
      "omega_qnm": [
        6832.1615820615825,
        -51.37376946538912
      ],
      "freq_hz": 1087.3722877876448,
      "damping_1_over_s": 51.37376946538912,
      "a": [
        0.39943689405745786,
        0.08345193380135069
      ],
      "amp_abs": 0.4080613404740197
    },
    {
      "i": 2,
      "z": [
        -0.24872469170622008,
        -0.8774379570631309
      ],
      "q": [
        -377.2615257271931,
        -7565.38188202155
      ],
      "omega_qnm": [
        7565.38188202155,
        -377.2615257271931
      ],
      "freq_hz": 1204.067922901596,
      "damping_1_over_s": 377.2615257271931,
      "a": [
        0.3905417052562048,
        0.1826370412678286
      ],
      "amp_abs": 0.4311369995575546
    }
  ]
}
