{
  "created_at": "2026-04-18T06:28:00+00:00",
  "script": "01_extract_ringdown_poles.py",
  "script_version": "01_extract_ringdown_poles.py/v1.3",
  "event": "GW170818",
  "ifo": "L1",
  "fs_hz": 4096.0,
  "dt": 0.000244140625,
  "t0_rel": -0.24453115463256836,
  "duration_s": 0.05,
  "preprocess": {
    "detrend": "mean",
    "hp_hz": 30.0,
    "lp_hz": null
  },
  "window": {
    "t0_rel": -0.24453115463256836,
    "duration_s": 0.05,
    "i0": 64535,
    "i1": 64740,
    "n_samples": 205,
    "t_rel_start": -0.24453115463256836,
    "t_rel_end": -0.19472646713256836
  },
  "fit": {
    "method": "esprit_matrix_pencil",
    "L": 102,
    "rank_used": 2,
    "residual_rms": 0.8830704609190271,
    "relative_rms": 0.9460421043332944,
    "singular_values": [
      22.677799872684147,
      22.390230591809214,
      17.35779913063104,
      17.19021369734195,
      17.02801938690278,
      16.877922698669092,
      16.0009922897532,
      15.99190035490454,
      15.903341990697276,
      15.8280260160542,
      15.027675053580225,
      14.737231180825331,
      14.680365067841706,
      14.449372612262245,
      14.061390642551169,
      13.94064156682801,
      13.129053820864186,
      12.88941300365746,
      12.830677241207834,
      12.74376019766829,
      12.271612629495237,
      12.11062150553506,
      12.061684308585216,
      12.038156165819483,
      11.738216452376303,
      11.706881502528834,
      11.644904215965934,
      11.5939957740483,
      11.294075731348451,
      11.174159194361494,
      10.415008395973967,
      10.311579268468376,
      10.220608059782702,
      10.208433732342725,
      9.855952531533335,
      9.842037118116137,
      9.762539718199276,
      9.609022543685164,
      9.526780006317223,
      9.450451137235087,
      9.28373361332279,
      9.031205451715959,
      8.983904860300145,
      8.809758088183896,
      8.732662920595864,
      8.68963949628279,
      8.516151807003208,
      8.414661718846194,
      7.965233647799861,
      7.913153706196387,
      7.850290892821458,
      7.731702500019263,
      7.6065007558788365,
      7.520205409214992,
      7.274049662248769,
      7.068940411943807,
      7.001855678870808,
      6.943078756288442,
      6.574440384780064,
      6.482231734302443,
      6.3145167871435905,
      6.183748317426191,
      6.15691329128268,
      6.047149412744814
    ],
    "singular_values_truncated": true
  },
  "poles": [
    {
      "i": 0,
      "z": [
        -0.09584908258827347,
        -0.9828733974668147
      ],
      "q": [
        -51.37376946538912,
        -6832.1615820615825
      ],
      "omega_qnm": [
        6832.1615820615825,
        -51.37376946538912
      ],
      "freq_hz": 1087.3722877876448,
      "damping_1_over_s": 51.37376946538912,
      "a": [
        0.39943689405745786,
        0.08345193380135069
      ],
      "amp_abs": 0.4080613404740197
    },
    {
      "i": 1,
      "z": [
        -0.24872469170622008,
        -0.8774379570631309
      ],
      "q": [
        -377.2615257271931,
        -7565.38188202155
      ],
      "omega_qnm": [
        7565.38188202155,
        -377.2615257271931
      ],
      "freq_hz": 1204.067922901596,
      "damping_1_over_s": 377.2615257271931,
      "a": [
        0.3905417052562048,
        0.1826370412678286
      ],
      "amp_abs": 0.4311369995575546
    }
  ]
}
