i,omega_re,omega_im,freq_hz,damping_1_over_s,amp_abs,a_re,a_im,z_re,z_im,q_re,q_im
0,6.832161582061582521e+03,-5.137376946538911682e+01,1.087372287787644836e+03,5.137376946538911682e+01,4.080613404740197070e-01,3.994368940574578586e-01,8.345193380135068617e-02,-9.584908258827347372e-02,-9.828733974668146800e-01,-5.137376946538911682e+01,-6.832161582061582521e+03
1,7.565381882021550155e+03,-3.772615257271930886e+02,1.204067922901595921e+03,3.772615257271930886e+02,4.311369995575545788e-01,3.905417052562047964e-01,1.826370412678285926e-01,-2.487246917062200802e-01,-8.774379570631308800e-01,-3.772615257271930886e+02,-7.565381882021550155e+03
